UsageDate,SubscriptionId,SubscriptionName,ResourceGroup,ResourceId,ResourceName,ServiceName,MeterCategory,MeterName,ResourceLocation,ChargeType,Quantity,UnitOfMeasure,PreTaxCost,Currency
2026-06-15,00000000-0000-0000-0000-000000000004,sub-data-prod,rg-shared-test-003,/subscriptions/00000000-0000-0000-0000-000000000004/resourceGroups/rg-shared-test-003/providers/Microsoft.Network/bandwidth/res01995,res01995,Bandwidth,Networking,Inter-Region,germanywestcentral,Usage,130.4368,1 Hour,34.2837,USD
2026-06-15,00000000-0000-0000-0000-000000000005,sub-data-dev,rg-network-dev-001,/subscriptions/00000000-0000-0000-0000-000000000005/resourceGroups/rg-network-dev-001/providers/Microsoft.Web/sites/res01428,res01428,Azure Functions,Compute,Execution Time,germanywestcentral,Usage,98.0418,1 Unit,3.152,USD
2026-06-15,00000000-0000-0000-0000-000000000002,sub-platform-dev,rg-shared-corp-001,/subscriptions/00000000-0000-0000-0000-000000000002/resourceGroups/rg-shared-corp-001/providers/Microsoft.Security/pricings/res00543,res00543,Microsoft Defender for Cloud,Security,Defender for SQL,northeurope,Usage,233.8988,1 Hour,48.6583,USD
2026-06-15,00000000-0000-0000-0000-000000000008,sub-apps-online,rg-backup-dev-002,/subscriptions/00000000-0000-0000-0000-000000000008/resourceGroups/rg-backup-dev-002/providers/Microsoft.ServiceBus/namespaces/res00017,res00017,Service Bus,Integration,Operations,francecentral,Usage,143.5929,1 Unit,4.5428,USD
2026-06-15,00000000-0000-0000-0000-000000000001,sub-platform-prod,rg-backup-dev-002,/subscriptions/00000000-0000-0000-0000-000000000001/resourceGroups/rg-backup-dev-002/providers/Microsoft.Network/azureFirewalls/res01703,res01703,Azure Firewall,Networking,Deployment Hours,uksouth,Usage,96.6708,1M Operations,53.931,USD
2026-06-15,00000000-0000-0000-0000-000000000006,sub-network-hub,rg-monitoring-corp-001,/subscriptions/00000000-0000-0000-0000-000000000006/resourceGroups/rg-monitoring-corp-001/providers/Microsoft.Network/azureFirewalls/res00177,res00177,Azure Firewall,Networking,Deployment Hours,westeurope,Usage,10.236,1 Unit,36.747,USD
2026-06-15,00000000-0000-0000-0000-000000000011,sub-management,rg-identity-hub-002,/subscriptions/00000000-0000-0000-0000-000000000011/resourceGroups/rg-identity-hub-002/providers/Microsoft.Databricks/workspaces/res01230,res01230,Azure Databricks,Analytics,Premium DBU,northeurope,Usage,25.1867,10 GB,115.5949,USD
2026-06-15,00000000-0000-0000-0000-000000000003,sub-platform-test,rg-security-dev-002,/subscriptions/00000000-0000-0000-0000-000000000003/resourceGroups/rg-security-dev-002/providers/Microsoft.ServiceBus/namespaces/res01725,res01725,Service Bus,Integration,Premium Messaging Unit,northeurope,Usage,166.1819,1 GB,3.7734,USD
2026-06-15,00000000-0000-0000-0000-000000000006,sub-network-hub,rg-compute-prod-003,/subscriptions/00000000-0000-0000-0000-000000000006/resourceGroups/rg-compute-prod-003/providers/Microsoft.Network/applicationGateways/res01821,res01821,Application Gateway,Networking,Capacity Unit,swedencentral,Usage,124.2161,100 Hours,11.2131,USD
2026-06-15,00000000-0000-0000-0000-000000000007,sub-network-spoke,rg-data-dev-002,/subscriptions/00000000-0000-0000-0000-000000000007/resourceGroups/rg-data-dev-002/providers/Microsoft.Network/bandwidth/res00712,res00712,Bandwidth,Networking,Data Transfer Out - Zone 1,westeurope,Usage,63.486,1 GB/Month,2.7159,USD
2026-06-15,00000000-0000-0000-0000-000000000012,sub-sandbox,rg-backup-corp-001,/subscriptions/00000000-0000-0000-0000-000000000012/resourceGroups/rg-backup-corp-001/providers/Microsoft.Security/pricings/res01086,res01086,Microsoft Defender for Cloud,Security,Defender for Storage,uksouth,Usage,5.2308,100 Hours,11.6328,USD
2026-06-15,00000000-0000-0000-0000-000000000005,sub-data-dev,rg-backup-corp-001,/subscriptions/00000000-0000-0000-0000-000000000005/resourceGroups/rg-backup-corp-001/providers/Microsoft.RecoveryServices/vaults/res01243,res01243,Azure Backup,Storage,Backup Storage LRS,uksouth,Usage,139.2817,1 Unit,22.4271,USD
2026-06-15,00000000-0000-0000-0000-000000000004,sub-data-prod,rg-compute-test-001,/subscriptions/00000000-0000-0000-0000-000000000004/resourceGroups/rg-compute-test-001/providers/Microsoft.Compute/virtualMachines/res01334,res01334,Virtual Machines,Compute,Standard_B2ms,francecentral,Usage,106.5068,100 Hours,49.1314,USD
2026-06-15,00000000-0000-0000-0000-000000000002,sub-platform-dev,rg-backup-corp-003,/subscriptions/00000000-0000-0000-0000-000000000002/resourceGroups/rg-backup-corp-003/providers/Microsoft.Network/ddosProtectionPlans/res00071,res00071,Azure DDoS Protection,Networking,Data Processed,francecentral,Usage,122.3612,1M Operations,34.5359,USD
2026-06-15,00000000-0000-0000-0000-000000000008,sub-apps-online,rg-network-prod-004,/subscriptions/00000000-0000-0000-0000-000000000008/resourceGroups/rg-network-prod-004/providers/Microsoft.ServiceBus/namespaces/res01191,res01191,Service Bus,Integration,Premium Messaging Unit,uksouth,Usage,77.3785,1 Unit,18.0015,USD
2026-06-15,00000000-0000-0000-0000-000000000007,sub-network-spoke,rg-backup-prod-003,/subscriptions/00000000-0000-0000-0000-000000000007/resourceGroups/rg-backup-prod-003/providers/Microsoft.Network/loadBalancers/res00452,res00452,Load Balancer,Networking,Data Processed,uksouth,Usage,161.5927,1M Operations,7.9553,USD
2026-06-15,00000000-0000-0000-0000-000000000003,sub-platform-test,rg-compute-test-003,/subscriptions/00000000-0000-0000-0000-000000000003/resourceGroups/rg-compute-test-003/providers/Microsoft.Network/bandwidth/res01969,res01969,Bandwidth,Networking,Data Transfer Out - Zone 1,germanywestcentral,Usage,2.2099,1 Hour,27.6703,USD
2026-06-15,00000000-0000-0000-0000-000000000010,sub-identity,rg-shared-prod-004,/subscriptions/00000000-0000-0000-0000-000000000010/resourceGroups/rg-shared-prod-004/providers/Microsoft.Security/pricings/res00054,res00054,Microsoft Defender for Cloud,Security,Defender for SQL,germanywestcentral,Usage,59.3617,1 GB/Month,28.6685,USD
2026-06-15,00000000-0000-0000-0000-000000000010,sub-identity,rg-shared-hub-003,/subscriptions/00000000-0000-0000-0000-000000000010/resourceGroups/rg-shared-hub-003/providers/Microsoft.ServiceBus/namespaces/res01561,res01561,Service Bus,Integration,Operations,northeurope,Usage,46.8247,1 GB/Month,9.5717,USD
2026-06-15,00000000-0000-0000-0000-000000000006,sub-network-hub,rg-data-hub-002,/subscriptions/00000000-0000-0000-0000-000000000006/resourceGroups/rg-data-hub-002/providers/Microsoft.DocumentDB/databaseAccounts/res01247,res01247,Azure Cosmos DB,Databases,Serverless,global,Usage,128.3648,1 Hour,59.4517,USD
2026-06-15,00000000-0000-0000-0000-000000000011,sub-management,rg-shared-prod-001,/subscriptions/00000000-0000-0000-0000-000000000011/resourceGroups/rg-shared-prod-001/providers/Microsoft.ServiceBus/namespaces/res00052,res00052,Service Bus,Integration,Operations,northeurope,Usage,37.0988,1M Operations,6.8372,USD
2026-06-15,00000000-0000-0000-0000-000000000005,sub-data-dev,rg-data-hub-001,/subscriptions/00000000-0000-0000-0000-000000000005/resourceGroups/rg-data-hub-001/providers/Microsoft.OperationalInsights/workspaces/res00295,res00295,Log Analytics,Management and Governance,Data Ingestion,uksouth,Usage,198.3685,10 GB,56.1715,USD
2026-06-15,00000000-0000-0000-0000-000000000007,sub-network-spoke,rg-backup-test-004,/subscriptions/00000000-0000-0000-0000-000000000007/resourceGroups/rg-backup-test-004/providers/Microsoft.Web/sites/res00623,res00623,Azure Functions,Compute,Total Executions,germanywestcentral,Usage,14.6611,1 GB/Month,6.0204,USD
2026-06-15,00000000-0000-0000-0000-000000000001,sub-platform-prod,rg-compute-corp-001,/subscriptions/00000000-0000-0000-0000-000000000001/resourceGroups/rg-compute-corp-001/providers/Microsoft.Network/virtualNetworks/res00750,res00750,Virtual Network,Networking,VNet Peering,germanywestcentral,Usage,97.2059,10 GB,2.5554,USD
2026-06-15,00000000-0000-0000-0000-000000000001,sub-platform-prod,rg-app-dev-002,/subscriptions/00000000-0000-0000-0000-000000000001/resourceGroups/rg-app-dev-002/providers/Microsoft.ContainerRegistry/registries/res00186,res00186,Container Registry,Containers,Build Minutes,westeurope,Usage,70.6508,100 Hours,1.6483,USD
2026-06-15,00000000-0000-0000-0000-000000000007,sub-network-spoke,rg-app-test-004,/subscriptions/00000000-0000-0000-0000-000000000007/resourceGroups/rg-app-test-004/providers/Microsoft.ContainerService/managedClusters/res01809,res01809,Azure Kubernetes Service,Compute,Load Balancer,northeurope,Usage,93.8832,1M Operations,77.2363,USD
2026-06-15,00000000-0000-0000-0000-000000000008,sub-apps-online,rg-identity-test-001,/subscriptions/00000000-0000-0000-0000-000000000008/resourceGroups/rg-identity-test-001/providers/Microsoft.KeyVault/vaults/res01756,res01756,Key Vault,Security,Operations,northeurope,Usage,205.5996,10 GB,1.9118,USD
2026-06-15,00000000-0000-0000-0000-000000000005,sub-data-dev,rg-identity-dev-001,/subscriptions/00000000-0000-0000-0000-000000000005/resourceGroups/rg-identity-dev-001/providers/Microsoft.EventHub/namespaces/res00577,res00577,Event Hubs,Analytics,Capture,uksouth,Usage,18.8784,10 GB,20.21,USD
2026-06-15,00000000-0000-0000-0000-000000000009,sub-apps-corp,rg-shared-dev-003,/subscriptions/00000000-0000-0000-0000-000000000009/resourceGroups/rg-shared-dev-003/providers/Microsoft.Databricks/workspaces/res00648,res00648,Azure Databricks,Analytics,Jobs Compute DBU,northeurope,Usage,41.0167,1 Hour,43.4816,USD
2026-06-15,00000000-0000-0000-0000-000000000002,sub-platform-dev,rg-backup-corp-001,/subscriptions/00000000-0000-0000-0000-000000000002/resourceGroups/rg-backup-corp-001/providers/Microsoft.ContainerService/managedClusters/res00001,res00001,Azure Kubernetes Service,Compute,Standard Tier,francecentral,Usage,101.0055,1M Operations,50.8543,USD
2026-06-15,00000000-0000-0000-0000-000000000006,sub-network-hub,rg-app-corp-004,/subscriptions/00000000-0000-0000-0000-000000000006/resourceGroups/rg-app-corp-004/providers/Microsoft.Storage/storageAccounts/res01467,res01467,Storage,Storage,Cool LRS,swedencentral,Usage,68.4651,10 GB,50.572,USD
2026-06-15,00000000-0000-0000-0000-000000000001,sub-platform-prod,rg-shared-corp-004,/subscriptions/00000000-0000-0000-0000-000000000001/resourceGroups/rg-shared-corp-004/providers/Microsoft.EventHub/namespaces/res00970,res00970,Event Hubs,Analytics,Capture,swedencentral,Usage,119.0165,1 GB/Month,21.6812,USD
2026-06-15,00000000-0000-0000-0000-000000000002,sub-platform-dev,rg-app-corp-004,/subscriptions/00000000-0000-0000-0000-000000000002/resourceGroups/rg-app-corp-004/providers/Microsoft.Network/applicationGateways/res01961,res01961,Application Gateway,Networking,WAF v2 Fixed,global,Usage,100.0079,1M Operations,42.5887,USD
2026-06-15,00000000-0000-0000-0000-000000000003,sub-platform-test,rg-backup-prod-001,/subscriptions/00000000-0000-0000-0000-000000000003/resourceGroups/rg-backup-prod-001/providers/Microsoft.Network/loadBalancers/res00517,res00517,Load Balancer,Networking,Data Processed,francecentral,Usage,65.5852,1 Hour,18.6516,USD
2026-06-15,00000000-0000-0000-0000-000000000010,sub-identity,rg-monitoring-prod-002,/subscriptions/00000000-0000-0000-0000-000000000010/resourceGroups/rg-monitoring-prod-002/providers/Microsoft.Network/applicationGateways/res01643,res01643,Application Gateway,Networking,Capacity Unit,global,Usage,207.4294,1 Hour,7.9128,USD
2026-06-15,00000000-0000-0000-0000-000000000004,sub-data-prod,rg-monitoring-test-004,/subscriptions/00000000-0000-0000-0000-000000000004/resourceGroups/rg-monitoring-test-004/providers/Microsoft.DocumentDB/databaseAccounts/res00294,res00294,Azure Cosmos DB,Databases,Storage,swedencentral,Usage,45.4691,1 GB,66.7271,USD
2026-06-15,00000000-0000-0000-0000-000000000003,sub-platform-test,rg-backup-prod-004,/subscriptions/00000000-0000-0000-0000-000000000003/resourceGroups/rg-backup-prod-004/providers/Microsoft.KeyVault/vaults/res01827,res01827,Key Vault,Security,HSM Protected Keys,global,Usage,65.8614,10 GB,6.6694,USD
2026-06-15,00000000-0000-0000-0000-000000000010,sub-identity,rg-monitoring-hub-002,/subscriptions/00000000-0000-0000-0000-000000000010/resourceGroups/rg-monitoring-hub-002/providers/Microsoft.ServiceBus/namespaces/res00721,res00721,Service Bus,Integration,Operations,northeurope,Usage,1.0899,10 GB,4.1952,USD
2026-06-15,00000000-0000-0000-0000-000000000007,sub-network-spoke,rg-security-dev-002,/subscriptions/00000000-0000-0000-0000-000000000007/resourceGroups/rg-security-dev-002/providers/Microsoft.KeyVault/vaults/res00122,res00122,Key Vault,Security,HSM Protected Keys,germanywestcentral,Usage,235.6427,1 Hour,4.3855,USD
2026-06-15,00000000-0000-0000-0000-000000000005,sub-data-dev,rg-compute-hub-003,/subscriptions/00000000-0000-0000-0000-000000000005/resourceGroups/rg-compute-hub-003/providers/Microsoft.KeyVault/vaults/res01399,res01399,Key Vault,Security,HSM Protected Keys,global,Usage,235.3948,1 GB/Month,1.6325,USD
2026-06-15,00000000-0000-0000-0000-000000000001,sub-platform-prod,rg-network-corp-003,/subscriptions/00000000-0000-0000-0000-000000000001/resourceGroups/rg-network-corp-003/providers/Microsoft.Network/virtualNetworks/res01546,res01546,Virtual Network,Networking,Data Transfer Out,westeurope,Usage,170.5042,1 Hour,13.8788,USD
2026-06-15,00000000-0000-0000-0000-000000000003,sub-platform-test,rg-shared-test-001,/subscriptions/00000000-0000-0000-0000-000000000003/resourceGroups/rg-shared-test-001/providers/Microsoft.Network/ddosProtectionPlans/res01280,res01280,Azure DDoS Protection,Networking,Protection Plan,francecentral,Usage,14.7176,100 Hours,38.2204,USD
2026-06-15,00000000-0000-0000-0000-000000000008,sub-apps-online,rg-shared-dev-002,/subscriptions/00000000-0000-0000-0000-000000000008/resourceGroups/rg-shared-dev-002/providers/Microsoft.Sql/managedInstances/res01657,res01657,Azure SQL Managed Instance,Databases,vCore BC,uksouth,Usage,3.9943,1 GB,194.0303,USD
2026-06-15,00000000-0000-0000-0000-000000000002,sub-platform-dev,rg-data-hub-001,/subscriptions/00000000-0000-0000-0000-000000000002/resourceGroups/rg-data-hub-001/providers/Microsoft.EventHub/namespaces/res01340,res01340,Event Hubs,Analytics,Throughput Unit,global,Usage,182.4816,1M Operations,10.3542,USD
2026-06-15,00000000-0000-0000-0000-000000000003,sub-platform-test,rg-identity-corp-004,/subscriptions/00000000-0000-0000-0000-000000000003/resourceGroups/rg-identity-corp-004/providers/Microsoft.Databricks/workspaces/res00714,res00714,Azure Databricks,Analytics,Jobs Compute DBU,global,Usage,95.9505,1M Operations,106.4756,USD
2026-06-15,00000000-0000-0000-0000-000000000011,sub-management,rg-app-test-001,/subscriptions/00000000-0000-0000-0000-000000000011/resourceGroups/rg-app-test-001/providers/Microsoft.ContainerRegistry/registries/res01197,res01197,Container Registry,Containers,Storage,francecentral,Usage,182.1978,10 GB,24.4632,USD
2026-06-15,00000000-0000-0000-0000-000000000008,sub-apps-online,rg-network-corp-001,/subscriptions/00000000-0000-0000-0000-000000000008/resourceGroups/rg-network-corp-001/providers/Microsoft.Storage/storageAccounts/res01327,res01327,Storage,Storage,Hot LRS,westeurope,Usage,121.2496,100 Hours,46.9823,USD
2026-06-15,00000000-0000-0000-0000-000000000007,sub-network-spoke,rg-identity-hub-001,/subscriptions/00000000-0000-0000-0000-000000000007/resourceGroups/rg-identity-hub-001/providers/Microsoft.Databricks/workspaces/res00863,res00863,Azure Databricks,Analytics,Standard DBU,northeurope,Usage,108.0276,1M Operations,90.0066,USD
2026-06-15,00000000-0000-0000-0000-000000000003,sub-platform-test,rg-monitoring-dev-001,/subscriptions/00000000-0000-0000-0000-000000000003/resourceGroups/rg-monitoring-dev-001/providers/Microsoft.Security/pricings/res01832,res01832,Microsoft Defender for Cloud,Security,Defender for SQL,swedencentral,Usage,0.7507,100 Hours,49.4081,USD
2026-06-15,00000000-0000-0000-0000-000000000007,sub-network-spoke,rg-security-hub-003,/subscriptions/00000000-0000-0000-0000-000000000007/resourceGroups/rg-security-hub-003/providers/Microsoft.Sql/servers/databases/res00107,res00107,Azure SQL Database,Databases,Business Critical,germanywestcentral,Usage,141.9434,1 Unit,105.2486,USD
2026-06-15,00000000-0000-0000-0000-000000000010,sub-identity,rg-data-hub-004,/subscriptions/00000000-0000-0000-0000-000000000010/resourceGroups/rg-data-hub-004/providers/Microsoft.Sql/servers/databases/res01571,res01571,Azure SQL Database,Databases,General Purpose,francecentral,Usage,91.4841,1 Hour,90.2578,USD
2026-06-15,00000000-0000-0000-0000-000000000010,sub-identity,rg-security-hub-004,/subscriptions/00000000-0000-0000-0000-000000000010/resourceGroups/rg-security-hub-004/providers/Microsoft.Security/pricings/res01187,res01187,Microsoft Defender for Cloud,Security,Defender for Servers P2,uksouth,Usage,48.2656,1 GB,4.0298,USD
2026-06-15,00000000-0000-0000-0000-000000000011,sub-management,rg-security-hub-004,/subscriptions/00000000-0000-0000-0000-000000000011/resourceGroups/rg-security-hub-004/providers/Microsoft.RecoveryServices/vaults/res01568,res01568,Azure Backup,Storage,Protected Instances,swedencentral,Usage,209.4553,1M Operations,39.5663,USD
2026-06-15,00000000-0000-0000-0000-000000000003,sub-platform-test,rg-app-corp-003,/subscriptions/00000000-0000-0000-0000-000000000003/resourceGroups/rg-app-corp-003/providers/Microsoft.RecoveryServices/vaults/res00129,res00129,Azure Backup,Storage,Backup Storage LRS,uksouth,Usage,54.4207,1 GB,5.8887,USD
2026-06-15,00000000-0000-0000-0000-000000000006,sub-network-hub,rg-security-dev-003,/subscriptions/00000000-0000-0000-0000-000000000006/resourceGroups/rg-security-dev-003/providers/Microsoft.Web/sites/res01857,res01857,Azure Functions,Compute,Total Executions,global,Usage,202.52,1 Hour,6.9142,USD
2026-06-15,00000000-0000-0000-0000-000000000003,sub-platform-test,rg-security-test-003,/subscriptions/00000000-0000-0000-0000-000000000003/resourceGroups/rg-security-test-003/providers/Microsoft.Network/loadBalancers/res01421,res01421,Load Balancer,Networking,Standard Rules,northeurope,Usage,61.0734,1 GB/Month,7.8503,USD
2026-06-15,00000000-0000-0000-0000-000000000012,sub-sandbox,rg-data-test-002,/subscriptions/00000000-0000-0000-0000-000000000012/resourceGroups/rg-data-test-002/providers/Microsoft.Security/pricings/res01876,res01876,Microsoft Defender for Cloud,Security,Defender for Servers P2,uksouth,Usage,52.149,1M Operations,39.1954,USD
2026-06-15,00000000-0000-0000-0000-000000000010,sub-identity,rg-shared-corp-001,/subscriptions/00000000-0000-0000-0000-000000000010/resourceGroups/rg-shared-corp-001/providers/Microsoft.KeyVault/vaults/res00395,res00395,Key Vault,Security,Operations,germanywestcentral,Usage,67.4058,1 GB/Month,5.847,USD
2026-06-15,00000000-0000-0000-0000-000000000008,sub-apps-online,rg-app-test-002,/subscriptions/00000000-0000-0000-0000-000000000008/resourceGroups/rg-app-test-002/providers/Microsoft.ContainerRegistry/registries/res00298,res00298,Container Registry,Containers,Build Minutes,global,Usage,55.4886,1 GB,3.0196,USD
2026-06-15,00000000-0000-0000-0000-000000000010,sub-identity,rg-data-corp-003,/subscriptions/00000000-0000-0000-0000-000000000010/resourceGroups/rg-data-corp-003/providers/Microsoft.KeyVault/vaults/res00462,res00462,Key Vault,Security,HSM Protected Keys,swedencentral,Usage,13.1687,1 GB/Month,4.2192,USD
2026-06-15,00000000-0000-0000-0000-000000000004,sub-data-prod,rg-identity-dev-004,/subscriptions/00000000-0000-0000-0000-000000000004/resourceGroups/rg-identity-dev-004/providers/Microsoft.Network/applicationGateways/res01838,res01838,Application Gateway,Networking,Capacity Unit,uksouth,Usage,238.1845,1 GB,22.4395,USD
2026-06-15,00000000-0000-0000-0000-000000000003,sub-platform-test,rg-shared-dev-004,/subscriptions/00000000-0000-0000-0000-000000000003/resourceGroups/rg-shared-dev-004/providers/Microsoft.ServiceBus/namespaces/res01671,res01671,Service Bus,Integration,Operations,swedencentral,Usage,88.3801,1 GB/Month,9.4975,USD
2026-06-15,00000000-0000-0000-0000-000000000011,sub-management,rg-backup-test-003,/subscriptions/00000000-0000-0000-0000-000000000011/resourceGroups/rg-backup-test-003/providers/Microsoft.Insights/components/res01849,res01849,Azure Monitor,Management and Governance,Metrics,northeurope,Usage,225.2425,1M Operations,19.9306,USD
2026-06-15,00000000-0000-0000-0000-000000000006,sub-network-hub,rg-compute-corp-002,/subscriptions/00000000-0000-0000-0000-000000000006/resourceGroups/rg-compute-corp-002/providers/Microsoft.Network/applicationGateways/res00884,res00884,Application Gateway,Networking,WAF v2 Fixed,swedencentral,Usage,98.6485,1 Unit,16.0742,USD
2026-06-15,00000000-0000-0000-0000-000000000001,sub-platform-prod,rg-data-dev-001,/subscriptions/00000000-0000-0000-0000-000000000001/resourceGroups/rg-data-dev-001/providers/Microsoft.OperationalInsights/workspaces/res00573,res00573,Log Analytics,Management and Governance,Data Retention,uksouth,Usage,27.2716,1 Unit,20.6202,USD
2026-06-15,00000000-0000-0000-0000-000000000003,sub-platform-test,rg-shared-test-004,/subscriptions/00000000-0000-0000-0000-000000000003/resourceGroups/rg-shared-test-004/providers/Microsoft.Network/ddosProtectionPlans/res01749,res01749,Azure DDoS Protection,Networking,Data Processed,northeurope,Usage,41.8765,1 GB/Month,63.579,USD
2026-06-15,00000000-0000-0000-0000-000000000004,sub-data-prod,rg-monitoring-test-001,/subscriptions/00000000-0000-0000-0000-000000000004/resourceGroups/rg-monitoring-test-001/providers/Microsoft.DocumentDB/databaseAccounts/res01808,res01808,Azure Cosmos DB,Databases,RU/s Provisioned,northeurope,Usage,146.9684,1M Operations,14.046,USD
2026-06-15,00000000-0000-0000-0000-000000000010,sub-identity,rg-identity-prod-003,/subscriptions/00000000-0000-0000-0000-000000000010/resourceGroups/rg-identity-prod-003/providers/Microsoft.OperationalInsights/workspaces/res00656,res00656,Log Analytics,Management and Governance,Data Retention,westeurope,Usage,2.1084,1 GB,73.224,USD
2026-06-15,00000000-0000-0000-0000-000000000009,sub-apps-corp,rg-app-prod-002,/subscriptions/00000000-0000-0000-0000-000000000009/resourceGroups/rg-app-prod-002/providers/Microsoft.Security/pricings/res01274,res01274,Microsoft Defender for Cloud,Security,Defender for SQL,swedencentral,Usage,76.0745,1 GB/Month,4.0483,USD
2026-06-15,00000000-0000-0000-0000-000000000010,sub-identity,rg-security-prod-001,/subscriptions/00000000-0000-0000-0000-000000000010/resourceGroups/rg-security-prod-001/providers/Microsoft.Security/pricings/res00536,res00536,Microsoft Defender for Cloud,Security,Defender for Storage,germanywestcentral,Usage,154.2829,1 Unit,14.0686,USD
2026-06-15,00000000-0000-0000-0000-000000000006,sub-network-hub,rg-shared-test-001,/subscriptions/00000000-0000-0000-0000-000000000006/resourceGroups/rg-shared-test-001/providers/Microsoft.Network/loadBalancers/res01582,res01582,Load Balancer,Networking,Data Processed,westeurope,Usage,60.8679,1 Hour,5.5059,USD
2026-06-15,00000000-0000-0000-0000-000000000012,sub-sandbox,rg-network-prod-001,/subscriptions/00000000-0000-0000-0000-000000000012/resourceGroups/rg-network-prod-001/providers/Microsoft.ServiceBus/namespaces/res00560,res00560,Service Bus,Integration,Premium Messaging Unit,francecentral,Usage,155.1116,1 GB/Month,14.4144,USD
2026-06-15,00000000-0000-0000-0000-000000000004,sub-data-prod,rg-data-corp-001,/subscriptions/00000000-0000-0000-0000-000000000004/resourceGroups/rg-data-corp-001/providers/Microsoft.OperationalInsights/workspaces/res00797,res00797,Log Analytics,Management and Governance,Data Retention,germanywestcentral,Usage,151.8953,10 GB,69.6359,USD
2026-06-15,00000000-0000-0000-0000-000000000009,sub-apps-corp,rg-identity-prod-001,/subscriptions/00000000-0000-0000-0000-000000000009/resourceGroups/rg-identity-prod-001/providers/Microsoft.Network/virtualNetworks/res00749,res00749,Virtual Network,Networking,VNet Peering,uksouth,Usage,136.998,1 Unit,3.8684,USD
2026-06-15,00000000-0000-0000-0000-000000000005,sub-data-dev,rg-compute-hub-002,/subscriptions/00000000-0000-0000-0000-000000000005/resourceGroups/rg-compute-hub-002/providers/Microsoft.ContainerService/managedClusters/res01138,res01138,Azure Kubernetes Service,Compute,Load Balancer,uksouth,Usage,192.4005,100 Hours,18.7281,USD
2026-06-15,00000000-0000-0000-0000-000000000001,sub-platform-prod,rg-data-corp-001,/subscriptions/00000000-0000-0000-0000-000000000001/resourceGroups/rg-data-corp-001/providers/Microsoft.Insights/components/res00825,res00825,Azure Monitor,Management and Governance,Metrics,uksouth,Usage,139.4269,1M Operations,20.2968,USD
2026-06-15,00000000-0000-0000-0000-000000000006,sub-network-hub,rg-network-dev-002,/subscriptions/00000000-0000-0000-0000-000000000006/resourceGroups/rg-network-dev-002/providers/Microsoft.Network/azureFirewalls/res01491,res01491,Azure Firewall,Networking,Data Processed,northeurope,Usage,28.2091,1 Unit,48.3813,USD
2026-06-15,00000000-0000-0000-0000-000000000004,sub-data-prod,rg-shared-corp-004,/subscriptions/00000000-0000-0000-0000-000000000004/resourceGroups/rg-shared-corp-004/providers/Microsoft.ServiceBus/namespaces/res00375,res00375,Service Bus,Integration,Operations,northeurope,Usage,100.6757,1 Hour,21.8329,USD
2026-06-15,00000000-0000-0000-0000-000000000003,sub-platform-test,rg-monitoring-hub-003,/subscriptions/00000000-0000-0000-0000-000000000003/resourceGroups/rg-monitoring-hub-003/providers/Microsoft.RecoveryServices/vaults/res00398,res00398,Azure Backup,Storage,Backup Storage LRS,swedencentral,Usage,129.0916,1 Hour,26.7228,USD
2026-06-15,00000000-0000-0000-0000-000000000004,sub-data-prod,rg-app-corp-003,/subscriptions/00000000-0000-0000-0000-000000000004/resourceGroups/rg-app-corp-003/providers/Microsoft.Sql/managedInstances/res00387,res00387,Azure SQL Managed Instance,Databases,vCore GP,global,Usage,166.0838,1 GB/Month,147.5914,USD
2026-06-15,00000000-0000-0000-0000-000000000012,sub-sandbox,rg-data-prod-001,/subscriptions/00000000-0000-0000-0000-000000000012/resourceGroups/rg-data-prod-001/providers/Microsoft.Storage/storageAccounts/res00347,res00347,Storage,Storage,General Block Blob,francecentral,Usage,77.7048,10 GB,77.1067,USD
2026-06-15,00000000-0000-0000-0000-000000000007,sub-network-spoke,rg-backup-corp-001,/subscriptions/00000000-0000-0000-0000-000000000007/resourceGroups/rg-backup-corp-001/providers/Microsoft.ServiceBus/namespaces/res00949,res00949,Service Bus,Integration,Operations,germanywestcentral,Usage,101.8533,1 Hour,7.3872,USD
2026-06-15,00000000-0000-0000-0000-000000000010,sub-identity,rg-network-dev-002,/subscriptions/00000000-0000-0000-0000-000000000010/resourceGroups/rg-network-dev-002/providers/Microsoft.Network/applicationGateways/res00680,res00680,Application Gateway,Networking,Capacity Unit,westeurope,Usage,55.5223,1 GB/Month,25.7508,USD
2026-06-15,00000000-0000-0000-0000-000000000011,sub-management,rg-shared-test-001,/subscriptions/00000000-0000-0000-0000-000000000011/resourceGroups/rg-shared-test-001/providers/Microsoft.Sql/managedInstances/res01284,res01284,Azure SQL Managed Instance,Databases,vCore BC,northeurope,Usage,231.431,1M Operations,133.8542,USD
2026-06-15,00000000-0000-0000-0000-000000000011,sub-management,rg-shared-hub-003,/subscriptions/00000000-0000-0000-0000-000000000011/resourceGroups/rg-shared-hub-003/providers/Microsoft.Network/loadBalancers/res00585,res00585,Load Balancer,Networking,Standard Rules,swedencentral,Usage,116.2644,1M Operations,16.6032,USD
2026-06-15,00000000-0000-0000-0000-000000000012,sub-sandbox,rg-identity-hub-003,/subscriptions/00000000-0000-0000-0000-000000000012/resourceGroups/rg-identity-hub-003/providers/Microsoft.Network/applicationGateways/res00803,res00803,Application Gateway,Networking,WAF v2 Fixed,swedencentral,Usage,108.0249,10 GB,31.9024,USD
2026-06-15,00000000-0000-0000-0000-000000000010,sub-identity,rg-app-test-001,/subscriptions/00000000-0000-0000-0000-000000000010/resourceGroups/rg-app-test-001/providers/Microsoft.Web/sites/res00556,res00556,Azure Functions,Compute,Total Executions,global,Usage,44.9158,1 GB,8.618,USD
2026-06-15,00000000-0000-0000-0000-000000000012,sub-sandbox,rg-identity-test-003,/subscriptions/00000000-0000-0000-0000-000000000012/resourceGroups/rg-identity-test-003/providers/Microsoft.Network/virtualNetworks/res00549,res00549,Virtual Network,Networking,Data Transfer Out,swedencentral,Usage,10.2196,1 Hour,1.7199,USD
2026-06-15,00000000-0000-0000-0000-000000000009,sub-apps-corp,rg-app-test-001,/subscriptions/00000000-0000-0000-0000-000000000009/resourceGroups/rg-app-test-001/providers/Microsoft.Compute/virtualMachines/res00237,res00237,Virtual Machines,Compute,Standard_E4s_v5,northeurope,Usage,204.0385,100 Hours,45.1156,USD
2026-06-15,00000000-0000-0000-0000-000000000006,sub-network-hub,rg-network-test-003,/subscriptions/00000000-0000-0000-0000-000000000006/resourceGroups/rg-network-test-003/providers/Microsoft.Network/ddosProtectionPlans/res01955,res01955,Azure DDoS Protection,Networking,Protection Plan,germanywestcentral,Usage,16.5844,1 Hour,56.3349,USD
2026-06-15,00000000-0000-0000-0000-000000000011,sub-management,rg-monitoring-corp-003,/subscriptions/00000000-0000-0000-0000-000000000011/resourceGroups/rg-monitoring-corp-003/providers/Microsoft.DocumentDB/databaseAccounts/res00474,res00474,Azure Cosmos DB,Databases,RU/s Provisioned,northeurope,Usage,185.8399,100 Hours,13.5262,USD
2026-06-15,00000000-0000-0000-0000-000000000009,sub-apps-corp,rg-shared-prod-001,/subscriptions/00000000-0000-0000-0000-000000000009/resourceGroups/rg-shared-prod-001/providers/Microsoft.Web/sites/res00555,res00555,Azure Functions,Compute,Total Executions,germanywestcentral,Usage,28.6408,1 Unit,5.3557,USD
2026-06-15,00000000-0000-0000-0000-000000000007,sub-network-spoke,rg-compute-dev-004,/subscriptions/00000000-0000-0000-0000-000000000007/resourceGroups/rg-compute-dev-004/providers/Microsoft.Sql/managedInstances/res01614,res01614,Azure SQL Managed Instance,Databases,vCore GP,global,Usage,54.4496,1 Hour,104.3958,USD
2026-06-15,00000000-0000-0000-0000-000000000005,sub-data-dev,rg-reservations-001,/subscriptions/00000000-0000-0000-0000-000000000005/resourceGroups/rg-reservations-001/providers/Microsoft.Capacity/reservationOrders/res02001,reserved-02001,Reservations,Reservations,Standard_E4s_v5 Reserved,francecentral,Purchase,1,1 Unit,595.2806,USD
2026-06-15,00000000-0000-0000-0000-000000000005,sub-data-dev,rg-data-prod-003,/subscriptions/00000000-0000-0000-0000-000000000005/resourceGroups/rg-data-prod-003/providers/Microsoft.Security/pricings/res01600,res01600,Microsoft Defender for Cloud,Security,Defender for Servers P2,global,Usage,79.2708,1 Hour,33.17,USD
2026-06-15,00000000-0000-0000-0000-000000000009,sub-apps-corp,rg-app-dev-003,/subscriptions/00000000-0000-0000-0000-000000000009/resourceGroups/rg-app-dev-003/providers/Microsoft.Network/applicationGateways/res01167,res01167,Application Gateway,Networking,Capacity Unit,uksouth,Usage,186.4901,10 GB,28.3184,USD
2026-06-15,00000000-0000-0000-0000-000000000004,sub-data-prod,rg-data-prod-001,/subscriptions/00000000-0000-0000-0000-000000000004/resourceGroups/rg-data-prod-001/providers/Microsoft.DocumentDB/databaseAccounts/res00159,res00159,Azure Cosmos DB,Databases,Storage,francecentral,Usage,41.5236,1 GB,47.7162,USD
2026-06-15,00000000-0000-0000-0000-000000000005,sub-data-dev,rg-data-dev-001,/subscriptions/00000000-0000-0000-0000-000000000005/resourceGroups/rg-data-dev-001/providers/Microsoft.Network/applicationGateways/res01741,res01741,Application Gateway,Networking,WAF v2 Fixed,westeurope,Usage,224.9849,1 GB,9.309,USD
2026-06-15,00000000-0000-0000-0000-000000000004,sub-data-prod,rg-network-hub-001,/subscriptions/00000000-0000-0000-0000-000000000004/resourceGroups/rg-network-hub-001/providers/Microsoft.Network/loadBalancers/res01072,res01072,Load Balancer,Networking,Data Processed,uksouth,Usage,198.7223,1 GB,3.1126,USD
2026-06-15,00000000-0000-0000-0000-000000000009,sub-apps-corp,rg-data-hub-003,/subscriptions/00000000-0000-0000-0000-000000000009/resourceGroups/rg-data-hub-003/providers/Microsoft.EventHub/namespaces/res01029,res01029,Event Hubs,Analytics,Throughput Unit,northeurope,Usage,133.7068,10 GB,20.3532,USD
2026-06-15,00000000-0000-0000-0000-000000000010,sub-identity,rg-monitoring-test-003,/subscriptions/00000000-0000-0000-0000-000000000010/resourceGroups/rg-monitoring-test-003/providers/Microsoft.Network/azureFirewalls/res01544,res01544,Azure Firewall,Networking,Data Processed,northeurope,Usage,116.7022,1 Hour,37.3058,USD
2026-06-15,00000000-0000-0000-0000-000000000008,sub-apps-online,rg-monitoring-prod-004,/subscriptions/00000000-0000-0000-0000-000000000008/resourceGroups/rg-monitoring-prod-004/providers/Microsoft.ContainerRegistry/registries/res00100,res00100,Container Registry,Containers,Premium Registry,northeurope,Usage,156.4831,1 GB/Month,3.1862,USD
2026-06-15,00000000-0000-0000-0000-000000000008,sub-apps-online,rg-network-dev-004,/subscriptions/00000000-0000-0000-0000-000000000008/resourceGroups/rg-network-dev-004/providers/Microsoft.Storage/storageAccounts/res00172,res00172,Storage,Storage,Hot LRS,westeurope,Usage,108.7692,10 GB,3.9718,USD
2026-06-15,00000000-0000-0000-0000-000000000001,sub-platform-prod,rg-shared-dev-002,/subscriptions/00000000-0000-0000-0000-000000000001/resourceGroups/rg-shared-dev-002/providers/Microsoft.Sql/managedInstances/res00066,res00066,Azure SQL Managed Instance,Databases,vCore BC,westeurope,Usage,41.0696,1 GB/Month,133.034,USD
2026-06-15,00000000-0000-0000-0000-000000000005,sub-data-dev,rg-compute-test-002,/subscriptions/00000000-0000-0000-0000-000000000005/resourceGroups/rg-compute-test-002/providers/Microsoft.Sql/managedInstances/res01635,res01635,Azure SQL Managed Instance,Databases,vCore BC,germanywestcentral,Usage,220.2833,100 Hours,189.99,USD
2026-06-15,00000000-0000-0000-0000-000000000008,sub-apps-online,rg-app-corp-004,/subscriptions/00000000-0000-0000-0000-000000000008/resourceGroups/rg-app-corp-004/providers/Microsoft.Network/virtualNetworks/res01164,res01164,Virtual Network,Networking,Private Endpoint,swedencentral,Usage,53.3053,1 Unit,11.2267,USD
2026-06-15,00000000-0000-0000-0000-000000000001,sub-platform-prod,rg-identity-corp-002,/subscriptions/00000000-0000-0000-0000-000000000001/resourceGroups/rg-identity-corp-002/providers/Microsoft.Storage/storageAccounts/res00624,res00624,Storage,Storage,Hot LRS,swedencentral,Usage,54.2796,1 Hour,77.645,USD
2026-06-15,00000000-0000-0000-0000-000000000005,sub-data-dev,rg-backup-corp-004,/subscriptions/00000000-0000-0000-0000-000000000005/resourceGroups/rg-backup-corp-004/providers/Microsoft.Network/applicationGateways/res00790,res00790,Application Gateway,Networking,Capacity Unit,uksouth,Usage,134.96,1M Operations,30.8834,USD
2026-06-15,00000000-0000-0000-0000-000000000004,sub-data-prod,rg-compute-dev-003,/subscriptions/00000000-0000-0000-0000-000000000004/resourceGroups/rg-compute-dev-003/providers/Microsoft.Web/sites/res01898,res01898,Azure App Service,Compute,P1v3,uksouth,Usage,41.0612,100 Hours,29.4058,USD
2026-06-15,00000000-0000-0000-0000-000000000007,sub-network-spoke,rg-backup-test-003,/subscriptions/00000000-0000-0000-0000-000000000007/resourceGroups/rg-backup-test-003/providers/Microsoft.Web/sites/res00880,res00880,Azure App Service,Compute,I1v2,westeurope,Usage,51.5218,10 GB,20.4026,USD
2026-06-15,00000000-0000-0000-0000-000000000005,sub-data-dev,rg-data-test-002,/subscriptions/00000000-0000-0000-0000-000000000005/resourceGroups/rg-data-test-002/providers/Microsoft.DocumentDB/databaseAccounts/res01069,res01069,Azure Cosmos DB,Databases,Storage,germanywestcentral,Usage,191.0618,1 Unit,66.7009,USD
2026-06-15,00000000-0000-0000-0000-000000000004,sub-data-prod,rg-backup-dev-001,/subscriptions/00000000-0000-0000-0000-000000000004/resourceGroups/rg-backup-dev-001/providers/Microsoft.ContainerService/managedClusters/res01103,res01103,Azure Kubernetes Service,Compute,Standard Tier,westeurope,Usage,180.3271,10 GB,68.4521,USD
2026-06-15,00000000-0000-0000-0000-000000000008,sub-apps-online,rg-monitoring-test-004,/subscriptions/00000000-0000-0000-0000-000000000008/resourceGroups/rg-monitoring-test-004/providers/Microsoft.OperationalInsights/workspaces/res00508,res00508,Log Analytics,Management and Governance,Data Ingestion,global,Usage,115.6145,1M Operations,61.357,USD
2026-06-15,00000000-0000-0000-0000-000000000001,sub-platform-prod,rg-network-corp-001,/subscriptions/00000000-0000-0000-0000-000000000001/resourceGroups/rg-network-corp-001/providers/Microsoft.Network/azureFirewalls/res01059,res01059,Azure Firewall,Networking,Data Processed,francecentral,Usage,123.0324,1M Operations,36.8366,USD
2026-06-15,00000000-0000-0000-0000-000000000006,sub-network-hub,rg-network-dev-001,/subscriptions/00000000-0000-0000-0000-000000000006/resourceGroups/rg-network-dev-001/providers/Microsoft.EventHub/namespaces/res00233,res00233,Event Hubs,Analytics,Throughput Unit,global,Usage,69.847,1 GB,5.9813,USD
2026-06-15,00000000-0000-0000-0000-000000000003,sub-platform-test,rg-app-dev-004,/subscriptions/00000000-0000-0000-0000-000000000003/resourceGroups/rg-app-dev-004/providers/Microsoft.Databricks/workspaces/res00025,res00025,Azure Databricks,Analytics,Standard DBU,uksouth,Usage,69.1121,10 GB,99.6493,USD
2026-06-15,00000000-0000-0000-0000-000000000003,sub-platform-test,rg-data-test-001,/subscriptions/00000000-0000-0000-0000-000000000003/resourceGroups/rg-data-test-001/providers/Microsoft.Compute/virtualMachines/res00816,res00816,Virtual Machines,Compute,Standard_D2s_v5,uksouth,Usage,59.4597,1 GB,71.9894,USD
2026-06-15,00000000-0000-0000-0000-000000000012,sub-sandbox,rg-identity-hub-003,/subscriptions/00000000-0000-0000-0000-000000000012/resourceGroups/rg-identity-hub-003/providers/Microsoft.RecoveryServices/vaults/res00319,res00319,Azure Backup,Storage,Backup Storage LRS,northeurope,Usage,116.287,1 Hour,21.2531,USD
2026-06-15,00000000-0000-0000-0000-000000000007,sub-network-spoke,rg-shared-prod-001,/subscriptions/00000000-0000-0000-0000-000000000007/resourceGroups/rg-credits-001/providers/Microsoft.Billing/adjustments/res02020,credit-02020,Refund,Refund,Service Credit,global,Refund,1,1 Unit,-26.5305,USD
2026-06-15,00000000-0000-0000-0000-000000000001,sub-platform-prod,rg-identity-prod-004,/subscriptions/00000000-0000-0000-0000-000000000001/resourceGroups/rg-identity-prod-004/providers/Microsoft.Network/bandwidth/res01610,res01610,Bandwidth,Networking,Inter-Region,swedencentral,Usage,3.3563,1 Unit,3.6691,USD
2026-06-15,00000000-0000-0000-0000-000000000002,sub-platform-dev,rg-network-hub-002,/subscriptions/00000000-0000-0000-0000-000000000002/resourceGroups/rg-network-hub-002/providers/Microsoft.KeyVault/vaults/res00021,res00021,Key Vault,Security,Operations,swedencentral,Usage,110.1703,10 GB,5.0056,USD
2026-06-15,00000000-0000-0000-0000-000000000003,sub-platform-test,rg-monitoring-dev-003,/subscriptions/00000000-0000-0000-0000-000000000003/resourceGroups/rg-monitoring-dev-003/providers/Microsoft.DocumentDB/databaseAccounts/res01539,res01539,Azure Cosmos DB,Databases,Serverless,swedencentral,Usage,23.46,10 GB,37.3978,USD
2026-06-15,00000000-0000-0000-0000-000000000009,sub-apps-corp,rg-compute-corp-004,/subscriptions/00000000-0000-0000-0000-000000000009/resourceGroups/rg-compute-corp-004/providers/Microsoft.Network/loadBalancers/res01951,res01951,Load Balancer,Networking,Standard Rules,westeurope,Usage,99.9254,1 Hour,15.8246,USD
2026-06-15,00000000-0000-0000-0000-000000000011,sub-management,rg-shared-test-004,/subscriptions/00000000-0000-0000-0000-000000000011/resourceGroups/rg-shared-test-004/providers/Microsoft.Storage/storageAccounts/res01283,res01283,Storage,Storage,Standard Page Blob,swedencentral,Usage,22.6613,1 Hour,70.7755,USD
2026-06-15,00000000-0000-0000-0000-000000000004,sub-data-prod,rg-network-prod-001,/subscriptions/00000000-0000-0000-0000-000000000004/resourceGroups/rg-network-prod-001/providers/Microsoft.Network/loadBalancers/res00502,res00502,Load Balancer,Networking,Data Processed,germanywestcentral,Usage,65.1625,1 GB/Month,1.9868,USD
2026-06-15,00000000-0000-0000-0000-000000000003,sub-platform-test,rg-backup-corp-001,/subscriptions/00000000-0000-0000-0000-000000000003/resourceGroups/rg-backup-corp-001/providers/Microsoft.Sql/managedInstances/res00114,res00114,Azure SQL Managed Instance,Databases,vCore GP,westeurope,Usage,70.7425,1 GB,198.1174,USD
2026-06-15,00000000-0000-0000-0000-000000000007,sub-network-spoke,rg-data-test-002,/subscriptions/00000000-0000-0000-0000-000000000007/resourceGroups/rg-data-test-002/providers/Microsoft.Sql/servers/databases/res01332,res01332,Azure SQL Database,Databases,DTU,germanywestcentral,Usage,235.8633,1M Operations,89.9558,USD
2026-06-15,00000000-0000-0000-0000-000000000011,sub-management,rg-identity-corp-001,/subscriptions/00000000-0000-0000-0000-000000000011/resourceGroups/rg-identity-corp-001/providers/Microsoft.Network/loadBalancers/res01454,res01454,Load Balancer,Networking,Standard Rules,uksouth,Usage,145.6247,1 Hour,14.7718,USD
2026-06-15,00000000-0000-0000-0000-000000000003,sub-platform-test,rg-shared-hub-003,/subscriptions/00000000-0000-0000-0000-000000000003/resourceGroups/rg-shared-hub-003/providers/Microsoft.Security/pricings/res01607,res01607,Microsoft Defender for Cloud,Security,Defender for Storage,global,Usage,120.0078,1 Hour,20.1436,USD
2026-06-15,00000000-0000-0000-0000-000000000007,sub-network-spoke,rg-backup-test-001,/subscriptions/00000000-0000-0000-0000-000000000007/resourceGroups/rg-backup-test-001/providers/Microsoft.OperationalInsights/workspaces/res01315,res01315,Log Analytics,Management and Governance,Data Retention,northeurope,Usage,90.6906,1 Hour,103.619,USD
2026-06-15,00000000-0000-0000-0000-000000000002,sub-platform-dev,rg-shared-corp-004,/subscriptions/00000000-0000-0000-0000-000000000002/resourceGroups/rg-shared-corp-004/providers/Microsoft.ContainerService/managedClusters/res01669,res01669,Azure Kubernetes Service,Compute,Uptime SLA,germanywestcentral,Usage,143.9309,10 GB,20.3349,USD
2026-06-15,00000000-0000-0000-0000-000000000006,sub-network-hub,rg-security-prod-002,/subscriptions/00000000-0000-0000-0000-000000000006/resourceGroups/rg-security-prod-002/providers/Microsoft.Sql/servers/databases/res00980,res00980,Azure SQL Database,Databases,General Purpose,swedencentral,Usage,152.9469,100 Hours,33.4148,USD
2026-06-15,00000000-0000-0000-0000-000000000012,sub-sandbox,rg-data-test-001,/subscriptions/00000000-0000-0000-0000-000000000012/resourceGroups/rg-data-test-001/providers/Microsoft.Web/sites/res00604,res00604,Azure Functions,Compute,Total Executions,francecentral,Usage,186.41,1M Operations,0.509,USD
2026-06-15,00000000-0000-0000-0000-000000000004,sub-data-prod,rg-backup-dev-003,/subscriptions/00000000-0000-0000-0000-000000000004/resourceGroups/rg-backup-dev-003/providers/Microsoft.Insights/components/res00331,res00331,Azure Monitor,Management and Governance,Alerts,germanywestcentral,Usage,40.7889,1 GB/Month,28.9776,USD
2026-06-15,00000000-0000-0000-0000-000000000002,sub-platform-dev,rg-data-hub-003,/subscriptions/00000000-0000-0000-0000-000000000002/resourceGroups/rg-data-hub-003/providers/Microsoft.EventHub/namespaces/res00465,res00465,Event Hubs,Analytics,Capture,global,Usage,200.5287,1M Operations,26.1951,USD
2026-06-15,00000000-0000-0000-0000-000000000010,sub-identity,rg-monitoring-dev-002,/subscriptions/00000000-0000-0000-0000-000000000010/resourceGroups/rg-monitoring-dev-002/providers/Microsoft.Network/applicationGateways/res01518,res01518,Application Gateway,Networking,WAF v2 Fixed,germanywestcentral,Usage,164.2228,100 Hours,31.0127,USD
2026-06-15,00000000-0000-0000-0000-000000000005,sub-data-dev,rg-security-test-001,/subscriptions/00000000-0000-0000-0000-000000000005/resourceGroups/rg-security-test-001/providers/Microsoft.ContainerService/managedClusters/res01726,res01726,Azure Kubernetes Service,Compute,Load Balancer,uksouth,Usage,67.5496,1 GB,32.0417,USD
2026-06-15,00000000-0000-0000-0000-000000000009,sub-apps-corp,rg-security-dev-001,/subscriptions/00000000-0000-0000-0000-000000000009/resourceGroups/rg-security-dev-001/providers/Microsoft.Network/applicationGateways/res00981,res00981,Application Gateway,Networking,WAF v2 Fixed,swedencentral,Usage,194.5198,1 GB/Month,10.9182,USD
2026-06-15,00000000-0000-0000-0000-000000000008,sub-apps-online,rg-backup-hub-002,/subscriptions/00000000-0000-0000-0000-000000000008/resourceGroups/rg-backup-hub-002/providers/Microsoft.Storage/storageAccounts/res00401,res00401,Storage,Storage,Cool LRS,uksouth,Usage,8.6789,1 Unit,10.6798,USD
2026-06-15,00000000-0000-0000-0000-000000000012,sub-sandbox,rg-shared-test-003,/subscriptions/00000000-0000-0000-0000-000000000012/resourceGroups/rg-shared-test-003/providers/Microsoft.Security/pricings/res01178,res01178,Microsoft Defender for Cloud,Security,Defender for Servers P2,germanywestcentral,Usage,183.3175,1 GB,47.9835,USD
2026-06-15,00000000-0000-0000-0000-000000000005,sub-data-dev,rg-app-corp-002,/subscriptions/00000000-0000-0000-0000-000000000005/resourceGroups/rg-app-corp-002/providers/Microsoft.Insights/components/res01156,res01156,Azure Monitor,Management and Governance,Application Insights,swedencentral,Usage,109.2644,1M Operations,11.8168,USD
2026-06-15,00000000-0000-0000-0000-000000000008,sub-apps-online,rg-identity-hub-004,/subscriptions/00000000-0000-0000-0000-000000000008/resourceGroups/rg-identity-hub-004/providers/Microsoft.Insights/components/res01256,res01256,Azure Monitor,Management and Governance,Alerts,westeurope,Usage,69.3482,10 GB,3.2315,USD
2026-06-15,00000000-0000-0000-0000-000000000006,sub-network-hub,rg-monitoring-dev-004,/subscriptions/00000000-0000-0000-0000-000000000006/resourceGroups/rg-monitoring-dev-004/providers/Microsoft.Sql/managedInstances/res00770,res00770,Azure SQL Managed Instance,Databases,vCore BC,uksouth,Usage,167.6757,10 GB,99.0823,USD
2026-06-15,00000000-0000-0000-0000-000000000012,sub-sandbox,rg-backup-test-002,/subscriptions/00000000-0000-0000-0000-000000000012/resourceGroups/rg-backup-test-002/providers/Microsoft.Network/applicationGateways/res01694,res01694,Application Gateway,Networking,Capacity Unit,germanywestcentral,Usage,202.7924,1 GB,26.034,USD
2026-06-15,00000000-0000-0000-0000-000000000009,sub-apps-corp,rg-shared-prod-001,/subscriptions/00000000-0000-0000-0000-000000000009/resourceGroups/rg-shared-prod-001/providers/Microsoft.Sql/managedInstances/res01662,res01662,Azure SQL Managed Instance,Databases,vCore BC,swedencentral,Usage,2.1632,1 GB/Month,52.933,USD
2026-06-15,00000000-0000-0000-0000-000000000004,sub-data-prod,rg-data-dev-001,/subscriptions/00000000-0000-0000-0000-000000000004/resourceGroups/rg-data-dev-001/providers/Microsoft.Sql/managedInstances/res01019,res01019,Azure SQL Managed Instance,Databases,vCore BC,uksouth,Usage,172.637,1 GB,160.2202,USD
2026-06-15,00000000-0000-0000-0000-000000000004,sub-data-prod,rg-data-dev-002,/subscriptions/00000000-0000-0000-0000-000000000004/resourceGroups/rg-data-dev-002/providers/Microsoft.OperationalInsights/workspaces/res01691,res01691,Log Analytics,Management and Governance,Basic Logs,global,Usage,181.2537,1 GB,65.4623,USD
2026-06-15,00000000-0000-0000-0000-000000000001,sub-platform-prod,rg-security-test-004,/subscriptions/00000000-0000-0000-0000-000000000001/resourceGroups/rg-security-test-004/providers/Microsoft.DocumentDB/databaseAccounts/res00246,res00246,Azure Cosmos DB,Databases,Storage,germanywestcentral,Usage,34.9824,1 Unit,87.7013,USD
2026-06-15,00000000-0000-0000-0000-000000000008,sub-apps-online,rg-data-dev-003,/subscriptions/00000000-0000-0000-0000-000000000008/resourceGroups/rg-data-dev-003/providers/Microsoft.Network/applicationGateways/res01820,res01820,Application Gateway,Networking,Capacity Unit,northeurope,Usage,62.0257,1 Hour,28.1779,USD
2026-06-15,00000000-0000-0000-0000-000000000002,sub-platform-dev,rg-compute-dev-001,/subscriptions/00000000-0000-0000-0000-000000000002/resourceGroups/rg-compute-dev-001/providers/Microsoft.ContainerRegistry/registries/res01105,res01105,Container Registry,Containers,Storage,germanywestcentral,Usage,144.7647,100 Hours,24.8357,USD
2026-06-15,00000000-0000-0000-0000-000000000005,sub-data-dev,rg-backup-hub-001,/subscriptions/00000000-0000-0000-0000-000000000005/resourceGroups/rg-backup-hub-001/providers/Microsoft.ServiceBus/namespaces/res01754,res01754,Service Bus,Integration,Premium Messaging Unit,swedencentral,Usage,186.8569,1M Operations,14.7193,USD
2026-06-15,00000000-0000-0000-0000-000000000003,sub-platform-test,rg-compute-dev-002,/subscriptions/00000000-0000-0000-0000-000000000003/resourceGroups/rg-compute-dev-002/providers/Microsoft.Sql/servers/databases/res01548,res01548,Azure SQL Database,Databases,vCore Gen5,swedencentral,Usage,180.2183,1M Operations,76.6758,USD
2026-06-15,00000000-0000-0000-0000-000000000005,sub-data-dev,rg-monitoring-corp-004,/subscriptions/00000000-0000-0000-0000-000000000005/resourceGroups/rg-monitoring-corp-004/providers/Microsoft.Databricks/workspaces/res00828,res00828,Azure Databricks,Analytics,Standard DBU,westeurope,Usage,30.067,1 Unit,87.6384,USD
2026-06-15,00000000-0000-0000-0000-000000000006,sub-network-hub,rg-network-prod-004,/subscriptions/00000000-0000-0000-0000-000000000006/resourceGroups/rg-network-prod-004/providers/Microsoft.Network/azureFirewalls/res00693,res00693,Azure Firewall,Networking,Data Processed,germanywestcentral,Usage,96.1612,1 GB,27.8962,USD
2026-06-15,00000000-0000-0000-0000-000000000002,sub-platform-dev,rg-data-corp-001,/subscriptions/00000000-0000-0000-0000-000000000002/resourceGroups/rg-data-corp-001/providers/Microsoft.Sql/managedInstances/res01831,res01831,Azure SQL Managed Instance,Databases,vCore GP,northeurope,Usage,163.2011,1M Operations,44.6407,USD
2026-06-15,00000000-0000-0000-0000-000000000007,sub-network-spoke,rg-monitoring-corp-001,/subscriptions/00000000-0000-0000-0000-000000000007/resourceGroups/rg-monitoring-corp-001/providers/Microsoft.EventHub/namespaces/res00779,res00779,Event Hubs,Analytics,Capture,francecentral,Usage,13.6458,1 GB,22.337,USD
2026-06-15,00000000-0000-0000-0000-000000000004,sub-data-prod,rg-identity-hub-003,/subscriptions/00000000-0000-0000-0000-000000000004/resourceGroups/rg-identity-hub-003/providers/Microsoft.KeyVault/vaults/res00676,res00676,Key Vault,Security,Operations,swedencentral,Usage,41.7739,1 GB,4.1979,USD
2026-06-15,00000000-0000-0000-0000-000000000001,sub-platform-prod,rg-identity-corp-001,/subscriptions/00000000-0000-0000-0000-000000000001/resourceGroups/rg-identity-corp-001/providers/Microsoft.Databricks/workspaces/res00911,res00911,Azure Databricks,Analytics,Jobs Compute DBU,uksouth,Usage,154.3285,10 GB,90.4441,USD
2026-06-15,00000000-0000-0000-0000-000000000007,sub-network-spoke,rg-monitoring-prod-001,/subscriptions/00000000-0000-0000-0000-000000000007/resourceGroups/rg-monitoring-prod-001/providers/Microsoft.OperationalInsights/workspaces/res01135,res01135,Log Analytics,Management and Governance,Data Ingestion,global,Usage,173.744,1 Unit,9.1072,USD
2026-06-15,00000000-0000-0000-0000-000000000007,sub-network-spoke,rg-backup-dev-003,/subscriptions/00000000-0000-0000-0000-000000000007/resourceGroups/rg-backup-dev-003/providers/Microsoft.Web/sites/res00675,res00675,Azure Functions,Compute,Execution Time,westeurope,Usage,88.7572,1 GB/Month,10.2919,USD
2026-06-15,00000000-0000-0000-0000-000000000012,sub-sandbox,rg-network-test-001,/subscriptions/00000000-0000-0000-0000-000000000012/resourceGroups/rg-network-test-001/providers/Microsoft.Storage/storageAccounts/res00171,res00171,Storage,Storage,General Block Blob,swedencentral,Usage,4.3427,1 Hour,5.0964,USD
2026-06-15,00000000-0000-0000-0000-000000000005,sub-data-dev,rg-security-corp-003,/subscriptions/00000000-0000-0000-0000-000000000005/resourceGroups/rg-security-corp-003/providers/Microsoft.Storage/storageAccounts/res01813,res01813,Storage,Storage,Hot LRS,germanywestcentral,Usage,0.8151,1 GB/Month,85.371,USD
2026-06-15,00000000-0000-0000-0000-000000000007,sub-network-spoke,rg-compute-dev-002,/subscriptions/00000000-0000-0000-0000-000000000007/resourceGroups/rg-compute-dev-002/providers/Microsoft.Web/sites/res01279,res01279,Azure App Service,Compute,P2v3,global,Usage,85.519,1 GB/Month,27.5387,USD
2026-06-15,00000000-0000-0000-0000-000000000011,sub-management,rg-identity-prod-001,/subscriptions/00000000-0000-0000-0000-000000000011/resourceGroups/rg-identity-prod-001/providers/Microsoft.Storage/storageAccounts/res00748,res00748,Storage,Storage,Cool LRS,swedencentral,Usage,0.2091,10 GB,16.013,USD
2026-06-15,00000000-0000-0000-0000-000000000012,sub-sandbox,rg-shared-corp-003,/subscriptions/00000000-0000-0000-0000-000000000012/resourceGroups/rg-shared-corp-003/providers/Microsoft.OperationalInsights/workspaces/res01817,res01817,Log Analytics,Management and Governance,Data Retention,germanywestcentral,Usage,107.537,1 GB/Month,97.5465,USD
2026-06-15,00000000-0000-0000-0000-000000000001,sub-platform-prod,rg-shared-dev-001,/subscriptions/00000000-0000-0000-0000-000000000001/resourceGroups/rg-shared-dev-001/providers/Microsoft.Databricks/workspaces/res00343,res00343,Azure Databricks,Analytics,Premium DBU,francecentral,Usage,140.4844,100 Hours,21.4342,USD
2026-06-15,00000000-0000-0000-0000-000000000002,sub-platform-dev,rg-app-prod-004,/subscriptions/00000000-0000-0000-0000-000000000002/resourceGroups/rg-app-prod-004/providers/Microsoft.Compute/virtualMachines/res00955,res00955,Virtual Machines,Compute,Standard_E4s_v5,francecentral,Usage,20.9634,1M Operations,97.4568,USD
2026-06-15,00000000-0000-0000-0000-000000000004,sub-data-prod,rg-identity-dev-003,/subscriptions/00000000-0000-0000-0000-000000000004/resourceGroups/rg-identity-dev-003/providers/Microsoft.Network/bandwidth/res01651,res01651,Bandwidth,Networking,Data Transfer Out - Zone 1,germanywestcentral,Usage,121.0029,1 GB,8.5771,USD
2026-06-15,00000000-0000-0000-0000-000000000009,sub-apps-corp,rg-security-prod-002,/subscriptions/00000000-0000-0000-0000-000000000009/resourceGroups/rg-security-prod-002/providers/Microsoft.Storage/storageAccounts/res01570,res01570,Storage,Storage,Cool LRS,uksouth,Usage,202.0055,10 GB,36.7447,USD
2026-06-15,00000000-0000-0000-0000-000000000004,sub-data-prod,rg-monitoring-test-003,/subscriptions/00000000-0000-0000-0000-000000000004/resourceGroups/rg-monitoring-test-003/providers/Microsoft.Compute/virtualMachines/res01608,res01608,Virtual Machines,Compute,Standard_D4s_v5,westeurope,Usage,175.4754,1M Operations,92.1375,USD
2026-06-15,00000000-0000-0000-0000-000000000007,sub-network-spoke,rg-app-dev-003,/subscriptions/00000000-0000-0000-0000-000000000007/resourceGroups/rg-app-dev-003/providers/Microsoft.Web/sites/res01873,res01873,Azure Functions,Compute,Total Executions,northeurope,Usage,222.8305,1 GB/Month,2.5755,USD
2026-06-15,00000000-0000-0000-0000-000000000008,sub-apps-online,rg-identity-hub-003,/subscriptions/00000000-0000-0000-0000-000000000008/resourceGroups/rg-identity-hub-003/providers/Microsoft.Network/loadBalancers/res00727,res00727,Load Balancer,Networking,Data Processed,northeurope,Usage,16.0155,1 GB,5.6413,USD
2026-06-15,00000000-0000-0000-0000-000000000011,sub-management,rg-backup-corp-001,/subscriptions/00000000-0000-0000-0000-000000000011/resourceGroups/rg-backup-corp-001/providers/Microsoft.Web/sites/res00801,res00801,Azure Functions,Compute,Execution Time,uksouth,Usage,204.1477,10 GB,10.53,USD
2026-06-15,00000000-0000-0000-0000-000000000004,sub-data-prod,rg-network-corp-003,/subscriptions/00000000-0000-0000-0000-000000000004/resourceGroups/rg-network-corp-003/providers/Microsoft.EventHub/namespaces/res01416,res01416,Event Hubs,Analytics,Capture,westeurope,Usage,226.8008,1 GB,15.2146,USD
2026-06-15,00000000-0000-0000-0000-000000000006,sub-network-hub,rg-identity-corp-001,/subscriptions/00000000-0000-0000-0000-000000000006/resourceGroups/rg-identity-corp-001/providers/Microsoft.Insights/components/res00431,res00431,Azure Monitor,Management and Governance,Application Insights,germanywestcentral,Usage,106.9856,10 GB,13.3274,USD
2026-06-15,00000000-0000-0000-0000-000000000003,sub-platform-test,rg-security-prod-003,/subscriptions/00000000-0000-0000-0000-000000000003/resourceGroups/rg-security-prod-003/providers/Microsoft.EventHub/namespaces/res01227,res01227,Event Hubs,Analytics,Throughput Unit,swedencentral,Usage,155.8549,1 GB/Month,5.3974,USD
2026-06-15,00000000-0000-0000-0000-000000000006,sub-network-hub,rg-security-hub-002,/subscriptions/00000000-0000-0000-0000-000000000006/resourceGroups/rg-security-hub-002/providers/Microsoft.Network/bandwidth/res00266,res00266,Bandwidth,Networking,Inter-Region,germanywestcentral,Usage,87.2928,10 GB,34.2078,USD
2026-06-15,00000000-0000-0000-0000-000000000012,sub-sandbox,rg-identity-prod-004,/subscriptions/00000000-0000-0000-0000-000000000012/resourceGroups/rg-identity-prod-004/providers/Microsoft.Network/ddosProtectionPlans/res01151,res01151,Azure DDoS Protection,Networking,Data Processed,global,Usage,205.6989,1M Operations,54.297,USD
2026-06-15,00000000-0000-0000-0000-000000000006,sub-network-hub,rg-data-corp-003,/subscriptions/00000000-0000-0000-0000-000000000006/resourceGroups/rg-data-corp-003/providers/Microsoft.Network/loadBalancers/res01166,res01166,Load Balancer,Networking,Data Processed,germanywestcentral,Usage,17.9478,100 Hours,13.0574,USD
2026-06-15,00000000-0000-0000-0000-000000000012,sub-sandbox,rg-backup-prod-002,/subscriptions/00000000-0000-0000-0000-000000000012/resourceGroups/rg-backup-prod-002/providers/Microsoft.ServiceBus/namespaces/res00966,res00966,Service Bus,Integration,Premium Messaging Unit,swedencentral,Usage,26.7611,1 Hour,9.0859,USD
2026-06-15,00000000-0000-0000-0000-000000000010,sub-identity,rg-backup-corp-001,/subscriptions/00000000-0000-0000-0000-000000000010/resourceGroups/rg-backup-corp-001/providers/Microsoft.DocumentDB/databaseAccounts/res00581,res00581,Azure Cosmos DB,Databases,Serverless,swedencentral,Usage,217.4112,1 GB/Month,27.2687,USD
2026-06-15,00000000-0000-0000-0000-000000000004,sub-data-prod,rg-app-prod-001,/subscriptions/00000000-0000-0000-0000-000000000004/resourceGroups/rg-app-prod-001/providers/Microsoft.OperationalInsights/workspaces/res01882,res01882,Log Analytics,Management and Governance,Basic Logs,francecentral,Usage,17.4834,10 GB,60.3974,USD
2026-06-15,00000000-0000-0000-0000-000000000006,sub-network-hub,rg-identity-dev-002,/subscriptions/00000000-0000-0000-0000-000000000006/resourceGroups/rg-identity-dev-002/providers/Microsoft.Security/pricings/res01323,res01323,Microsoft Defender for Cloud,Security,Defender for Storage,northeurope,Usage,143.8526,1 GB/Month,23.8849,USD
2026-06-15,00000000-0000-0000-0000-000000000006,sub-network-hub,rg-app-hub-003,/subscriptions/00000000-0000-0000-0000-000000000006/resourceGroups/rg-app-hub-003/providers/Microsoft.ContainerService/managedClusters/res01240,res01240,Azure Kubernetes Service,Compute,Uptime SLA,northeurope,Usage,185.6718,1M Operations,39.8836,USD
2026-06-15,00000000-0000-0000-0000-000000000001,sub-platform-prod,rg-compute-dev-003,/subscriptions/00000000-0000-0000-0000-000000000001/resourceGroups/rg-compute-dev-003/providers/Microsoft.Security/pricings/res00390,res00390,Microsoft Defender for Cloud,Security,Defender for SQL,francecentral,Usage,142.8478,1 Hour,25.4138,USD
2026-06-15,00000000-0000-0000-0000-000000000001,sub-platform-prod,rg-identity-test-004,/subscriptions/00000000-0000-0000-0000-000000000001/resourceGroups/rg-identity-test-004/providers/Microsoft.EventHub/namespaces/res00812,res00812,Event Hubs,Analytics,Capture,francecentral,Usage,181.8494,1 Unit,26.3301,USD
2026-06-15,00000000-0000-0000-0000-000000000012,sub-sandbox,rg-identity-corp-004,/subscriptions/00000000-0000-0000-0000-000000000012/resourceGroups/rg-identity-corp-004/providers/Microsoft.Storage/storageAccounts/res01680,res01680,Storage,Storage,Standard Page Blob,northeurope,Usage,210.5496,1 Hour,69.7707,USD
2026-06-15,00000000-0000-0000-0000-000000000010,sub-identity,rg-monitoring-prod-002,/subscriptions/00000000-0000-0000-0000-000000000010/resourceGroups/rg-monitoring-prod-002/providers/Microsoft.KeyVault/vaults/res00084,res00084,Key Vault,Security,Operations,uksouth,Usage,171.5821,1M Operations,0.6766,USD
2026-06-15,00000000-0000-0000-0000-000000000011,sub-management,rg-network-prod-003,/subscriptions/00000000-0000-0000-0000-000000000011/resourceGroups/rg-network-prod-003/providers/Microsoft.OperationalInsights/workspaces/res01761,res01761,Log Analytics,Management and Governance,Data Retention,germanywestcentral,Usage,167.4657,10 GB,18.9341,USD
2026-06-15,00000000-0000-0000-0000-000000000009,sub-apps-corp,rg-security-hub-001,/subscriptions/00000000-0000-0000-0000-000000000009/resourceGroups/rg-security-hub-001/providers/Microsoft.Network/applicationGateways/res00280,res00280,Application Gateway,Networking,WAF v2 Fixed,northeurope,Usage,193.6097,1 GB,14.5381,USD
2026-06-15,00000000-0000-0000-0000-000000000004,sub-data-prod,rg-network-prod-004,/subscriptions/00000000-0000-0000-0000-000000000004/resourceGroups/rg-network-prod-004/providers/Microsoft.Network/virtualNetworks/res01889,res01889,Virtual Network,Networking,VNet Peering,westeurope,Usage,17.2329,10 GB,0.6134,USD
2026-06-15,00000000-0000-0000-0000-000000000007,sub-network-spoke,rg-security-hub-001,/subscriptions/00000000-0000-0000-0000-000000000007/resourceGroups/rg-security-hub-001/providers/Microsoft.OperationalInsights/workspaces/res01728,res01728,Log Analytics,Management and Governance,Data Retention,uksouth,Usage,57.4283,10 GB,38.5134,USD
2026-06-15,00000000-0000-0000-0000-000000000003,sub-platform-test,rg-app-hub-003,/subscriptions/00000000-0000-0000-0000-000000000003/resourceGroups/rg-app-hub-003/providers/Microsoft.RecoveryServices/vaults/res01266,res01266,Azure Backup,Storage,Protected Instances,francecentral,Usage,211.0549,1 Hour,4.5293,USD
2026-06-15,00000000-0000-0000-0000-000000000008,sub-apps-online,rg-identity-dev-003,/subscriptions/00000000-0000-0000-0000-000000000008/resourceGroups/rg-identity-dev-003/providers/Microsoft.Sql/managedInstances/res01202,res01202,Azure SQL Managed Instance,Databases,vCore GP,germanywestcentral,Usage,137.551,10 GB,51.8956,USD
2026-06-15,00000000-0000-0000-0000-000000000012,sub-sandbox,rg-compute-prod-003,/subscriptions/00000000-0000-0000-0000-000000000012/resourceGroups/rg-compute-prod-003/providers/Microsoft.ServiceBus/namespaces/res01781,res01781,Service Bus,Integration,Operations,francecentral,Usage,85.1423,1 GB,26.2177,USD
2026-06-15,00000000-0000-0000-0000-000000000007,sub-network-spoke,rg-compute-corp-003,/subscriptions/00000000-0000-0000-0000-000000000007/resourceGroups/rg-compute-corp-003/providers/Microsoft.Network/virtualNetworks/res01906,res01906,Virtual Network,Networking,Data Transfer Out,germanywestcentral,Usage,179.3985,1 Unit,7.9731,USD
2026-06-15,00000000-0000-0000-0000-000000000007,sub-network-spoke,rg-identity-test-003,/subscriptions/00000000-0000-0000-0000-000000000007/resourceGroups/rg-identity-test-003/providers/Microsoft.Web/sites/res01229,res01229,Azure Functions,Compute,Total Executions,westeurope,Usage,100.8347,1M Operations,1.8879,USD
2026-06-15,00000000-0000-0000-0000-000000000001,sub-platform-prod,rg-compute-test-001,/subscriptions/00000000-0000-0000-0000-000000000001/resourceGroups/rg-compute-test-001/providers/Microsoft.Databricks/workspaces/res00020,res00020,Azure Databricks,Analytics,Jobs Compute DBU,swedencentral,Usage,72.9508,1 GB/Month,46.0536,USD
2026-06-15,00000000-0000-0000-0000-000000000007,sub-network-spoke,rg-data-dev-002,/subscriptions/00000000-0000-0000-0000-000000000007/resourceGroups/rg-data-dev-002/providers/Microsoft.ContainerRegistry/registries/res01706,res01706,Container Registry,Containers,Build Minutes,germanywestcentral,Usage,105.8409,1 GB/Month,17.7525,USD
2026-06-15,00000000-0000-0000-0000-000000000001,sub-platform-prod,rg-identity-prod-003,/subscriptions/00000000-0000-0000-0000-000000000001/resourceGroups/rg-identity-prod-003/providers/Microsoft.Network/virtualNetworks/res01036,res01036,Virtual Network,Networking,Data Transfer Out,northeurope,Usage,179.8315,1 Hour,14.9987,USD
2026-06-15,00000000-0000-0000-0000-000000000009,sub-apps-corp,rg-app-hub-001,/subscriptions/00000000-0000-0000-0000-000000000009/resourceGroups/rg-app-hub-001/providers/Microsoft.Sql/managedInstances/res01076,res01076,Azure SQL Managed Instance,Databases,vCore BC,northeurope,Usage,107.9539,1 Hour,90.3513,USD
2026-06-15,00000000-0000-0000-0000-000000000005,sub-data-dev,rg-data-test-003,/subscriptions/00000000-0000-0000-0000-000000000005/resourceGroups/rg-data-test-003/providers/Microsoft.Network/azureFirewalls/res00453,res00453,Azure Firewall,Networking,Deployment Hours,global,Usage,230.7523,1 Hour,42.3667,USD
2026-06-15,00000000-0000-0000-0000-000000000001,sub-platform-prod,rg-compute-hub-001,/subscriptions/00000000-0000-0000-0000-000000000001/resourceGroups/rg-compute-hub-001/providers/Microsoft.Web/sites/res00157,res00157,Azure Functions,Compute,Total Executions,westeurope,Usage,113.5921,1 Hour,10.4245,USD
2026-06-15,00000000-0000-0000-0000-000000000007,sub-network-spoke,rg-backup-test-003,/subscriptions/00000000-0000-0000-0000-000000000007/resourceGroups/rg-backup-test-003/providers/Microsoft.EventHub/namespaces/res01812,res01812,Event Hubs,Analytics,Throughput Unit,northeurope,Usage,139.0595,1 Unit,24.7702,USD
2026-06-15,00000000-0000-0000-0000-000000000006,sub-network-hub,rg-backup-hub-002,/subscriptions/00000000-0000-0000-0000-000000000006/resourceGroups/rg-backup-hub-002/providers/Microsoft.Databricks/workspaces/res00120,res00120,Azure Databricks,Analytics,Premium DBU,swedencentral,Usage,93.0398,1 GB/Month,67.825,USD
2026-06-15,00000000-0000-0000-0000-000000000006,sub-network-hub,rg-shared-prod-002,/subscriptions/00000000-0000-0000-0000-000000000006/resourceGroups/rg-shared-prod-002/providers/Microsoft.Security/pricings/res00533,res00533,Microsoft Defender for Cloud,Security,Defender for Storage,swedencentral,Usage,212.9943,1 Unit,14.5776,USD
2026-06-15,00000000-0000-0000-0000-000000000010,sub-identity,rg-app-dev-002,/subscriptions/00000000-0000-0000-0000-000000000010/resourceGroups/rg-app-dev-002/providers/Microsoft.ContainerService/managedClusters/res01957,res01957,Azure Kubernetes Service,Compute,Uptime SLA,germanywestcentral,Usage,123.536,1 GB,30.5461,USD
2026-06-15,00000000-0000-0000-0000-000000000002,sub-platform-dev,rg-shared-corp-002,/subscriptions/00000000-0000-0000-0000-000000000002/resourceGroups/rg-shared-corp-002/providers/Microsoft.Insights/components/res01977,res01977,Azure Monitor,Management and Governance,Application Insights,northeurope,Usage,45.3717,1 Hour,23.9155,USD
2026-06-15,00000000-0000-0000-0000-000000000005,sub-data-dev,rg-app-dev-004,/subscriptions/00000000-0000-0000-0000-000000000005/resourceGroups/rg-app-dev-004/providers/Microsoft.Network/ddosProtectionPlans/res01260,res01260,Azure DDoS Protection,Networking,Data Processed,westeurope,Usage,206.7331,100 Hours,54.3386,USD
2026-06-15,00000000-0000-0000-0000-000000000010,sub-identity,rg-security-corp-003,/subscriptions/00000000-0000-0000-0000-000000000010/resourceGroups/rg-security-corp-003/providers/Microsoft.Web/sites/res01783,res01783,Azure App Service,Compute,I1v2,swedencentral,Usage,14.5565,1 GB/Month,36.1164,USD
2026-06-15,00000000-0000-0000-0000-000000000001,sub-platform-prod,rg-security-prod-002,/subscriptions/00000000-0000-0000-0000-000000000001/resourceGroups/rg-security-prod-002/providers/Microsoft.ServiceBus/namespaces/res00615,res00615,Service Bus,Integration,Operations,northeurope,Usage,118.2424,1 GB,27.8669,USD
2026-06-15,00000000-0000-0000-0000-000000000001,sub-platform-prod,rg-data-dev-004,/subscriptions/00000000-0000-0000-0000-000000000001/resourceGroups/rg-data-dev-004/providers/Microsoft.Sql/managedInstances/res01985,res01985,Azure SQL Managed Instance,Databases,vCore GP,uksouth,Usage,201.8692,100 Hours,67.4433,USD
2026-06-15,00000000-0000-0000-0000-000000000007,sub-network-spoke,rg-identity-prod-002,/subscriptions/00000000-0000-0000-0000-000000000007/resourceGroups/rg-identity-prod-002/providers/Microsoft.RecoveryServices/vaults/res01308,res01308,Azure Backup,Storage,Protected Instances,swedencentral,Usage,3.3427,1M Operations,24.2385,USD
2026-06-15,00000000-0000-0000-0000-000000000001,sub-platform-prod,rg-compute-prod-001,/subscriptions/00000000-0000-0000-0000-000000000001/resourceGroups/rg-compute-prod-001/providers/Microsoft.ServiceBus/namespaces/res00320,res00320,Service Bus,Integration,Premium Messaging Unit,westeurope,Usage,32.1291,1M Operations,27.309,USD
2026-06-15,00000000-0000-0000-0000-000000000005,sub-data-dev,rg-identity-corp-003,/subscriptions/00000000-0000-0000-0000-000000000005/resourceGroups/rg-identity-corp-003/providers/Microsoft.KeyVault/vaults/res01221,res01221,Key Vault,Security,HSM Protected Keys,francecentral,Usage,178.7855,1 GB/Month,5.1665,USD
2026-06-15,00000000-0000-0000-0000-000000000001,sub-platform-prod,rg-shared-corp-003,/subscriptions/00000000-0000-0000-0000-000000000001/resourceGroups/rg-shared-corp-003/providers/Microsoft.ServiceBus/namespaces/res00088,res00088,Service Bus,Integration,Premium Messaging Unit,swedencentral,Usage,131.1088,1 GB,13.6511,USD
2026-06-15,00000000-0000-0000-0000-000000000011,sub-management,rg-shared-prod-001,/subscriptions/00000000-0000-0000-0000-000000000011/resourceGroups/rg-shared-prod-001/providers/Microsoft.RecoveryServices/vaults/res00506,res00506,Azure Backup,Storage,Backup Storage LRS,northeurope,Usage,112.4173,1 GB/Month,3.0215,USD
2026-06-15,00000000-0000-0000-0000-000000000007,sub-network-spoke,rg-monitoring-prod-001,/subscriptions/00000000-0000-0000-0000-000000000007/resourceGroups/rg-monitoring-prod-001/providers/Microsoft.DocumentDB/databaseAccounts/res00103,res00103,Azure Cosmos DB,Databases,RU/s Provisioned,swedencentral,Usage,21.5408,1 Unit,39.7254,USD
2026-06-15,00000000-0000-0000-0000-000000000003,sub-platform-test,rg-security-dev-003,/subscriptions/00000000-0000-0000-0000-000000000003/resourceGroups/rg-security-dev-003/providers/Microsoft.Web/sites/res01299,res01299,Azure Functions,Compute,Total Executions,global,Usage,113.9294,1M Operations,0.555,USD
2026-06-15,00000000-0000-0000-0000-000000000003,sub-platform-test,rg-app-corp-003,/subscriptions/00000000-0000-0000-0000-000000000003/resourceGroups/rg-app-corp-003/providers/Microsoft.Storage/storageAccounts/res01056,res01056,Storage,Storage,General Block Blob,germanywestcentral,Usage,165.2786,1M Operations,3.0875,USD
2026-06-15,00000000-0000-0000-0000-000000000010,sub-identity,rg-backup-test-002,/subscriptions/00000000-0000-0000-0000-000000000010/resourceGroups/rg-backup-test-002/providers/Microsoft.Network/applicationGateways/res00579,res00579,Application Gateway,Networking,Capacity Unit,francecentral,Usage,76.4712,1 GB,29.955,USD
2026-06-15,00000000-0000-0000-0000-000000000012,sub-sandbox,rg-monitoring-corp-003,/subscriptions/00000000-0000-0000-0000-000000000012/resourceGroups/rg-monitoring-corp-003/providers/Microsoft.Databricks/workspaces/res01943,res01943,Azure Databricks,Analytics,Standard DBU,northeurope,Usage,132.4974,1 Hour,40.9497,USD
2026-06-15,00000000-0000-0000-0000-000000000006,sub-network-hub,rg-data-prod-003,/subscriptions/00000000-0000-0000-0000-000000000006/resourceGroups/rg-data-prod-003/providers/Microsoft.Insights/components/res00429,res00429,Azure Monitor,Management and Governance,Alerts,global,Usage,7.4358,1 Hour,23.0299,USD
2026-06-15,00000000-0000-0000-0000-000000000011,sub-management,rg-compute-hub-003,/subscriptions/00000000-0000-0000-0000-000000000011/resourceGroups/rg-compute-hub-003/providers/Microsoft.OperationalInsights/workspaces/res00975,res00975,Log Analytics,Management and Governance,Data Retention,westeurope,Usage,14.132,1 GB/Month,57.4934,USD
2026-06-15,00000000-0000-0000-0000-000000000003,sub-platform-test,rg-compute-hub-003,/subscriptions/00000000-0000-0000-0000-000000000003/resourceGroups/rg-compute-hub-003/providers/Microsoft.Insights/components/res01419,res01419,Azure Monitor,Management and Governance,Alerts,francecentral,Usage,56.2884,10 GB,18.0643,USD
2026-06-15,00000000-0000-0000-0000-000000000006,sub-network-hub,rg-identity-corp-004,/subscriptions/00000000-0000-0000-0000-000000000006/resourceGroups/rg-identity-corp-004/providers/Microsoft.Network/bandwidth/res01021,res01021,Bandwidth,Networking,Inter-Region,swedencentral,Usage,110.3351,1 GB,33.5204,USD
2026-06-15,00000000-0000-0000-0000-000000000006,sub-network-hub,rg-data-prod-002,/subscriptions/00000000-0000-0000-0000-000000000006/resourceGroups/rg-data-prod-002/providers/Microsoft.ContainerService/managedClusters/res00194,res00194,Azure Kubernetes Service,Compute,Uptime SLA,northeurope,Usage,175.3565,1 GB,12.1768,USD
2026-06-15,00000000-0000-0000-0000-000000000006,sub-network-hub,rg-network-dev-004,/subscriptions/00000000-0000-0000-0000-000000000006/resourceGroups/rg-network-dev-004/providers/Microsoft.Network/virtualNetworks/res01562,res01562,Virtual Network,Networking,Private Endpoint,uksouth,Usage,203.7387,1 GB,8.4505,USD
2026-06-15,00000000-0000-0000-0000-000000000004,sub-data-prod,rg-network-prod-001,/subscriptions/00000000-0000-0000-0000-000000000004/resourceGroups/rg-network-prod-001/providers/Microsoft.KeyVault/vaults/res01466,res01466,Key Vault,Security,HSM Protected Keys,francecentral,Usage,191.7605,1 Unit,2.644,USD
2026-06-15,00000000-0000-0000-0000-000000000008,sub-apps-online,rg-identity-dev-004,/subscriptions/00000000-0000-0000-0000-000000000008/resourceGroups/rg-identity-dev-004/providers/Microsoft.ContainerRegistry/registries/res00290,res00290,Container Registry,Containers,Build Minutes,francecentral,Usage,221.665,100 Hours,16.9782,USD
2026-06-15,00000000-0000-0000-0000-000000000001,sub-platform-prod,rg-compute-hub-001,/subscriptions/00000000-0000-0000-0000-000000000001/resourceGroups/rg-compute-hub-001/providers/Microsoft.DocumentDB/databaseAccounts/res00288,res00288,Azure Cosmos DB,Databases,RU/s Provisioned,germanywestcentral,Usage,119.781,100 Hours,45.3451,USD
2026-06-15,00000000-0000-0000-0000-000000000001,sub-platform-prod,rg-backup-dev-002,/subscriptions/00000000-0000-0000-0000-000000000001/resourceGroups/rg-backup-dev-002/providers/Microsoft.Network/ddosProtectionPlans/res01225,res01225,Azure DDoS Protection,Networking,Data Processed,global,Usage,136.2388,1 Hour,77.1958,USD
2026-06-15,00000000-0000-0000-0000-000000000009,sub-apps-corp,rg-security-corp-004,/subscriptions/00000000-0000-0000-0000-000000000009/resourceGroups/rg-security-corp-004/providers/Microsoft.Network/ddosProtectionPlans/res01678,res01678,Azure DDoS Protection,Networking,Data Processed,germanywestcentral,Usage,27.9299,1 Hour,68.291,USD
2026-06-15,00000000-0000-0000-0000-000000000011,sub-management,rg-identity-hub-002,/subscriptions/00000000-0000-0000-0000-000000000011/resourceGroups/rg-identity-hub-002/providers/Microsoft.OperationalInsights/workspaces/res01435,res01435,Log Analytics,Management and Governance,Data Retention,swedencentral,Usage,220.8418,100 Hours,103.6917,USD
2026-06-15,00000000-0000-0000-0000-000000000005,sub-data-dev,rg-security-dev-004,/subscriptions/00000000-0000-0000-0000-000000000005/resourceGroups/rg-security-dev-004/providers/Microsoft.Insights/components/res00854,res00854,Azure Monitor,Management and Governance,Metrics,swedencentral,Usage,167.2863,1M Operations,8.0609,USD
2026-06-15,00000000-0000-0000-0000-000000000003,sub-platform-test,rg-compute-corp-004,/subscriptions/00000000-0000-0000-0000-000000000003/resourceGroups/rg-compute-corp-004/providers/Microsoft.Security/pricings/res01797,res01797,Microsoft Defender for Cloud,Security,Defender for Servers P2,uksouth,Usage,234.0461,1 Unit,27.6477,USD
2026-06-15,00000000-0000-0000-0000-000000000009,sub-apps-corp,rg-shared-prod-003,/subscriptions/00000000-0000-0000-0000-000000000009/resourceGroups/rg-shared-prod-003/providers/Microsoft.Network/applicationGateways/res00640,res00640,Application Gateway,Networking,Capacity Unit,westeurope,Usage,110.4808,100 Hours,34.7971,USD
2026-06-15,00000000-0000-0000-0000-000000000008,sub-apps-online,rg-data-test-002,/subscriptions/00000000-0000-0000-0000-000000000008/resourceGroups/rg-data-test-002/providers/Microsoft.DocumentDB/databaseAccounts/res01732,res01732,Azure Cosmos DB,Databases,Storage,global,Usage,150.924,1 Hour,39.2963,USD
2026-06-15,00000000-0000-0000-0000-000000000002,sub-platform-dev,rg-security-hub-003,/subscriptions/00000000-0000-0000-0000-000000000002/resourceGroups/rg-security-hub-003/providers/Microsoft.Sql/managedInstances/res00535,res00535,Azure SQL Managed Instance,Databases,vCore BC,swedencentral,Usage,104.0031,10 GB,59.8165,USD
2026-06-15,00000000-0000-0000-0000-000000000005,sub-data-dev,rg-shared-dev-004,/subscriptions/00000000-0000-0000-0000-000000000005/resourceGroups/rg-shared-dev-004/providers/Microsoft.Network/virtualNetworks/res00754,res00754,Virtual Network,Networking,Private Endpoint,westeurope,Usage,107.8567,1 Hour,1.8981,USD
2026-06-15,00000000-0000-0000-0000-000000000005,sub-data-dev,rg-identity-prod-001,/subscriptions/00000000-0000-0000-0000-000000000005/resourceGroups/rg-identity-prod-001/providers/Microsoft.Network/ddosProtectionPlans/res01640,res01640,Azure DDoS Protection,Networking,Protection Plan,germanywestcentral,Usage,207.6251,10 GB,53.636,USD
2026-06-15,00000000-0000-0000-0000-000000000011,sub-management,rg-network-corp-002,/subscriptions/00000000-0000-0000-0000-000000000011/resourceGroups/rg-network-corp-002/providers/Microsoft.Network/virtualNetworks/res01140,res01140,Virtual Network,Networking,Private Endpoint,francecentral,Usage,147.8947,1 GB,11.9732,USD
2026-06-15,00000000-0000-0000-0000-000000000006,sub-network-hub,rg-shared-corp-002,/subscriptions/00000000-0000-0000-0000-000000000006/resourceGroups/rg-shared-corp-002/providers/Microsoft.Databricks/workspaces/res00663,res00663,Azure Databricks,Analytics,Jobs Compute DBU,swedencentral,Usage,144.8966,1 GB/Month,103.7071,USD
2026-06-15,00000000-0000-0000-0000-000000000011,sub-management,rg-app-test-004,/subscriptions/00000000-0000-0000-0000-000000000011/resourceGroups/rg-app-test-004/providers/Microsoft.Insights/components/res01802,res01802,Azure Monitor,Management and Governance,Metrics,northeurope,Usage,21.3296,1 GB/Month,29.5922,USD
2026-06-15,00000000-0000-0000-0000-000000000001,sub-platform-prod,rg-identity-corp-002,/subscriptions/00000000-0000-0000-0000-000000000001/resourceGroups/rg-identity-corp-002/providers/Microsoft.Sql/servers/databases/res00655,res00655,Azure SQL Database,Databases,vCore Gen5,uksouth,Usage,90.2367,100 Hours,83.1708,USD
2026-06-15,00000000-0000-0000-0000-000000000011,sub-management,rg-monitoring-corp-003,/subscriptions/00000000-0000-0000-0000-000000000011/resourceGroups/rg-monitoring-corp-003/providers/Microsoft.Network/virtualNetworks/res00659,res00659,Virtual Network,Networking,Data Transfer Out,global,Usage,88.9873,1 Hour,13.6852,USD
2026-06-15,00000000-0000-0000-0000-000000000005,sub-data-dev,rg-data-corp-001,/subscriptions/00000000-0000-0000-0000-000000000005/resourceGroups/rg-data-corp-001/providers/Microsoft.ServiceBus/namespaces/res00807,res00807,Service Bus,Integration,Operations,northeurope,Usage,5.6341,1M Operations,20.3862,USD
2026-06-15,00000000-0000-0000-0000-000000000010,sub-identity,rg-data-hub-002,/subscriptions/00000000-0000-0000-0000-000000000010/resourceGroups/rg-data-hub-002/providers/Microsoft.ServiceBus/namespaces/res01216,res01216,Service Bus,Integration,Premium Messaging Unit,westeurope,Usage,100.603,1 Hour,20.6442,USD
2026-06-15,00000000-0000-0000-0000-000000000004,sub-data-prod,rg-data-hub-004,/subscriptions/00000000-0000-0000-0000-000000000004/resourceGroups/rg-data-hub-004/providers/Microsoft.Sql/managedInstances/res01060,res01060,Azure SQL Managed Instance,Databases,vCore BC,swedencentral,Usage,66.667,1 GB/Month,177.9498,USD
2026-06-15,00000000-0000-0000-0000-000000000011,sub-management,rg-security-prod-004,/subscriptions/00000000-0000-0000-0000-000000000011/resourceGroups/rg-security-prod-004/providers/Microsoft.Storage/storageAccounts/res00947,res00947,Storage,Storage,Hot LRS,germanywestcentral,Usage,28.3747,1 GB,88.3536,USD
2026-06-15,00000000-0000-0000-0000-000000000010,sub-identity,rg-backup-corp-004,/subscriptions/00000000-0000-0000-0000-000000000010/resourceGroups/rg-backup-corp-004/providers/Microsoft.Storage/storageAccounts/res01990,res01990,Storage,Storage,Hot LRS,uksouth,Usage,38.3626,1 GB/Month,44.7035,USD
2026-06-15,00000000-0000-0000-0000-000000000001,sub-platform-prod,rg-network-test-004,/subscriptions/00000000-0000-0000-0000-000000000001/resourceGroups/rg-network-test-004/providers/Microsoft.ServiceBus/namespaces/res00267,res00267,Service Bus,Integration,Operations,germanywestcentral,Usage,162.7994,1 GB,3.1097,USD
2026-06-15,00000000-0000-0000-0000-000000000002,sub-platform-dev,rg-monitoring-prod-002,/subscriptions/00000000-0000-0000-0000-000000000002/resourceGroups/rg-monitoring-prod-002/providers/Microsoft.Sql/managedInstances/res01789,res01789,Azure SQL Managed Instance,Databases,vCore GP,northeurope,Usage,192.5595,1 GB/Month,85.1295,USD
2026-06-15,00000000-0000-0000-0000-000000000008,sub-apps-online,rg-identity-hub-004,/subscriptions/00000000-0000-0000-0000-000000000008/resourceGroups/rg-identity-hub-004/providers/Microsoft.Web/sites/res00439,res00439,Azure App Service,Compute,I1v2,uksouth,Usage,226.7073,1 GB/Month,13.5679,USD
2026-06-15,00000000-0000-0000-0000-000000000010,sub-identity,rg-shared-dev-003,/subscriptions/00000000-0000-0000-0000-000000000010/resourceGroups/rg-shared-dev-003/providers/Microsoft.Web/sites/res00561,res00561,Azure Functions,Compute,Total Executions,swedencentral,Usage,68.9293,100 Hours,4.1407,USD
2026-06-15,00000000-0000-0000-0000-000000000012,sub-sandbox,rg-security-dev-003,/subscriptions/00000000-0000-0000-0000-000000000012/resourceGroups/rg-security-dev-003/providers/Microsoft.Web/sites/res00268,res00268,Azure App Service,Compute,P2v3,northeurope,Usage,179.2566,1 Hour,49.5327,USD
2026-06-15,00000000-0000-0000-0000-000000000001,sub-platform-prod,rg-backup-corp-004,/subscriptions/00000000-0000-0000-0000-000000000001/resourceGroups/rg-backup-corp-004/providers/Microsoft.Security/pricings/res00173,res00173,Microsoft Defender for Cloud,Security,Defender for SQL,global,Usage,184.5502,100 Hours,27.3953,USD
2026-06-15,00000000-0000-0000-0000-000000000007,sub-network-spoke,rg-data-prod-003,/subscriptions/00000000-0000-0000-0000-000000000007/resourceGroups/rg-data-prod-003/providers/Microsoft.OperationalInsights/workspaces/res01967,res01967,Log Analytics,Management and Governance,Data Retention,northeurope,Usage,97.9331,10 GB,14.8543,USD
2026-06-15,00000000-0000-0000-0000-000000000005,sub-data-dev,rg-identity-dev-001,/subscriptions/00000000-0000-0000-0000-000000000005/resourceGroups/rg-identity-dev-001/providers/Microsoft.Web/sites/res00692,res00692,Azure Functions,Compute,Execution Time,northeurope,Usage,57.8541,1M Operations,3.5064,USD
2026-06-15,00000000-0000-0000-0000-000000000007,sub-network-spoke,rg-compute-dev-003,/subscriptions/00000000-0000-0000-0000-000000000007/resourceGroups/rg-compute-dev-003/providers/Microsoft.Insights/components/res00932,res00932,Azure Monitor,Management and Governance,Application Insights,uksouth,Usage,74.1664,1 GB,16.1791,USD
2026-06-15,00000000-0000-0000-0000-000000000004,sub-data-prod,rg-shared-corp-002,/subscriptions/00000000-0000-0000-0000-000000000004/resourceGroups/rg-shared-corp-002/providers/Microsoft.Sql/managedInstances/res00908,res00908,Azure SQL Managed Instance,Databases,vCore BC,swedencentral,Usage,149.2694,1 Unit,70.9822,USD
2026-06-15,00000000-0000-0000-0000-000000000007,sub-network-spoke,rg-backup-hub-002,/subscriptions/00000000-0000-0000-0000-000000000007/resourceGroups/rg-backup-hub-002/providers/Microsoft.Network/applicationGateways/res00190,res00190,Application Gateway,Networking,Capacity Unit,swedencentral,Usage,154.3461,10 GB,32.8002,USD
2026-06-15,00000000-0000-0000-0000-000000000002,sub-platform-dev,rg-data-dev-004,/subscriptions/00000000-0000-0000-0000-000000000002/resourceGroups/rg-data-dev-004/providers/Microsoft.Web/sites/res01095,res01095,Azure App Service,Compute,P1v3,uksouth,Usage,230.3661,1 Hour,3.946,USD
2026-06-15,00000000-0000-0000-0000-000000000006,sub-network-hub,rg-monitoring-corp-003,/subscriptions/00000000-0000-0000-0000-000000000006/resourceGroups/rg-monitoring-corp-003/providers/Microsoft.Web/sites/res01090,res01090,Azure Functions,Compute,Total Executions,uksouth,Usage,143.1055,1 GB,6.4355,USD
2026-06-15,00000000-0000-0000-0000-000000000006,sub-network-hub,rg-data-dev-002,/subscriptions/00000000-0000-0000-0000-000000000006/resourceGroups/rg-data-dev-002/providers/Microsoft.KeyVault/vaults/res00087,res00087,Key Vault,Security,Operations,northeurope,Usage,146.089,1M Operations,3.6753,USD
2026-06-15,00000000-0000-0000-0000-000000000005,sub-data-dev,rg-shared-corp-003,/subscriptions/00000000-0000-0000-0000-000000000005/resourceGroups/rg-shared-corp-003/providers/Microsoft.Compute/virtualMachines/res01057,res01057,Virtual Machines,Compute,Standard_B2ms,francecentral,Usage,214.7854,1M Operations,7.7879,USD
2026-06-15,00000000-0000-0000-0000-000000000011,sub-management,rg-data-test-003,/subscriptions/00000000-0000-0000-0000-000000000011/resourceGroups/rg-data-test-003/providers/Microsoft.Network/bandwidth/res01048,res01048,Bandwidth,Networking,Data Transfer Out - Zone 1,swedencentral,Usage,116.5011,1M Operations,0.7206,USD
2026-06-15,00000000-0000-0000-0000-000000000006,sub-network-hub,rg-shared-test-004,/subscriptions/00000000-0000-0000-0000-000000000006/resourceGroups/rg-shared-test-004/providers/Microsoft.ServiceBus/namespaces/res01542,res01542,Service Bus,Integration,Operations,germanywestcentral,Usage,162.236,1 Hour,2.46,USD
2026-06-15,00000000-0000-0000-0000-000000000006,sub-network-hub,rg-network-prod-003,/subscriptions/00000000-0000-0000-0000-000000000006/resourceGroups/rg-network-prod-003/providers/Microsoft.Network/loadBalancers/res00388,res00388,Load Balancer,Networking,Data Processed,northeurope,Usage,44.9138,1 GB,2.0836,USD
2026-06-15,00000000-0000-0000-0000-000000000009,sub-apps-corp,rg-network-test-002,/subscriptions/00000000-0000-0000-0000-000000000009/resourceGroups/rg-network-test-002/providers/Microsoft.Compute/virtualMachines/res01702,res01702,Virtual Machines,Compute,Standard_D2s_v5,uksouth,Usage,228.0636,1M Operations,49.0587,USD
2026-06-15,00000000-0000-0000-0000-000000000011,sub-management,rg-monitoring-dev-002,/subscriptions/00000000-0000-0000-0000-000000000011/resourceGroups/rg-monitoring-dev-002/providers/Microsoft.ServiceBus/namespaces/res00957,res00957,Service Bus,Integration,Premium Messaging Unit,northeurope,Usage,50.2027,1M Operations,12.7517,USD
2026-06-15,00000000-0000-0000-0000-000000000001,sub-platform-prod,rg-shared-dev-002,/subscriptions/00000000-0000-0000-0000-000000000001/resourceGroups/rg-shared-dev-002/providers/Microsoft.Insights/components/res01822,res01822,Azure Monitor,Management and Governance,Alerts,global,Usage,144.8835,1 GB/Month,0.5755,USD
2026-06-15,00000000-0000-0000-0000-000000000010,sub-identity,rg-data-corp-004,/subscriptions/00000000-0000-0000-0000-000000000010/resourceGroups/rg-data-corp-004/providers/Microsoft.Compute/virtualMachines/res01348,res01348,Virtual Machines,Compute,Standard_D2s_v5,westeurope,Usage,197.8798,1 GB/Month,110.1162,USD
2026-06-15,00000000-0000-0000-0000-000000000012,sub-sandbox,rg-backup-hub-003,/subscriptions/00000000-0000-0000-0000-000000000012/resourceGroups/rg-backup-hub-003/providers/Microsoft.Sql/managedInstances/res00338,res00338,Azure SQL Managed Instance,Databases,vCore BC,northeurope,Usage,150.1928,1 Unit,89.2034,USD
2026-06-15,00000000-0000-0000-0000-000000000011,sub-management,rg-shared-hub-002,/subscriptions/00000000-0000-0000-0000-000000000011/resourceGroups/rg-shared-hub-002/providers/Microsoft.KeyVault/vaults/res00057,res00057,Key Vault,Security,Operations,uksouth,Usage,207.714,1 GB/Month,3.7309,USD
2026-06-15,00000000-0000-0000-0000-000000000006,sub-network-hub,rg-backup-prod-004,/subscriptions/00000000-0000-0000-0000-000000000006/resourceGroups/rg-backup-prod-004/providers/Microsoft.KeyVault/vaults/res00500,res00500,Key Vault,Security,HSM Protected Keys,germanywestcentral,Usage,3.9541,1M Operations,3.798,USD
2026-06-15,00000000-0000-0000-0000-000000000008,sub-apps-online,rg-identity-prod-001,/subscriptions/00000000-0000-0000-0000-000000000008/resourceGroups/rg-identity-prod-001/providers/Microsoft.Sql/servers/databases/res01545,res01545,Azure SQL Database,Databases,Business Critical,global,Usage,77.6517,1 GB/Month,71.409,USD
2026-06-15,00000000-0000-0000-0000-000000000008,sub-apps-online,rg-network-prod-004,/subscriptions/00000000-0000-0000-0000-000000000008/resourceGroups/rg-network-prod-004/providers/Microsoft.ServiceBus/namespaces/res00936,res00936,Service Bus,Integration,Premium Messaging Unit,uksouth,Usage,118.7831,10 GB,3.4181,USD
2026-06-15,00000000-0000-0000-0000-000000000001,sub-platform-prod,rg-monitoring-corp-004,/subscriptions/00000000-0000-0000-0000-000000000001/resourceGroups/rg-monitoring-corp-004/providers/Microsoft.Security/pricings/res01872,res01872,Microsoft Defender for Cloud,Security,Defender for SQL,westeurope,Usage,12.3317,1 Unit,4.4034,USD
2026-06-15,00000000-0000-0000-0000-000000000007,sub-network-spoke,rg-monitoring-prod-003,/subscriptions/00000000-0000-0000-0000-000000000007/resourceGroups/rg-monitoring-prod-003/providers/Microsoft.Insights/components/res00747,res00747,Azure Monitor,Management and Governance,Application Insights,swedencentral,Usage,198.1799,1M Operations,11.1508,USD
2026-06-15,00000000-0000-0000-0000-000000000003,sub-platform-test,rg-app-dev-002,/subscriptions/00000000-0000-0000-0000-000000000003/resourceGroups/rg-app-dev-002/providers/Microsoft.Network/ddosProtectionPlans/res00943,res00943,Azure DDoS Protection,Networking,Data Processed,uksouth,Usage,75.8711,100 Hours,67.4754,USD
2026-06-15,00000000-0000-0000-0000-000000000006,sub-network-hub,rg-app-hub-002,/subscriptions/00000000-0000-0000-0000-000000000006/resourceGroups/rg-app-hub-002/providers/Microsoft.Compute/virtualMachines/res00240,res00240,Virtual Machines,Compute,Standard_E4s_v5,global,Usage,149.1613,1 Unit,47.522,USD
2026-06-15,00000000-0000-0000-0000-000000000005,sub-data-dev,rg-shared-prod-004,/subscriptions/00000000-0000-0000-0000-000000000005/resourceGroups/rg-shared-prod-004/providers/Microsoft.Network/ddosProtectionPlans/res00339,res00339,Azure DDoS Protection,Networking,Protection Plan,francecentral,Usage,65.9263,1 Hour,68.8298,USD
2026-06-15,00000000-0000-0000-0000-000000000008,sub-apps-online,rg-monitoring-hub-004,/subscriptions/00000000-0000-0000-0000-000000000008/resourceGroups/rg-monitoring-hub-004/providers/Microsoft.Network/azureFirewalls/res01169,res01169,Azure Firewall,Networking,Data Processed,global,Usage,77.5972,1 GB/Month,40.7314,USD
2026-06-15,00000000-0000-0000-0000-000000000010,sub-identity,rg-monitoring-corp-002,/subscriptions/00000000-0000-0000-0000-000000000010/resourceGroups/rg-monitoring-corp-002/providers/Microsoft.Sql/servers/databases/res01920,res01920,Azure SQL Database,Databases,Business Critical,germanywestcentral,Usage,233.8675,10 GB,17.4937,USD
2026-06-15,00000000-0000-0000-0000-000000000007,sub-network-spoke,rg-compute-hub-004,/subscriptions/00000000-0000-0000-0000-000000000007/resourceGroups/rg-compute-hub-004/providers/Microsoft.Storage/storageAccounts/res01923,res01923,Storage,Storage,Cool LRS,germanywestcentral,Usage,5.4936,10 GB,8.9289,USD
2026-06-15,00000000-0000-0000-0000-000000000001,sub-platform-prod,rg-network-dev-004,/subscriptions/00000000-0000-0000-0000-000000000001/resourceGroups/rg-network-dev-004/providers/Microsoft.Insights/components/res00512,res00512,Azure Monitor,Management and Governance,Application Insights,northeurope,Usage,2.1798,1 Unit,3.3946,USD
2026-06-15,00000000-0000-0000-0000-000000000009,sub-apps-corp,rg-monitoring-prod-004,/subscriptions/00000000-0000-0000-0000-000000000009/resourceGroups/rg-monitoring-prod-004/providers/Microsoft.Sql/servers/databases/res01078,res01078,Azure SQL Database,Databases,General Purpose,uksouth,Usage,17.0186,10 GB,22.1924,USD
2026-06-15,00000000-0000-0000-0000-000000000009,sub-apps-corp,rg-backup-dev-004,/subscriptions/00000000-0000-0000-0000-000000000009/resourceGroups/rg-backup-dev-004/providers/Microsoft.ServiceBus/namespaces/res00849,res00849,Service Bus,Integration,Operations,uksouth,Usage,104.1674,1 Hour,13.5445,USD
2026-06-15,00000000-0000-0000-0000-000000000001,sub-platform-prod,rg-network-prod-003,/subscriptions/00000000-0000-0000-0000-000000000001/resourceGroups/rg-network-prod-003/providers/Microsoft.Sql/managedInstances/res01751,res01751,Azure SQL Managed Instance,Databases,vCore GP,swedencentral,Usage,35.7127,1 GB,197.0105,USD
2026-06-15,00000000-0000-0000-0000-000000000011,sub-management,rg-backup-dev-002,/subscriptions/00000000-0000-0000-0000-000000000011/resourceGroups/rg-backup-dev-002/providers/Microsoft.Sql/servers/databases/res00716,res00716,Azure SQL Database,Databases,DTU,northeurope,Usage,101.549,100 Hours,73.0937,USD
2026-06-15,00000000-0000-0000-0000-000000000003,sub-platform-test,rg-data-test-003,/subscriptions/00000000-0000-0000-0000-000000000003/resourceGroups/rg-data-test-003/providers/Microsoft.Network/azureFirewalls/res00285,res00285,Azure Firewall,Networking,Deployment Hours,germanywestcentral,Usage,155.124,100 Hours,35.8444,USD
2026-06-15,00000000-0000-0000-0000-000000000003,sub-platform-test,rg-compute-prod-001,/subscriptions/00000000-0000-0000-0000-000000000003/resourceGroups/rg-compute-prod-001/providers/Microsoft.Security/pricings/res01262,res01262,Microsoft Defender for Cloud,Security,Defender for Storage,germanywestcentral,Usage,122.0686,1 GB,23.4865,USD
2026-06-15,00000000-0000-0000-0000-000000000001,sub-platform-prod,rg-monitoring-test-001,/subscriptions/00000000-0000-0000-0000-000000000001/resourceGroups/rg-monitoring-test-001/providers/Microsoft.Sql/servers/databases/res01004,res01004,Azure SQL Database,Databases,General Purpose,uksouth,Usage,6.689,1 GB,137.0959,USD
2026-06-15,00000000-0000-0000-0000-000000000011,sub-management,rg-backup-corp-001,/subscriptions/00000000-0000-0000-0000-000000000011/resourceGroups/rg-backup-corp-001/providers/Microsoft.KeyVault/vaults/res01100,res01100,Key Vault,Security,Operations,uksouth,Usage,122.8234,1 Hour,6.8921,USD
2026-06-15,00000000-0000-0000-0000-000000000009,sub-apps-corp,rg-monitoring-corp-003,/subscriptions/00000000-0000-0000-0000-000000000009/resourceGroups/rg-monitoring-corp-003/providers/Microsoft.ContainerService/managedClusters/res00367,res00367,Azure Kubernetes Service,Compute,Standard Tier,uksouth,Usage,190.1697,1 GB/Month,41.253,USD
2026-06-15,00000000-0000-0000-0000-000000000006,sub-network-hub,rg-identity-prod-002,/subscriptions/00000000-0000-0000-0000-000000000006/resourceGroups/rg-identity-prod-002/providers/Microsoft.Network/applicationGateways/res01444,res01444,Application Gateway,Networking,WAF v2 Fixed,northeurope,Usage,142.4673,1 GB/Month,26.4046,USD
2026-06-15,00000000-0000-0000-0000-000000000011,sub-management,rg-identity-prod-004,/subscriptions/00000000-0000-0000-0000-000000000011/resourceGroups/rg-identity-prod-004/providers/Microsoft.Web/sites/res01207,res01207,Azure Functions,Compute,Execution Time,francecentral,Usage,155.5303,1 GB/Month,9.6612,USD
2026-06-15,00000000-0000-0000-0000-000000000010,sub-identity,rg-network-dev-001,/subscriptions/00000000-0000-0000-0000-000000000010/resourceGroups/rg-network-dev-001/providers/Microsoft.DocumentDB/databaseAccounts/res00584,res00584,Azure Cosmos DB,Databases,RU/s Provisioned,uksouth,Usage,63.7734,10 GB,55.8719,USD
2026-06-15,00000000-0000-0000-0000-000000000009,sub-apps-corp,rg-data-hub-002,/subscriptions/00000000-0000-0000-0000-000000000009/resourceGroups/rg-data-hub-002/providers/Microsoft.Network/loadBalancers/res00832,res00832,Load Balancer,Networking,Data Processed,swedencentral,Usage,59.4389,1M Operations,15.5807,USD
2026-06-15,00000000-0000-0000-0000-000000000002,sub-platform-dev,rg-security-hub-002,/subscriptions/00000000-0000-0000-0000-000000000002/resourceGroups/rg-security-hub-002/providers/Microsoft.Web/sites/res00183,res00183,Azure App Service,Compute,S1,francecentral,Usage,61.2268,1 Unit,26.0472,USD
2026-06-15,00000000-0000-0000-0000-000000000011,sub-management,rg-monitoring-corp-002,/subscriptions/00000000-0000-0000-0000-000000000011/resourceGroups/rg-monitoring-corp-002/providers/Microsoft.KeyVault/vaults/res01316,res01316,Key Vault,Security,HSM Protected Keys,francecentral,Usage,184.4722,100 Hours,2.4896,USD
2026-06-15,00000000-0000-0000-0000-000000000009,sub-apps-corp,rg-security-test-003,/subscriptions/00000000-0000-0000-0000-000000000009/resourceGroups/rg-security-test-003/providers/Microsoft.EventHub/namespaces/res00035,res00035,Event Hubs,Analytics,Capture,germanywestcentral,Usage,104.8743,1 Hour,22.3262,USD
2026-06-15,00000000-0000-0000-0000-000000000003,sub-platform-test,rg-backup-hub-004,/subscriptions/00000000-0000-0000-0000-000000000003/resourceGroups/rg-backup-hub-004/providers/Microsoft.Security/pricings/res00318,res00318,Microsoft Defender for Cloud,Security,Defender for SQL,westeurope,Usage,84.5512,10 GB,3.7884,USD
2026-06-15,00000000-0000-0000-0000-000000000005,sub-data-dev,rg-app-dev-001,/subscriptions/00000000-0000-0000-0000-000000000005/resourceGroups/rg-app-dev-001/providers/Microsoft.Sql/managedInstances/res01552,res01552,Azure SQL Managed Instance,Databases,vCore GP,francecentral,Usage,203.6087,1 Hour,129.1496,USD
2026-06-15,00000000-0000-0000-0000-000000000010,sub-identity,rg-network-hub-004,/subscriptions/00000000-0000-0000-0000-000000000010/resourceGroups/rg-network-hub-004/providers/Microsoft.Web/sites/res00008,res00008,Azure Functions,Compute,Execution Time,uksouth,Usage,150.4383,100 Hours,10.6425,USD
2026-06-15,00000000-0000-0000-0000-000000000007,sub-network-spoke,rg-security-corp-004,/subscriptions/00000000-0000-0000-0000-000000000007/resourceGroups/rg-security-corp-004/providers/Microsoft.Sql/servers/databases/res00445,res00445,Azure SQL Database,Databases,Business Critical,germanywestcentral,Usage,187.5731,1 GB,47.2753,USD
2026-06-15,00000000-0000-0000-0000-000000000004,sub-data-prod,rg-monitoring-dev-001,/subscriptions/00000000-0000-0000-0000-000000000004/resourceGroups/rg-monitoring-dev-001/providers/Microsoft.Compute/virtualMachines/res01774,res01774,Virtual Machines,Compute,Standard_D2s_v5,northeurope,Usage,4.4385,1M Operations,46.2329,USD
2026-06-15,00000000-0000-0000-0000-000000000009,sub-apps-corp,rg-backup-dev-003,/subscriptions/00000000-0000-0000-0000-000000000009/resourceGroups/rg-backup-dev-003/providers/Microsoft.KeyVault/vaults/res00336,res00336,Key Vault,Security,HSM Protected Keys,germanywestcentral,Usage,77.0168,100 Hours,0.9001,USD
2026-06-15,00000000-0000-0000-0000-000000000004,sub-data-prod,rg-shared-prod-004,/subscriptions/00000000-0000-0000-0000-000000000004/resourceGroups/rg-shared-prod-004/providers/Microsoft.Network/virtualNetworks/res00053,res00053,Virtual Network,Networking,Data Transfer Out,uksouth,Usage,17.6441,1 GB/Month,12.5739,USD
2026-06-15,00000000-0000-0000-0000-000000000012,sub-sandbox,rg-compute-hub-001,/subscriptions/00000000-0000-0000-0000-000000000012/resourceGroups/rg-compute-hub-001/providers/Microsoft.ContainerRegistry/registries/res01082,res01082,Container Registry,Containers,Storage,westeurope,Usage,164.4359,1 Unit,20.0254,USD
2026-06-15,00000000-0000-0000-0000-000000000001,sub-platform-prod,rg-identity-dev-003,/subscriptions/00000000-0000-0000-0000-000000000001/resourceGroups/rg-identity-dev-003/providers/Microsoft.Network/ddosProtectionPlans/res00278,res00278,Azure DDoS Protection,Networking,Protection Plan,uksouth,Usage,122.5738,1 GB/Month,75.6083,USD
2026-06-15,00000000-0000-0000-0000-000000000009,sub-apps-corp,rg-app-prod-003,/subscriptions/00000000-0000-0000-0000-000000000009/resourceGroups/rg-app-prod-003/providers/Microsoft.ContainerRegistry/registries/res00089,res00089,Container Registry,Containers,Premium Registry,germanywestcentral,Usage,16.953,100 Hours,15.165,USD
2026-06-15,00000000-0000-0000-0000-000000000002,sub-platform-dev,rg-shared-test-004,/subscriptions/00000000-0000-0000-0000-000000000002/resourceGroups/rg-shared-test-004/providers/Microsoft.DocumentDB/databaseAccounts/res00593,res00593,Azure Cosmos DB,Databases,RU/s Provisioned,swedencentral,Usage,70.7422,1 Hour,6.1888,USD
2026-06-15,00000000-0000-0000-0000-000000000012,sub-sandbox,rg-network-hub-004,/subscriptions/00000000-0000-0000-0000-000000000012/resourceGroups/rg-network-hub-004/providers/Microsoft.Sql/managedInstances/res01110,res01110,Azure SQL Managed Instance,Databases,vCore BC,francecentral,Usage,74.8982,10 GB,151.5134,USD
2026-06-15,00000000-0000-0000-0000-000000000004,sub-data-prod,rg-backup-test-003,/subscriptions/00000000-0000-0000-0000-000000000004/resourceGroups/rg-backup-test-003/providers/Microsoft.Network/bandwidth/res00156,res00156,Bandwidth,Networking,Inter-Region,francecentral,Usage,19.5063,1 Unit,30.1169,USD
2026-06-15,00000000-0000-0000-0000-000000000004,sub-data-prod,rg-app-prod-001,/subscriptions/00000000-0000-0000-0000-000000000004/resourceGroups/rg-app-prod-001/providers/Microsoft.Sql/managedInstances/res00284,res00284,Azure SQL Managed Instance,Databases,vCore BC,westeurope,Usage,66.2075,1 Unit,98.9005,USD
2026-06-15,00000000-0000-0000-0000-000000000005,sub-data-dev,rg-compute-test-004,/subscriptions/00000000-0000-0000-0000-000000000005/resourceGroups/rg-compute-test-004/providers/Microsoft.Insights/components/res00378,res00378,Azure Monitor,Management and Governance,Alerts,westeurope,Usage,174.8767,1 GB/Month,11.1463,USD
2026-06-15,00000000-0000-0000-0000-000000000002,sub-platform-dev,rg-app-hub-002,/subscriptions/00000000-0000-0000-0000-000000000002/resourceGroups/rg-app-hub-002/providers/Microsoft.Databricks/workspaces/res01358,res01358,Azure Databricks,Analytics,Jobs Compute DBU,germanywestcentral,Usage,92.7465,1 GB,59.264,USD
2026-06-15,00000000-0000-0000-0000-000000000006,sub-network-hub,rg-shared-dev-001,/subscriptions/00000000-0000-0000-0000-000000000006/resourceGroups/rg-shared-dev-001/providers/Microsoft.RecoveryServices/vaults/res01217,res01217,Azure Backup,Storage,Backup Storage LRS,northeurope,Usage,199.023,10 GB,16.1207,USD
2026-06-15,00000000-0000-0000-0000-000000000002,sub-platform-dev,rg-security-test-001,/subscriptions/00000000-0000-0000-0000-000000000002/resourceGroups/rg-security-test-001/providers/Microsoft.RecoveryServices/vaults/res00427,res00427,Azure Backup,Storage,Backup Storage LRS,northeurope,Usage,100.123,1 Hour,12.5502,USD
2026-06-15,00000000-0000-0000-0000-000000000011,sub-management,rg-app-corp-004,/subscriptions/00000000-0000-0000-0000-000000000011/resourceGroups/rg-app-corp-004/providers/Microsoft.KeyVault/vaults/res00009,res00009,Key Vault,Security,HSM Protected Keys,francecentral,Usage,120.5057,100 Hours,6.4084,USD
2026-06-15,00000000-0000-0000-0000-000000000011,sub-management,rg-shared-prod-001,/subscriptions/00000000-0000-0000-0000-000000000011/resourceGroups/rg-shared-prod-001/providers/Microsoft.Sql/managedInstances/res01477,res01477,Azure SQL Managed Instance,Databases,vCore GP,northeurope,Usage,144.6602,100 Hours,130.6402,USD
2026-06-15,00000000-0000-0000-0000-000000000004,sub-data-prod,rg-security-hub-001,/subscriptions/00000000-0000-0000-0000-000000000004/resourceGroups/rg-security-hub-001/providers/Microsoft.Insights/components/res01921,res01921,Azure Monitor,Management and Governance,Metrics,global,Usage,197.8627,100 Hours,26.7173,USD
2026-06-15,00000000-0000-0000-0000-000000000010,sub-identity,rg-monitoring-hub-003,/subscriptions/00000000-0000-0000-0000-000000000010/resourceGroups/rg-monitoring-hub-003/providers/Microsoft.Sql/servers/databases/res01387,res01387,Azure SQL Database,Databases,DTU,swedencentral,Usage,153.3213,10 GB,100.4124,USD
2026-06-15,00000000-0000-0000-0000-000000000010,sub-identity,rg-compute-corp-002,/subscriptions/00000000-0000-0000-0000-000000000010/resourceGroups/rg-compute-corp-002/providers/Microsoft.Sql/servers/databases/res01143,res01143,Azure SQL Database,Databases,DTU,germanywestcentral,Usage,135.5279,1 Hour,35.4153,USD
2026-06-15,00000000-0000-0000-0000-000000000004,sub-data-prod,rg-network-test-002,/subscriptions/00000000-0000-0000-0000-000000000004/resourceGroups/rg-network-test-002/providers/Microsoft.Network/bandwidth/res01241,res01241,Bandwidth,Networking,Data Transfer Out - Zone 1,uksouth,Usage,155.4083,1M Operations,25.2547,USD
2026-06-15,00000000-0000-0000-0000-000000000012,sub-sandbox,rg-compute-test-003,/subscriptions/00000000-0000-0000-0000-000000000012/resourceGroups/rg-compute-test-003/providers/Microsoft.Network/applicationGateways/res00466,res00466,Application Gateway,Networking,WAF v2 Fixed,global,Usage,231.2516,100 Hours,21.3975,USD
2026-06-15,00000000-0000-0000-0000-000000000010,sub-identity,rg-compute-test-004,/subscriptions/00000000-0000-0000-0000-000000000010/resourceGroups/rg-compute-test-004/providers/Microsoft.Network/applicationGateways/res01329,res01329,Application Gateway,Networking,WAF v2 Fixed,global,Usage,70.8233,1M Operations,33.4065,USD
2026-06-15,00000000-0000-0000-0000-000000000005,sub-data-dev,rg-app-prod-001,/subscriptions/00000000-0000-0000-0000-000000000005/resourceGroups/rg-app-prod-001/providers/Microsoft.Sql/managedInstances/res01686,res01686,Azure SQL Managed Instance,Databases,vCore BC,francecentral,Usage,189.4682,1M Operations,138.4474,USD
2026-06-15,00000000-0000-0000-0000-000000000008,sub-apps-online,rg-identity-hub-004,/subscriptions/00000000-0000-0000-0000-000000000008/resourceGroups/rg-identity-hub-004/providers/Microsoft.Network/applicationGateways/res00302,res00302,Application Gateway,Networking,Capacity Unit,swedencentral,Usage,17.5023,100 Hours,29.4354,USD
2026-06-15,00000000-0000-0000-0000-000000000004,sub-data-prod,rg-monitoring-test-004,/subscriptions/00000000-0000-0000-0000-000000000004/resourceGroups/rg-monitoring-test-004/providers/Microsoft.Network/applicationGateways/res01529,res01529,Application Gateway,Networking,Capacity Unit,swedencentral,Usage,42.5661,1 Hour,43.9483,USD
2026-06-15,00000000-0000-0000-0000-000000000009,sub-apps-corp,rg-monitoring-hub-004,/subscriptions/00000000-0000-0000-0000-000000000009/resourceGroups/rg-monitoring-hub-004/providers/Microsoft.Storage/storageAccounts/res00023,res00023,Storage,Storage,General Block Blob,westeurope,Usage,52.5718,1M Operations,58.2859,USD
2026-06-15,00000000-0000-0000-0000-000000000003,sub-platform-test,rg-app-prod-002,/subscriptions/00000000-0000-0000-0000-000000000003/resourceGroups/rg-app-prod-002/providers/Microsoft.Security/pricings/res01094,res01094,Microsoft Defender for Cloud,Security,Defender for SQL,uksouth,Usage,39.963,10 GB,15.1044,USD
2026-06-15,00000000-0000-0000-0000-000000000009,sub-apps-corp,rg-monitoring-prod-002,/subscriptions/00000000-0000-0000-0000-000000000009/resourceGroups/rg-monitoring-prod-002/providers/Microsoft.Network/virtualNetworks/res01959,res01959,Virtual Network,Networking,VNet Peering,uksouth,Usage,132.4373,1 Hour,12.2384,USD
2026-06-15,00000000-0000-0000-0000-000000000001,sub-platform-prod,rg-network-prod-002,/subscriptions/00000000-0000-0000-0000-000000000001/resourceGroups/rg-network-prod-002/providers/Microsoft.Network/applicationGateways/res00198,res00198,Application Gateway,Networking,Capacity Unit,germanywestcentral,Usage,85.1417,10 GB,11.2596,USD
2026-06-15,00000000-0000-0000-0000-000000000009,sub-apps-corp,rg-compute-dev-001,/subscriptions/00000000-0000-0000-0000-000000000009/resourceGroups/rg-compute-dev-001/providers/Microsoft.DocumentDB/databaseAccounts/res01564,res01564,Azure Cosmos DB,Databases,RU/s Provisioned,global,Usage,176.3364,1 GB,47.793,USD
2026-06-15,00000000-0000-0000-0000-000000000011,sub-management,rg-network-test-001,/subscriptions/00000000-0000-0000-0000-000000000011/resourceGroups/rg-network-test-001/providers/Microsoft.Network/virtualNetworks/res01911,res01911,Virtual Network,Networking,Private Endpoint,northeurope,Usage,239.321,1M Operations,8.141,USD
2026-06-15,00000000-0000-0000-0000-000000000011,sub-management,rg-app-corp-004,/subscriptions/00000000-0000-0000-0000-000000000011/resourceGroups/rg-app-corp-004/providers/Microsoft.Security/pricings/res01839,res01839,Microsoft Defender for Cloud,Security,Defender for Storage,westeurope,Usage,179.8318,10 GB,32.9011,USD
2026-06-15,00000000-0000-0000-0000-000000000007,sub-network-spoke,rg-backup-prod-004,/subscriptions/00000000-0000-0000-0000-000000000007/resourceGroups/rg-backup-prod-004/providers/Microsoft.Storage/storageAccounts/res00188,res00188,Storage,Storage,General Block Blob,northeurope,Usage,29.0029,1M Operations,11.4316,USD
2026-06-15,00000000-0000-0000-0000-000000000005,sub-data-dev,rg-compute-corp-004,/subscriptions/00000000-0000-0000-0000-000000000005/resourceGroups/rg-compute-corp-004/providers/Microsoft.Network/applicationGateways/res01604,res01604,Application Gateway,Networking,Capacity Unit,global,Usage,15.5941,1 Unit,16.4013,USD
2026-06-15,00000000-0000-0000-0000-000000000001,sub-platform-prod,rg-data-hub-002,/subscriptions/00000000-0000-0000-0000-000000000001/resourceGroups/rg-data-hub-002/providers/Microsoft.Network/applicationGateways/res01373,res01373,Application Gateway,Networking,Capacity Unit,northeurope,Usage,108.0743,1M Operations,25.3017,USD
2026-06-15,00000000-0000-0000-0000-000000000001,sub-platform-prod,rg-monitoring-test-003,/subscriptions/00000000-0000-0000-0000-000000000001/resourceGroups/rg-monitoring-test-003/providers/Microsoft.ContainerRegistry/registries/res00626,res00626,Container Registry,Containers,Premium Registry,westeurope,Usage,237.1789,1 GB,21.6252,USD
2026-06-15,00000000-0000-0000-0000-000000000012,sub-sandbox,rg-backup-hub-002,/subscriptions/00000000-0000-0000-0000-000000000012/resourceGroups/rg-backup-hub-002/providers/Microsoft.Sql/servers/databases/res01944,res01944,Azure SQL Database,Databases,General Purpose,uksouth,Usage,128.7353,100 Hours,88.1484,USD
2026-06-15,00000000-0000-0000-0000-000000000003,sub-platform-test,rg-reservations-001,/subscriptions/00000000-0000-0000-0000-000000000003/resourceGroups/rg-reservations-001/providers/Microsoft.Capacity/reservationOrders/res02007,reserved-02007,Reservations,Reservations,Standard_E4s_v5 Reserved,francecentral,Purchase,1,1 Unit,674.9455,USD
2026-06-15,00000000-0000-0000-0000-000000000010,sub-identity,rg-monitoring-corp-002,/subscriptions/00000000-0000-0000-0000-000000000010/resourceGroups/rg-monitoring-corp-002/providers/Microsoft.RecoveryServices/vaults/res00899,res00899,Azure Backup,Storage,Protected Instances,uksouth,Usage,113.3367,100 Hours,27.584,USD
2026-06-15,00000000-0000-0000-0000-000000000001,sub-platform-prod,rg-app-hub-004,/subscriptions/00000000-0000-0000-0000-000000000001/resourceGroups/rg-app-hub-004/providers/Microsoft.Sql/servers/databases/res00531,res00531,Azure SQL Database,Databases,General Purpose,francecentral,Usage,149.0725,1 Hour,125.3764,USD
2026-06-15,00000000-0000-0000-0000-000000000009,sub-apps-corp,rg-security-test-004,/subscriptions/00000000-0000-0000-0000-000000000009/resourceGroups/rg-security-test-004/providers/Microsoft.KeyVault/vaults/res01487,res01487,Key Vault,Security,Operations,global,Usage,23.2825,100 Hours,1.2789,USD
2026-06-15,00000000-0000-0000-0000-000000000005,sub-data-dev,rg-app-hub-003,/subscriptions/00000000-0000-0000-0000-000000000005/resourceGroups/rg-app-hub-003/providers/Microsoft.RecoveryServices/vaults/res01517,res01517,Azure Backup,Storage,Backup Storage LRS,northeurope,Usage,195.3346,1M Operations,39.258,USD
2026-06-15,00000000-0000-0000-0000-000000000006,sub-network-hub,rg-app-prod-002,/subscriptions/00000000-0000-0000-0000-000000000006/resourceGroups/rg-app-prod-002/providers/Microsoft.Insights/components/res00146,res00146,Azure Monitor,Management and Governance,Alerts,northeurope,Usage,72.9421,1M Operations,8.0558,USD
2026-06-15,00000000-0000-0000-0000-000000000010,sub-identity,rg-data-dev-001,/subscriptions/00000000-0000-0000-0000-000000000010/resourceGroups/rg-data-dev-001/providers/Microsoft.Databricks/workspaces/res01925,res01925,Azure Databricks,Analytics,Jobs Compute DBU,germanywestcentral,Usage,53.4104,100 Hours,31.6357,USD
2026-06-15,00000000-0000-0000-0000-000000000008,sub-apps-online,rg-backup-hub-004,/subscriptions/00000000-0000-0000-0000-000000000008/resourceGroups/rg-backup-hub-004/providers/Microsoft.Network/azureFirewalls/res01422,res01422,Azure Firewall,Networking,Data Processed,uksouth,Usage,43.6298,1 GB,24.245,USD
2026-06-15,00000000-0000-0000-0000-000000000008,sub-apps-online,rg-compute-dev-002,/subscriptions/00000000-0000-0000-0000-000000000008/resourceGroups/rg-compute-dev-002/providers/Microsoft.Network/azureFirewalls/res00078,res00078,Azure Firewall,Networking,Deployment Hours,swedencentral,Usage,117.5892,1M Operations,45.649,USD
2026-06-15,00000000-0000-0000-0000-000000000002,sub-platform-dev,rg-network-hub-002,/subscriptions/00000000-0000-0000-0000-000000000002/resourceGroups/rg-network-hub-002/providers/Microsoft.Network/bandwidth/res00588,res00588,Bandwidth,Networking,Data Transfer Out - Zone 1,swedencentral,Usage,47.2769,1 GB/Month,12.4554,USD
2026-06-15,00000000-0000-0000-0000-000000000011,sub-management,rg-monitoring-dev-003,/subscriptions/00000000-0000-0000-0000-000000000011/resourceGroups/rg-monitoring-dev-003/providers/Microsoft.ContainerRegistry/registries/res01591,res01591,Container Registry,Containers,Build Minutes,swedencentral,Usage,36.0569,1 Hour,18.7396,USD
2026-06-15,00000000-0000-0000-0000-000000000007,sub-network-spoke,rg-app-dev-004,/subscriptions/00000000-0000-0000-0000-000000000007/resourceGroups/rg-app-dev-004/providers/Microsoft.Storage/storageAccounts/res00368,res00368,Storage,Storage,General Block Blob,westeurope,Usage,211.1905,1 Unit,19.4401,USD
2026-06-15,00000000-0000-0000-0000-000000000012,sub-sandbox,rg-shared-dev-002,/subscriptions/00000000-0000-0000-0000-000000000012/resourceGroups/rg-shared-dev-002/providers/Microsoft.Sql/managedInstances/res01047,res01047,Azure SQL Managed Instance,Databases,vCore GP,germanywestcentral,Usage,186.2869,1 Unit,137.8051,USD
2026-06-15,00000000-0000-0000-0000-000000000001,sub-platform-prod,rg-app-corp-001,/subscriptions/00000000-0000-0000-0000-000000000001/resourceGroups/rg-app-corp-001/providers/Microsoft.Sql/servers/databases/res00686,res00686,Azure SQL Database,Databases,DTU,global,Usage,190.2752,100 Hours,35.867,USD
2026-06-15,00000000-0000-0000-0000-000000000007,sub-network-spoke,rg-identity-corp-002,/subscriptions/00000000-0000-0000-0000-000000000007/resourceGroups/rg-identity-corp-002/providers/Microsoft.Databricks/workspaces/res00861,res00861,Azure Databricks,Analytics,Premium DBU,northeurope,Usage,112.8821,1 Hour,14.2644,USD
2026-06-15,00000000-0000-0000-0000-000000000007,sub-network-spoke,rg-identity-test-003,/subscriptions/00000000-0000-0000-0000-000000000007/resourceGroups/rg-identity-test-003/providers/Microsoft.Insights/components/res01891,res01891,Azure Monitor,Management and Governance,Metrics,uksouth,Usage,138.6831,1 GB,27.2221,USD
2026-06-15,00000000-0000-0000-0000-000000000011,sub-management,rg-shared-corp-002,/subscriptions/00000000-0000-0000-0000-000000000011/resourceGroups/rg-shared-corp-002/providers/Microsoft.ServiceBus/namespaces/res00609,res00609,Service Bus,Integration,Operations,swedencentral,Usage,231.6349,10 GB,3.3356,USD
2026-06-15,00000000-0000-0000-0000-000000000009,sub-apps-corp,rg-compute-prod-002,/subscriptions/00000000-0000-0000-0000-000000000009/resourceGroups/rg-compute-prod-002/providers/Microsoft.Network/bandwidth/res00440,res00440,Bandwidth,Networking,Data Transfer Out - Zone 1,francecentral,Usage,83.8333,1 Unit,27.6016,USD
2026-06-15,00000000-0000-0000-0000-000000000012,sub-sandbox,rg-backup-prod-001,/subscriptions/00000000-0000-0000-0000-000000000012/resourceGroups/rg-backup-prod-001/providers/Microsoft.OperationalInsights/workspaces/res00352,res00352,Log Analytics,Management and Governance,Basic Logs,swedencentral,Usage,151.8532,100 Hours,66.6118,USD
2026-06-15,00000000-0000-0000-0000-000000000003,sub-platform-test,rg-compute-corp-003,/subscriptions/00000000-0000-0000-0000-000000000003/resourceGroups/rg-compute-corp-003/providers/Microsoft.Network/virtualNetworks/res01412,res01412,Virtual Network,Networking,Data Transfer Out,northeurope,Usage,18.8618,1M Operations,11.9102,USD
2026-06-15,00000000-0000-0000-0000-000000000002,sub-platform-dev,rg-shared-hub-003,/subscriptions/00000000-0000-0000-0000-000000000002/resourceGroups/rg-shared-hub-003/providers/Microsoft.OperationalInsights/workspaces/res01788,res01788,Log Analytics,Management and Governance,Basic Logs,francecentral,Usage,6.3379,1 Unit,21.7795,USD
2026-06-15,00000000-0000-0000-0000-000000000003,sub-platform-test,rg-shared-prod-004,/subscriptions/00000000-0000-0000-0000-000000000003/resourceGroups/rg-shared-prod-004/providers/Microsoft.KeyVault/vaults/res01259,res01259,Key Vault,Security,HSM Protected Keys,germanywestcentral,Usage,152.7621,1 Hour,2.7532,USD
2026-06-15,00000000-0000-0000-0000-000000000012,sub-sandbox,rg-app-dev-004,/subscriptions/00000000-0000-0000-0000-000000000012/resourceGroups/rg-app-dev-004/providers/Microsoft.ServiceBus/namespaces/res01341,res01341,Service Bus,Integration,Operations,swedencentral,Usage,213.9225,1M Operations,18.6156,USD
2026-06-15,00000000-0000-0000-0000-000000000012,sub-sandbox,rg-backup-corp-001,/subscriptions/00000000-0000-0000-0000-000000000012/resourceGroups/rg-backup-corp-001/providers/Microsoft.Security/pricings/res00594,res00594,Microsoft Defender for Cloud,Security,Defender for Storage,westeurope,Usage,30.4075,1 GB,18.2429,USD
2026-06-15,00000000-0000-0000-0000-000000000007,sub-network-spoke,rg-identity-corp-001,/subscriptions/00000000-0000-0000-0000-000000000007/resourceGroups/rg-identity-corp-001/providers/Microsoft.Web/sites/res01445,res01445,Azure Functions,Compute,Total Executions,germanywestcentral,Usage,41.5269,1 Unit,11.9592,USD
2026-06-15,00000000-0000-0000-0000-000000000007,sub-network-spoke,rg-shared-prod-001,/subscriptions/00000000-0000-0000-0000-000000000007/resourceGroups/rg-shared-prod-001/providers/Microsoft.ContainerRegistry/registries/res00004,res00004,Container Registry,Containers,Build Minutes,francecentral,Usage,109.8417,1 Unit,8.0109,USD
2026-06-15,00000000-0000-0000-0000-000000000007,sub-network-spoke,rg-compute-hub-002,/subscriptions/00000000-0000-0000-0000-000000000007/resourceGroups/rg-compute-hub-002/providers/Microsoft.Network/ddosProtectionPlans/res01556,res01556,Azure DDoS Protection,Networking,Protection Plan,germanywestcentral,Usage,104.1137,1 GB/Month,46.6542,USD
2026-06-15,00000000-0000-0000-0000-000000000004,sub-data-prod,rg-security-prod-003,/subscriptions/00000000-0000-0000-0000-000000000004/resourceGroups/rg-security-prod-003/providers/Microsoft.DocumentDB/databaseAccounts/res00897,res00897,Azure Cosmos DB,Databases,RU/s Provisioned,northeurope,Usage,218.0452,100 Hours,77.0331,USD
2026-06-15,00000000-0000-0000-0000-000000000010,sub-identity,rg-monitoring-prod-003,/subscriptions/00000000-0000-0000-0000-000000000010/resourceGroups/rg-monitoring-prod-003/providers/Microsoft.Network/bandwidth/res01211,res01211,Bandwidth,Networking,Inter-Region,uksouth,Usage,125.3702,100 Hours,16.5362,USD
2026-06-15,00000000-0000-0000-0000-000000000001,sub-platform-prod,rg-data-dev-002,/subscriptions/00000000-0000-0000-0000-000000000001/resourceGroups/rg-data-dev-002/providers/Microsoft.KeyVault/vaults/res01386,res01386,Key Vault,Security,HSM Protected Keys,global,Usage,27.6222,10 GB,6.3812,USD
2026-06-15,00000000-0000-0000-0000-000000000008,sub-apps-online,rg-reservations-001,/subscriptions/00000000-0000-0000-0000-000000000008/resourceGroups/rg-reservations-001/providers/Microsoft.Capacity/reservationOrders/res01999,reserved-01999,Reservations,Reservations,SQL vCore Reserved,westeurope,Purchase,1,1 Unit,872.8394,USD
2026-06-15,00000000-0000-0000-0000-000000000012,sub-sandbox,rg-backup-dev-002,/subscriptions/00000000-0000-0000-0000-000000000012/resourceGroups/rg-backup-dev-002/providers/Microsoft.KeyVault/vaults/res00501,res00501,Key Vault,Security,HSM Protected Keys,uksouth,Usage,49.3798,100 Hours,3.6455,USD
2026-06-15,00000000-0000-0000-0000-000000000012,sub-sandbox,rg-shared-corp-001,/subscriptions/00000000-0000-0000-0000-000000000012/resourceGroups/rg-shared-corp-001/providers/Microsoft.Network/applicationGateways/res01465,res01465,Application Gateway,Networking,WAF v2 Fixed,germanywestcentral,Usage,77.6188,1 Hour,37.9634,USD
2026-06-15,00000000-0000-0000-0000-000000000012,sub-sandbox,rg-app-dev-002,/subscriptions/00000000-0000-0000-0000-000000000012/resourceGroups/rg-app-dev-002/providers/Microsoft.Network/applicationGateways/res01179,res01179,Application Gateway,Networking,Capacity Unit,francecentral,Usage,114.4779,1M Operations,29.7575,USD
2026-06-15,00000000-0000-0000-0000-000000000003,sub-platform-test,rg-shared-prod-001,/subscriptions/00000000-0000-0000-0000-000000000003/resourceGroups/rg-shared-prod-001/providers/Microsoft.Network/ddosProtectionPlans/res01015,res01015,Azure DDoS Protection,Networking,Data Processed,francecentral,Usage,86.8103,1 Unit,62.9865,USD
2026-06-15,00000000-0000-0000-0000-000000000003,sub-platform-test,rg-app-hub-004,/subscriptions/00000000-0000-0000-0000-000000000003/resourceGroups/rg-app-hub-004/providers/Microsoft.Network/ddosProtectionPlans/res00448,res00448,Azure DDoS Protection,Networking,Protection Plan,westeurope,Usage,8.3462,10 GB,77.356,USD
2026-06-15,00000000-0000-0000-0000-000000000008,sub-apps-online,rg-security-test-003,/subscriptions/00000000-0000-0000-0000-000000000008/resourceGroups/rg-security-test-003/providers/Microsoft.Network/ddosProtectionPlans/res01947,res01947,Azure DDoS Protection,Networking,Protection Plan,westeurope,Usage,198.4705,1M Operations,30.934,USD
2026-06-15,00000000-0000-0000-0000-000000000008,sub-apps-online,rg-data-hub-003,/subscriptions/00000000-0000-0000-0000-000000000008/resourceGroups/rg-data-hub-003/providers/Microsoft.ContainerService/managedClusters/res00834,res00834,Azure Kubernetes Service,Compute,Load Balancer,global,Usage,162.4044,1 GB/Month,22.2558,USD
2026-06-15,00000000-0000-0000-0000-000000000008,sub-apps-online,rg-monitoring-test-002,/subscriptions/00000000-0000-0000-0000-000000000008/resourceGroups/rg-monitoring-test-002/providers/Microsoft.Compute/virtualMachines/res00346,res00346,Virtual Machines,Compute,Standard_E4s_v5,northeurope,Usage,231.1865,1 GB,46.609,USD
2026-06-15,00000000-0000-0000-0000-000000000002,sub-platform-dev,rg-backup-corp-001,/subscriptions/00000000-0000-0000-0000-000000000002/resourceGroups/rg-backup-corp-001/providers/Microsoft.EventHub/namespaces/res01065,res01065,Event Hubs,Analytics,Throughput Unit,global,Usage,165.3373,1 Hour,8.3239,USD
2026-06-15,00000000-0000-0000-0000-000000000006,sub-network-hub,rg-monitoring-test-001,/subscriptions/00000000-0000-0000-0000-000000000006/resourceGroups/rg-monitoring-test-001/providers/Microsoft.EventHub/namespaces/res01499,res01499,Event Hubs,Analytics,Throughput Unit,swedencentral,Usage,55.5972,1 Unit,22.136,USD
2026-06-15,00000000-0000-0000-0000-000000000004,sub-data-prod,rg-identity-prod-003,/subscriptions/00000000-0000-0000-0000-000000000004/resourceGroups/rg-identity-prod-003/providers/Microsoft.OperationalInsights/workspaces/res00360,res00360,Log Analytics,Management and Governance,Data Ingestion,westeurope,Usage,211.5337,1 Unit,17.6293,USD
2026-06-15,00000000-0000-0000-0000-000000000003,sub-platform-test,rg-monitoring-hub-003,/subscriptions/00000000-0000-0000-0000-000000000003/resourceGroups/rg-monitoring-hub-003/providers/Microsoft.Network/virtualNetworks/res01673,res01673,Virtual Network,Networking,Private Endpoint,westeurope,Usage,145.3094,1 Unit,10.3157,USD
2026-06-15,00000000-0000-0000-0000-000000000007,sub-network-spoke,rg-app-dev-003,/subscriptions/00000000-0000-0000-0000-000000000007/resourceGroups/rg-app-dev-003/providers/Microsoft.Web/sites/res00010,res00010,Azure Functions,Compute,Execution Time,germanywestcentral,Usage,211.7018,100 Hours,1.8831,USD
2026-06-15,00000000-0000-0000-0000-000000000011,sub-management,rg-network-test-003,/subscriptions/00000000-0000-0000-0000-000000000011/resourceGroups/rg-network-test-003/providers/Microsoft.Storage/storageAccounts/res01559,res01559,Storage,Storage,Standard Page Blob,northeurope,Usage,152.3638,1 GB/Month,77.2441,USD
2026-06-15,00000000-0000-0000-0000-000000000004,sub-data-prod,rg-data-prod-001,/subscriptions/00000000-0000-0000-0000-000000000004/resourceGroups/rg-data-prod-001/providers/Microsoft.Network/applicationGateways/res00430,res00430,Application Gateway,Networking,Capacity Unit,northeurope,Usage,200.3143,1 GB,15.3336,USD
2026-06-15,00000000-0000-0000-0000-000000000005,sub-data-dev,rg-security-corp-001,/subscriptions/00000000-0000-0000-0000-000000000005/resourceGroups/rg-security-corp-001/providers/Microsoft.ContainerRegistry/registries/res00426,res00426,Container Registry,Containers,Storage,uksouth,Usage,9.2598,1 GB/Month,14.2721,USD
2026-06-15,00000000-0000-0000-0000-000000000003,sub-platform-test,rg-compute-prod-001,/subscriptions/00000000-0000-0000-0000-000000000003/resourceGroups/rg-compute-prod-001/providers/Microsoft.Databricks/workspaces/res00958,res00958,Azure Databricks,Analytics,Premium DBU,uksouth,Usage,34.7225,1 Unit,10.5848,USD
2026-06-15,00000000-0000-0000-0000-000000000005,sub-data-dev,rg-monitoring-test-001,/subscriptions/00000000-0000-0000-0000-000000000005/resourceGroups/rg-monitoring-test-001/providers/Microsoft.Network/applicationGateways/res00846,res00846,Application Gateway,Networking,WAF v2 Fixed,francecentral,Usage,127.1477,1 GB,20.0672,USD
2026-06-15,00000000-0000-0000-0000-000000000003,sub-platform-test,rg-identity-corp-001,/subscriptions/00000000-0000-0000-0000-000000000003/resourceGroups/rg-identity-corp-001/providers/Microsoft.Storage/storageAccounts/res01496,res01496,Storage,Storage,General Block Blob,swedencentral,Usage,147.7738,1 GB/Month,23.4241,USD
2026-06-15,00000000-0000-0000-0000-000000000011,sub-management,rg-shared-dev-001,/subscriptions/00000000-0000-0000-0000-000000000011/resourceGroups/rg-shared-dev-001/providers/Microsoft.Network/applicationGateways/res01099,res01099,Application Gateway,Networking,Capacity Unit,westeurope,Usage,167.3695,1M Operations,16.7303,USD
2026-06-15,00000000-0000-0000-0000-000000000012,sub-sandbox,rg-compute-test-002,/subscriptions/00000000-0000-0000-0000-000000000012/resourceGroups/rg-compute-test-002/providers/Microsoft.OperationalInsights/workspaces/res00081,res00081,Log Analytics,Management and Governance,Basic Logs,westeurope,Usage,21.7039,1 Unit,95.7306,USD
2026-06-15,00000000-0000-0000-0000-000000000004,sub-data-prod,rg-compute-test-002,/subscriptions/00000000-0000-0000-0000-000000000004/resourceGroups/rg-compute-test-002/providers/Microsoft.Network/bandwidth/res00768,res00768,Bandwidth,Networking,Inter-Region,francecentral,Usage,237.1845,1 Hour,0.2194,USD
2026-06-15,00000000-0000-0000-0000-000000000011,sub-management,rg-shared-hub-004,/subscriptions/00000000-0000-0000-0000-000000000011/resourceGroups/rg-shared-hub-004/providers/Microsoft.RecoveryServices/vaults/res01093,res01093,Azure Backup,Storage,Backup Storage LRS,swedencentral,Usage,139.7206,1 Hour,36.0844,USD
2026-06-15,00000000-0000-0000-0000-000000000012,sub-sandbox,rg-identity-corp-002,/subscriptions/00000000-0000-0000-0000-000000000012/resourceGroups/rg-identity-corp-002/providers/Microsoft.Compute/virtualMachines/res01331,res01331,Virtual Machines,Compute,Standard_E4s_v5,westeurope,Usage,176.7256,1 Hour,35.0301,USD
2026-06-15,00000000-0000-0000-0000-000000000010,sub-identity,rg-shared-prod-004,/subscriptions/00000000-0000-0000-0000-000000000010/resourceGroups/rg-shared-prod-004/providers/Microsoft.RecoveryServices/vaults/res00930,res00930,Azure Backup,Storage,Backup Storage LRS,westeurope,Usage,221.9242,10 GB,21.4644,USD
2026-06-15,00000000-0000-0000-0000-000000000012,sub-sandbox,rg-data-dev-002,/subscriptions/00000000-0000-0000-0000-000000000012/resourceGroups/rg-data-dev-002/providers/Microsoft.Network/ddosProtectionPlans/res00752,res00752,Azure DDoS Protection,Networking,Protection Plan,uksouth,Usage,197.5178,1 Unit,66.1914,USD
2026-06-15,00000000-0000-0000-0000-000000000002,sub-platform-dev,rg-monitoring-prod-001,/subscriptions/00000000-0000-0000-0000-000000000002/resourceGroups/rg-monitoring-prod-001/providers/Microsoft.Network/applicationGateways/res00351,res00351,Application Gateway,Networking,WAF v2 Fixed,global,Usage,37.306,1 GB/Month,30.7841,USD
2026-06-15,00000000-0000-0000-0000-000000000011,sub-management,rg-data-corp-004,/subscriptions/00000000-0000-0000-0000-000000000011/resourceGroups/rg-data-corp-004/providers/Microsoft.Insights/components/res01996,res01996,Azure Monitor,Management and Governance,Metrics,swedencentral,Usage,185.5626,1 Hour,4.3391,USD
2026-06-15,00000000-0000-0000-0000-000000000001,sub-platform-prod,rg-network-corp-002,/subscriptions/00000000-0000-0000-0000-000000000001/resourceGroups/rg-network-corp-002/providers/Microsoft.Security/pricings/res01704,res01704,Microsoft Defender for Cloud,Security,Defender for Storage,swedencentral,Usage,110.8436,10 GB,14.5555,USD
2026-06-15,00000000-0000-0000-0000-000000000011,sub-management,rg-security-dev-001,/subscriptions/00000000-0000-0000-0000-000000000011/resourceGroups/rg-security-dev-001/providers/Microsoft.Network/virtualNetworks/res00551,res00551,Virtual Network,Networking,Private Endpoint,swedencentral,Usage,72.9543,1 GB,10.5189,USD
2026-06-15,00000000-0000-0000-0000-000000000002,sub-platform-dev,rg-shared-prod-002,/subscriptions/00000000-0000-0000-0000-000000000002/resourceGroups/rg-shared-prod-002/providers/Microsoft.Sql/servers/databases/res00610,res00610,Azure SQL Database,Databases,vCore Gen5,francecentral,Usage,55.0188,1 Hour,136.9345,USD
2026-06-15,00000000-0000-0000-0000-000000000004,sub-data-prod,rg-backup-hub-002,/subscriptions/00000000-0000-0000-0000-000000000004/resourceGroups/rg-backup-hub-002/providers/Microsoft.ContainerRegistry/registries/res00806,res00806,Container Registry,Containers,Premium Registry,northeurope,Usage,138.81,1 Hour,24.2478,USD
2026-06-15,00000000-0000-0000-0000-000000000012,sub-sandbox,rg-identity-dev-004,/subscriptions/00000000-0000-0000-0000-000000000012/resourceGroups/rg-identity-dev-004/providers/Microsoft.Web/sites/res00454,res00454,Azure App Service,Compute,P1v3,germanywestcentral,Usage,149.5544,1 Unit,26.0516,USD
2026-06-15,00000000-0000-0000-0000-000000000006,sub-network-hub,rg-identity-test-004,/subscriptions/00000000-0000-0000-0000-000000000006/resourceGroups/rg-identity-test-004/providers/Microsoft.Security/pricings/res00766,res00766,Microsoft Defender for Cloud,Security,Defender for Storage,westeurope,Usage,34.9839,10 GB,35.1309,USD
2026-06-15,00000000-0000-0000-0000-000000000003,sub-platform-test,rg-backup-hub-003,/subscriptions/00000000-0000-0000-0000-000000000003/resourceGroups/rg-backup-hub-003/providers/Microsoft.KeyVault/vaults/res00486,res00486,Key Vault,Security,Operations,westeurope,Usage,177.4707,1M Operations,1.2507,USD
2026-06-15,00000000-0000-0000-0000-000000000001,sub-platform-prod,rg-data-corp-004,/subscriptions/00000000-0000-0000-0000-000000000001/resourceGroups/rg-data-corp-004/providers/Microsoft.Databricks/workspaces/res00836,res00836,Azure Databricks,Analytics,Premium DBU,westeurope,Usage,219.8493,1 Hour,55.8498,USD
2026-06-15,00000000-0000-0000-0000-000000000012,sub-sandbox,rg-backup-prod-004,/subscriptions/00000000-0000-0000-0000-000000000012/resourceGroups/rg-backup-prod-004/providers/Microsoft.Sql/managedInstances/res00667,res00667,Azure SQL Managed Instance,Databases,vCore BC,global,Usage,195.7802,10 GB,151.7896,USD
2026-06-15,00000000-0000-0000-0000-000000000004,sub-data-prod,rg-shared-dev-003,/subscriptions/00000000-0000-0000-0000-000000000004/resourceGroups/rg-shared-dev-003/providers/Microsoft.ContainerService/managedClusters/res01866,res01866,Azure Kubernetes Service,Compute,Load Balancer,francecentral,Usage,131.8974,1M Operations,35.3148,USD
2026-06-15,00000000-0000-0000-0000-000000000008,sub-apps-online,rg-security-prod-002,/subscriptions/00000000-0000-0000-0000-000000000008/resourceGroups/rg-security-prod-002/providers/Microsoft.Network/virtualNetworks/res00316,res00316,Virtual Network,Networking,Private Endpoint,francecentral,Usage,92.5205,1 Hour,11.8116,USD
2026-06-15,00000000-0000-0000-0000-000000000003,sub-platform-test,rg-data-dev-001,/subscriptions/00000000-0000-0000-0000-000000000003/resourceGroups/rg-data-dev-001/providers/Microsoft.Insights/components/res01993,res01993,Azure Monitor,Management and Governance,Alerts,global,Usage,132.861,1 GB/Month,28.9056,USD
2026-06-15,00000000-0000-0000-0000-000000000008,sub-apps-online,rg-backup-hub-004,/subscriptions/00000000-0000-0000-0000-000000000008/resourceGroups/rg-backup-hub-004/providers/Microsoft.ServiceBus/namespaces/res00856,res00856,Service Bus,Integration,Operations,swedencentral,Usage,194.0351,100 Hours,4.2586,USD
2026-06-15,00000000-0000-0000-0000-000000000003,sub-platform-test,rg-network-dev-004,/subscriptions/00000000-0000-0000-0000-000000000003/resourceGroups/rg-network-dev-004/providers/Microsoft.Storage/storageAccounts/res01948,res01948,Storage,Storage,Hot LRS,germanywestcentral,Usage,183.8637,1 Hour,46.8205,USD
2026-06-15,00000000-0000-0000-0000-000000000002,sub-platform-dev,rg-security-prod-004,/subscriptions/00000000-0000-0000-0000-000000000002/resourceGroups/rg-security-prod-004/providers/Microsoft.Sql/managedInstances/res01510,res01510,Azure SQL Managed Instance,Databases,vCore BC,germanywestcentral,Usage,170.244,1 Hour,67.85,USD
2026-06-15,00000000-0000-0000-0000-000000000010,sub-identity,rg-app-test-003,/subscriptions/00000000-0000-0000-0000-000000000010/resourceGroups/rg-app-test-003/providers/Microsoft.Web/sites/res00209,res00209,Azure App Service,Compute,I1v2,uksouth,Usage,193.617,1 Hour,33.2837,USD
2026-06-15,00000000-0000-0000-0000-000000000012,sub-sandbox,rg-identity-prod-004,/subscriptions/00000000-0000-0000-0000-000000000012/resourceGroups/rg-identity-prod-004/providers/Microsoft.DocumentDB/databaseAccounts/res01321,res01321,Azure Cosmos DB,Databases,Serverless,westeurope,Usage,154.6942,10 GB,48.4328,USD
2026-06-15,00000000-0000-0000-0000-000000000010,sub-identity,rg-network-prod-003,/subscriptions/00000000-0000-0000-0000-000000000010/resourceGroups/rg-network-prod-003/providers/Microsoft.ServiceBus/namespaces/res01468,res01468,Service Bus,Integration,Premium Messaging Unit,swedencentral,Usage,189.1856,1 GB,12.7216,USD
2026-06-15,00000000-0000-0000-0000-000000000002,sub-platform-dev,rg-shared-prod-004,/subscriptions/00000000-0000-0000-0000-000000000002/resourceGroups/rg-shared-prod-004/providers/Microsoft.Compute/virtualMachines/res01437,res01437,Virtual Machines,Compute,Standard_B2ms,global,Usage,66.0359,1 Hour,111.6691,USD
2026-06-15,00000000-0000-0000-0000-000000000012,sub-sandbox,rg-identity-prod-001,/subscriptions/00000000-0000-0000-0000-000000000012/resourceGroups/rg-identity-prod-001/providers/Microsoft.OperationalInsights/workspaces/res01346,res01346,Log Analytics,Management and Governance,Data Retention,swedencentral,Usage,205.3324,1 Hour,28.2273,USD
2026-06-15,00000000-0000-0000-0000-000000000004,sub-data-prod,rg-backup-prod-004,/subscriptions/00000000-0000-0000-0000-000000000004/resourceGroups/rg-backup-prod-004/providers/Microsoft.Compute/virtualMachines/res01731,res01731,Virtual Machines,Compute,Standard_B2ms,northeurope,Usage,225.7974,1 GB/Month,17.136,USD
2026-06-15,00000000-0000-0000-0000-000000000005,sub-data-dev,rg-shared-hub-002,/subscriptions/00000000-0000-0000-0000-000000000005/resourceGroups/rg-shared-hub-002/providers/Microsoft.ContainerService/managedClusters/res00418,res00418,Azure Kubernetes Service,Compute,Uptime SLA,westeurope,Usage,127.4551,10 GB,76.9685,USD
2026-06-15,00000000-0000-0000-0000-000000000002,sub-platform-dev,rg-network-dev-003,/subscriptions/00000000-0000-0000-0000-000000000002/resourceGroups/rg-network-dev-003/providers/Microsoft.OperationalInsights/workspaces/res01624,res01624,Log Analytics,Management and Governance,Basic Logs,global,Usage,182.9587,10 GB,61.0477,USD
2026-06-15,00000000-0000-0000-0000-000000000006,sub-network-hub,rg-security-prod-003,/subscriptions/00000000-0000-0000-0000-000000000006/resourceGroups/rg-security-prod-003/providers/Microsoft.RecoveryServices/vaults/res01818,res01818,Azure Backup,Storage,Backup Storage LRS,global,Usage,220.1671,1 Hour,21.6869,USD
2026-06-15,00000000-0000-0000-0000-000000000004,sub-data-prod,rg-app-prod-004,/subscriptions/00000000-0000-0000-0000-000000000004/resourceGroups/rg-app-prod-004/providers/Microsoft.RecoveryServices/vaults/res01294,res01294,Azure Backup,Storage,Protected Instances,francecentral,Usage,163.4957,1 Hour,5.9579,USD
2026-06-15,00000000-0000-0000-0000-000000000009,sub-apps-corp,rg-network-corp-002,/subscriptions/00000000-0000-0000-0000-000000000009/resourceGroups/rg-network-corp-002/providers/Microsoft.Web/sites/res00222,res00222,Azure Functions,Compute,Total Executions,uksouth,Usage,126.3489,1 GB,1.1668,USD
2026-06-15,00000000-0000-0000-0000-000000000003,sub-platform-test,rg-security-hub-004,/subscriptions/00000000-0000-0000-0000-000000000003/resourceGroups/rg-security-hub-004/providers/Microsoft.ServiceBus/namespaces/res01835,res01835,Service Bus,Integration,Operations,uksouth,Usage,79.2996,10 GB,15.8284,USD
2026-06-15,00000000-0000-0000-0000-000000000004,sub-data-prod,rg-shared-corp-002,/subscriptions/00000000-0000-0000-0000-000000000004/resourceGroups/rg-shared-corp-002/providers/Microsoft.KeyVault/vaults/res01674,res01674,Key Vault,Security,HSM Protected Keys,global,Usage,67.3405,1 Hour,6.4681,USD
2026-06-15,00000000-0000-0000-0000-000000000001,sub-platform-prod,rg-backup-hub-004,/subscriptions/00000000-0000-0000-0000-000000000001/resourceGroups/rg-backup-hub-004/providers/Microsoft.OperationalInsights/workspaces/res01155,res01155,Log Analytics,Management and Governance,Basic Logs,germanywestcentral,Usage,200.9701,1 Unit,25.3417,USD
2026-06-15,00000000-0000-0000-0000-000000000010,sub-identity,rg-compute-hub-003,/subscriptions/00000000-0000-0000-0000-000000000010/resourceGroups/rg-compute-hub-003/providers/Microsoft.Security/pricings/res00270,res00270,Microsoft Defender for Cloud,Security,Defender for SQL,germanywestcentral,Usage,151.3014,10 GB,48.6643,USD
2026-06-15,00000000-0000-0000-0000-000000000007,sub-network-spoke,rg-shared-prod-003,/subscriptions/00000000-0000-0000-0000-000000000007/resourceGroups/rg-shared-prod-003/providers/Microsoft.Databricks/workspaces/res01210,res01210,Azure Databricks,Analytics,Premium DBU,northeurope,Usage,81.7054,1M Operations,54.3391,USD
2026-06-15,00000000-0000-0000-0000-000000000004,sub-data-prod,rg-app-test-002,/subscriptions/00000000-0000-0000-0000-000000000004/resourceGroups/rg-app-test-002/providers/Microsoft.Network/virtualNetworks/res01288,res01288,Virtual Network,Networking,Private Endpoint,westeurope,Usage,4.4032,10 GB,5.669,USD
2026-06-15,00000000-0000-0000-0000-000000000010,sub-identity,rg-backup-test-002,/subscriptions/00000000-0000-0000-0000-000000000010/resourceGroups/rg-backup-test-002/providers/Microsoft.Sql/servers/databases/res00548,res00548,Azure SQL Database,Databases,DTU,uksouth,Usage,108.9213,10 GB,50.6497,USD
2026-06-15,00000000-0000-0000-0000-000000000004,sub-data-prod,rg-monitoring-test-002,/subscriptions/00000000-0000-0000-0000-000000000004/resourceGroups/rg-monitoring-test-002/providers/Microsoft.Sql/managedInstances/res00264,res00264,Azure SQL Managed Instance,Databases,vCore BC,francecentral,Usage,189.7931,1 GB,45.841,USD
2026-06-15,00000000-0000-0000-0000-000000000011,sub-management,rg-data-hub-002,/subscriptions/00000000-0000-0000-0000-000000000011/resourceGroups/rg-data-hub-002/providers/Microsoft.Insights/components/res00722,res00722,Azure Monitor,Management and Governance,Alerts,uksouth,Usage,104.5282,1 GB,4.2798,USD
2026-06-15,00000000-0000-0000-0000-000000000007,sub-network-spoke,rg-app-dev-001,/subscriptions/00000000-0000-0000-0000-000000000007/resourceGroups/rg-app-dev-001/providers/Microsoft.Insights/components/res01165,res01165,Azure Monitor,Management and Governance,Metrics,uksouth,Usage,196.0843,1 GB,25.7086,USD
2026-06-15,00000000-0000-0000-0000-000000000009,sub-apps-corp,rg-network-prod-003,/subscriptions/00000000-0000-0000-0000-000000000009/resourceGroups/rg-network-prod-003/providers/Microsoft.Compute/virtualMachines/res01779,res01779,Virtual Machines,Compute,Standard_B2ms,swedencentral,Usage,105.5138,1 GB,6.8954,USD
2026-06-15,00000000-0000-0000-0000-000000000011,sub-management,rg-app-dev-003,/subscriptions/00000000-0000-0000-0000-000000000011/resourceGroups/rg-app-dev-003/providers/Microsoft.OperationalInsights/workspaces/res01475,res01475,Log Analytics,Management and Governance,Data Retention,uksouth,Usage,70.5326,100 Hours,87.0791,USD
2026-06-15,00000000-0000-0000-0000-000000000003,sub-platform-test,rg-app-corp-004,/subscriptions/00000000-0000-0000-0000-000000000003/resourceGroups/rg-app-corp-004/providers/Microsoft.Network/bandwidth/res01743,res01743,Bandwidth,Networking,Data Transfer Out - Zone 1,uksouth,Usage,130.1513,1 GB/Month,7.4967,USD
2026-06-15,00000000-0000-0000-0000-000000000004,sub-data-prod,rg-network-hub-004,/subscriptions/00000000-0000-0000-0000-000000000004/resourceGroups/rg-network-hub-004/providers/Microsoft.ContainerRegistry/registries/res00208,res00208,Container Registry,Containers,Build Minutes,uksouth,Usage,26.3139,1M Operations,12.6196,USD
2026-06-15,00000000-0000-0000-0000-000000000009,sub-apps-corp,rg-identity-dev-004,/subscriptions/00000000-0000-0000-0000-000000000009/resourceGroups/rg-identity-dev-004/providers/Microsoft.Network/loadBalancers/res01752,res01752,Load Balancer,Networking,Standard Rules,northeurope,Usage,99.2984,1 GB,15.983,USD
2026-06-15,00000000-0000-0000-0000-000000000006,sub-network-hub,rg-compute-hub-001,/subscriptions/00000000-0000-0000-0000-000000000006/resourceGroups/rg-compute-hub-001/providers/Microsoft.Web/sites/res01892,res01892,Azure Functions,Compute,Execution Time,uksouth,Usage,9.1031,1 GB,9.4294,USD
2026-06-15,00000000-0000-0000-0000-000000000005,sub-data-dev,rg-monitoring-corp-001,/subscriptions/00000000-0000-0000-0000-000000000005/resourceGroups/rg-monitoring-corp-001/providers/Microsoft.Sql/managedInstances/res00133,res00133,Azure SQL Managed Instance,Databases,vCore GP,francecentral,Usage,167.3519,1 Unit,131.1397,USD
2026-06-15,00000000-0000-0000-0000-000000000003,sub-platform-test,rg-backup-dev-004,/subscriptions/00000000-0000-0000-0000-000000000003/resourceGroups/rg-backup-dev-004/providers/Microsoft.Sql/servers/databases/res01860,res01860,Azure SQL Database,Databases,DTU,swedencentral,Usage,175.0346,1 GB/Month,132.983,USD
2026-06-15,00000000-0000-0000-0000-000000000003,sub-platform-test,rg-data-hub-004,/subscriptions/00000000-0000-0000-0000-000000000003/resourceGroups/rg-data-hub-004/providers/Microsoft.RecoveryServices/vaults/res01319,res01319,Azure Backup,Storage,Backup Storage LRS,uksouth,Usage,49.8925,1 GB,12.5996,USD
2026-06-15,00000000-0000-0000-0000-000000000004,sub-data-prod,rg-app-corp-003,/subscriptions/00000000-0000-0000-0000-000000000004/resourceGroups/rg-app-corp-003/providers/Microsoft.Network/applicationGateways/res00829,res00829,Application Gateway,Networking,WAF v2 Fixed,francecentral,Usage,60.8102,1 Hour,16.7867,USD
2026-06-15,00000000-0000-0000-0000-000000000012,sub-sandbox,rg-data-corp-003,/subscriptions/00000000-0000-0000-0000-000000000012/resourceGroups/rg-data-corp-003/providers/Microsoft.Network/applicationGateways/res00359,res00359,Application Gateway,Networking,Capacity Unit,northeurope,Usage,177.3567,1 Hour,42.8921,USD
2026-06-15,00000000-0000-0000-0000-000000000006,sub-network-hub,rg-compute-hub-004,/subscriptions/00000000-0000-0000-0000-000000000006/resourceGroups/rg-compute-hub-004/providers/Microsoft.Network/virtualNetworks/res00226,res00226,Virtual Network,Networking,Private Endpoint,northeurope,Usage,239.2708,1 Hour,4.787,USD
2026-06-15,00000000-0000-0000-0000-000000000010,sub-identity,rg-backup-test-003,/subscriptions/00000000-0000-0000-0000-000000000010/resourceGroups/rg-backup-test-003/providers/Microsoft.Network/applicationGateways/res01289,res01289,Application Gateway,Networking,WAF v2 Fixed,westeurope,Usage,175.422,100 Hours,24.0106,USD
2026-06-15,00000000-0000-0000-0000-000000000008,sub-apps-online,rg-security-hub-004,/subscriptions/00000000-0000-0000-0000-000000000008/resourceGroups/rg-security-hub-004/providers/Microsoft.RecoveryServices/vaults/res01745,res01745,Azure Backup,Storage,Protected Instances,westeurope,Usage,122.8275,1 Hour,21.9996,USD
2026-06-15,00000000-0000-0000-0000-000000000002,sub-platform-dev,rg-backup-corp-002,/subscriptions/00000000-0000-0000-0000-000000000002/resourceGroups/rg-backup-corp-002/providers/Microsoft.Network/bandwidth/res01991,res01991,Bandwidth,Networking,Inter-Region,global,Usage,91.1539,1 GB/Month,32.6358,USD
2026-06-15,00000000-0000-0000-0000-000000000011,sub-management,rg-backup-prod-001,/subscriptions/00000000-0000-0000-0000-000000000011/resourceGroups/rg-backup-prod-001/providers/Microsoft.EventHub/namespaces/res01333,res01333,Event Hubs,Analytics,Throughput Unit,northeurope,Usage,64.5875,100 Hours,15.8179,USD
2026-06-15,00000000-0000-0000-0000-000000000005,sub-data-dev,rg-compute-test-002,/subscriptions/00000000-0000-0000-0000-000000000005/resourceGroups/rg-compute-test-002/providers/Microsoft.Network/loadBalancers/res01295,res01295,Load Balancer,Networking,Standard Rules,swedencentral,Usage,150.5838,1 GB/Month,11.8465,USD
2026-06-15,00000000-0000-0000-0000-000000000010,sub-identity,rg-compute-corp-004,/subscriptions/00000000-0000-0000-0000-000000000010/resourceGroups/rg-compute-corp-004/providers/Microsoft.OperationalInsights/workspaces/res01816,res01816,Log Analytics,Management and Governance,Data Retention,uksouth,Usage,19.6937,1 GB,25.9019,USD
2026-06-15,00000000-0000-0000-0000-000000000007,sub-network-spoke,rg-app-prod-004,/subscriptions/00000000-0000-0000-0000-000000000007/resourceGroups/rg-app-prod-004/providers/Microsoft.Sql/managedInstances/res00705,res00705,Azure SQL Managed Instance,Databases,vCore GP,germanywestcentral,Usage,236.4633,1M Operations,46.4608,USD
2026-06-15,00000000-0000-0000-0000-000000000012,sub-sandbox,rg-network-corp-004,/subscriptions/00000000-0000-0000-0000-000000000012/resourceGroups/rg-network-corp-004/providers/Microsoft.RecoveryServices/vaults/res00131,res00131,Azure Backup,Storage,Backup Storage LRS,germanywestcentral,Usage,60.4934,100 Hours,23.1097,USD
2026-06-15,00000000-0000-0000-0000-000000000006,sub-network-hub,rg-backup-test-003,/subscriptions/00000000-0000-0000-0000-000000000006/resourceGroups/rg-backup-test-003/providers/Microsoft.ContainerService/managedClusters/res00376,res00376,Azure Kubernetes Service,Compute,Uptime SLA,swedencentral,Usage,34.6365,10 GB,23.553,USD
2026-06-15,00000000-0000-0000-0000-000000000003,sub-platform-test,rg-shared-test-002,/subscriptions/00000000-0000-0000-0000-000000000003/resourceGroups/rg-shared-test-002/providers/Microsoft.Sql/servers/databases/res01958,res01958,Azure SQL Database,Databases,DTU,uksouth,Usage,56.6263,100 Hours,138.9472,USD
2026-06-15,00000000-0000-0000-0000-000000000007,sub-network-spoke,rg-network-prod-001,/subscriptions/00000000-0000-0000-0000-000000000007/resourceGroups/rg-network-prod-001/providers/Microsoft.Network/virtualNetworks/res01795,res01795,Virtual Network,Networking,Private Endpoint,francecentral,Usage,182.8525,1M Operations,9.0743,USD
2026-06-15,00000000-0000-0000-0000-000000000001,sub-platform-prod,rg-network-prod-001,/subscriptions/00000000-0000-0000-0000-000000000001/resourceGroups/rg-network-prod-001/providers/Microsoft.Network/virtualNetworks/res01718,res01718,Virtual Network,Networking,Private Endpoint,global,Usage,145.6703,1 Hour,10.1725,USD
2026-06-15,00000000-0000-0000-0000-000000000007,sub-network-spoke,rg-security-corp-001,/subscriptions/00000000-0000-0000-0000-000000000007/resourceGroups/rg-security-corp-001/providers/Microsoft.ContainerService/managedClusters/res01439,res01439,Azure Kubernetes Service,Compute,Uptime SLA,northeurope,Usage,108.8789,1 GB,54.9393,USD
2026-06-15,00000000-0000-0000-0000-000000000008,sub-apps-online,rg-network-prod-003,/subscriptions/00000000-0000-0000-0000-000000000008/resourceGroups/rg-network-prod-003/providers/Microsoft.DocumentDB/databaseAccounts/res01150,res01150,Azure Cosmos DB,Databases,RU/s Provisioned,francecentral,Usage,120.6868,1 GB/Month,69.2593,USD
2026-06-15,00000000-0000-0000-0000-000000000006,sub-network-hub,rg-security-prod-001,/subscriptions/00000000-0000-0000-0000-000000000006/resourceGroups/rg-security-prod-001/providers/Microsoft.Insights/components/res00274,res00274,Azure Monitor,Management and Governance,Application Insights,westeurope,Usage,105.9402,1 GB/Month,4.7142,USD
2026-06-15,00000000-0000-0000-0000-000000000009,sub-apps-corp,rg-identity-corp-002,/subscriptions/00000000-0000-0000-0000-000000000009/resourceGroups/rg-identity-corp-002/providers/Microsoft.KeyVault/vaults/res00002,res00002,Key Vault,Security,Operations,francecentral,Usage,69.0089,1 Hour,0.6918,USD
2026-06-15,00000000-0000-0000-0000-000000000007,sub-network-spoke,rg-app-corp-002,/subscriptions/00000000-0000-0000-0000-000000000007/resourceGroups/rg-app-corp-002/providers/Microsoft.Compute/virtualMachines/res01455,res01455,Virtual Machines,Compute,Standard_D4s_v5,northeurope,Usage,185.5724,10 GB,42.1612,USD
2026-06-15,00000000-0000-0000-0000-000000000009,sub-apps-corp,rg-identity-hub-001,/subscriptions/00000000-0000-0000-0000-000000000009/resourceGroups/rg-identity-hub-001/providers/Microsoft.KeyVault/vaults/res01410,res01410,Key Vault,Security,Operations,northeurope,Usage,48.7979,100 Hours,3.0115,USD
2026-06-15,00000000-0000-0000-0000-000000000004,sub-data-prod,rg-security-dev-002,/subscriptions/00000000-0000-0000-0000-000000000004/resourceGroups/rg-security-dev-002/providers/Microsoft.ContainerService/managedClusters/res01460,res01460,Azure Kubernetes Service,Compute,Uptime SLA,francecentral,Usage,188.3616,1 GB,48.0423,USD
2026-06-15,00000000-0000-0000-0000-000000000003,sub-platform-test,rg-app-prod-002,/subscriptions/00000000-0000-0000-0000-000000000003/resourceGroups/rg-app-prod-002/providers/Microsoft.Insights/components/res00773,res00773,Azure Monitor,Management and Governance,Alerts,westeurope,Usage,36.2378,1 GB/Month,28.8667,USD
2026-06-15,00000000-0000-0000-0000-000000000002,sub-platform-dev,rg-identity-test-001,/subscriptions/00000000-0000-0000-0000-000000000002/resourceGroups/rg-identity-test-001/providers/Microsoft.Sql/servers/databases/res01450,res01450,Azure SQL Database,Databases,vCore Gen5,swedencentral,Usage,4.5022,1 Unit,55.1773,USD
2026-06-15,00000000-0000-0000-0000-000000000006,sub-network-hub,rg-backup-corp-002,/subscriptions/00000000-0000-0000-0000-000000000006/resourceGroups/rg-backup-corp-002/providers/Microsoft.Network/applicationGateways/res00890,res00890,Application Gateway,Networking,WAF v2 Fixed,uksouth,Usage,73.618,1 GB/Month,24.0403,USD
2026-06-15,00000000-0000-0000-0000-000000000002,sub-platform-dev,rg-data-hub-002,/subscriptions/00000000-0000-0000-0000-000000000002/resourceGroups/rg-data-hub-002/providers/Microsoft.EventHub/namespaces/res01840,res01840,Event Hubs,Analytics,Capture,germanywestcentral,Usage,66.3316,100 Hours,5.1561,USD
2026-06-15,00000000-0000-0000-0000-000000000002,sub-platform-dev,rg-compute-prod-002,/subscriptions/00000000-0000-0000-0000-000000000002/resourceGroups/rg-compute-prod-002/providers/Microsoft.Security/pricings/res00785,res00785,Microsoft Defender for Cloud,Security,Defender for Storage,westeurope,Usage,207.6626,1 GB/Month,33.6094,USD
2026-06-15,00000000-0000-0000-0000-000000000007,sub-network-spoke,rg-data-prod-003,/subscriptions/00000000-0000-0000-0000-000000000007/resourceGroups/rg-data-prod-003/providers/Microsoft.Network/ddosProtectionPlans/res01149,res01149,Azure DDoS Protection,Networking,Data Processed,uksouth,Usage,6.7982,1 GB,48.5291,USD
2026-06-15,00000000-0000-0000-0000-000000000006,sub-network-hub,rg-security-dev-003,/subscriptions/00000000-0000-0000-0000-000000000006/resourceGroups/rg-security-dev-003/providers/Microsoft.KeyVault/vaults/res01254,res01254,Key Vault,Security,Operations,swedencentral,Usage,74.1727,1 GB/Month,5.3537,USD
2026-06-15,00000000-0000-0000-0000-000000000004,sub-data-prod,rg-network-corp-002,/subscriptions/00000000-0000-0000-0000-000000000004/resourceGroups/rg-network-corp-002/providers/Microsoft.DocumentDB/databaseAccounts/res01490,res01490,Azure Cosmos DB,Databases,Storage,global,Usage,27.0315,100 Hours,15.1134,USD
2026-06-15,00000000-0000-0000-0000-000000000008,sub-apps-online,rg-network-prod-004,/subscriptions/00000000-0000-0000-0000-000000000008/resourceGroups/rg-network-prod-004/providers/Microsoft.Databricks/workspaces/res00299,res00299,Azure Databricks,Analytics,Jobs Compute DBU,westeurope,Usage,150.979,1 Unit,51.1318,USD
2026-06-15,00000000-0000-0000-0000-000000000006,sub-network-hub,rg-monitoring-dev-001,/subscriptions/00000000-0000-0000-0000-000000000006/resourceGroups/rg-monitoring-dev-001/providers/Microsoft.Network/virtualNetworks/res01111,res01111,Virtual Network,Networking,Data Transfer Out,germanywestcentral,Usage,207.841,100 Hours,10.6231,USD
2026-06-15,00000000-0000-0000-0000-000000000008,sub-apps-online,rg-app-test-004,/subscriptions/00000000-0000-0000-0000-000000000008/resourceGroups/rg-app-test-004/providers/Microsoft.Network/applicationGateways/res00070,res00070,Application Gateway,Networking,Capacity Unit,westeurope,Usage,195.604,1 GB,28.2697,USD
2026-06-15,00000000-0000-0000-0000-000000000006,sub-network-hub,rg-app-test-003,/subscriptions/00000000-0000-0000-0000-000000000006/resourceGroups/rg-app-test-003/providers/Microsoft.ServiceBus/namespaces/res00232,res00232,Service Bus,Integration,Operations,germanywestcentral,Usage,238.2581,100 Hours,10.8972,USD
2026-06-15,00000000-0000-0000-0000-000000000012,sub-sandbox,rg-compute-dev-002,/subscriptions/00000000-0000-0000-0000-000000000012/resourceGroups/rg-compute-dev-002/providers/Microsoft.KeyVault/vaults/res01551,res01551,Key Vault,Security,HSM Protected Keys,germanywestcentral,Usage,153.2479,1 Unit,7.9767,USD
2026-06-15,00000000-0000-0000-0000-000000000004,sub-data-prod,rg-identity-prod-004,/subscriptions/00000000-0000-0000-0000-000000000004/resourceGroups/rg-identity-prod-004/providers/Microsoft.Web/sites/res01841,res01841,Azure Functions,Compute,Execution Time,germanywestcentral,Usage,211.5582,100 Hours,1.8941,USD
2026-06-15,00000000-0000-0000-0000-000000000007,sub-network-spoke,rg-app-prod-004,/subscriptions/00000000-0000-0000-0000-000000000007/resourceGroups/rg-app-prod-004/providers/Microsoft.Insights/components/res00819,res00819,Azure Monitor,Management and Governance,Alerts,swedencentral,Usage,2.927,1 GB/Month,24.4508,USD
2026-06-15,00000000-0000-0000-0000-000000000002,sub-platform-dev,rg-shared-dev-004,/subscriptions/00000000-0000-0000-0000-000000000002/resourceGroups/rg-shared-dev-004/providers/Microsoft.KeyVault/vaults/res00443,res00443,Key Vault,Security,Operations,germanywestcentral,Usage,29.7081,1 Hour,7.467,USD
2026-06-15,00000000-0000-0000-0000-000000000007,sub-network-spoke,rg-network-prod-002,/subscriptions/00000000-0000-0000-0000-000000000007/resourceGroups/rg-network-prod-002/providers/Microsoft.Web/sites/res00743,res00743,Azure Functions,Compute,Execution Time,uksouth,Usage,205.6709,1 Hour,6.6813,USD
2026-06-15,00000000-0000-0000-0000-000000000011,sub-management,rg-backup-prod-004,/subscriptions/00000000-0000-0000-0000-000000000011/resourceGroups/rg-backup-prod-004/providers/Microsoft.Insights/components/res01613,res01613,Azure Monitor,Management and Governance,Application Insights,germanywestcentral,Usage,82.7164,1 GB,5.0713,USD
2026-06-15,00000000-0000-0000-0000-000000000007,sub-network-spoke,rg-security-test-004,/subscriptions/00000000-0000-0000-0000-000000000007/resourceGroups/rg-security-test-004/providers/Microsoft.Network/ddosProtectionPlans/res00354,res00354,Azure DDoS Protection,Networking,Data Processed,global,Usage,135.7592,100 Hours,34.95,USD
2026-06-15,00000000-0000-0000-0000-000000000007,sub-network-spoke,rg-backup-dev-004,/subscriptions/00000000-0000-0000-0000-000000000007/resourceGroups/rg-backup-dev-004/providers/Microsoft.Databricks/workspaces/res00366,res00366,Azure Databricks,Analytics,Standard DBU,francecentral,Usage,113.9748,100 Hours,24.8348,USD
2026-06-15,00000000-0000-0000-0000-000000000002,sub-platform-dev,rg-monitoring-dev-003,/subscriptions/00000000-0000-0000-0000-000000000002/resourceGroups/rg-monitoring-dev-003/providers/Microsoft.Network/ddosProtectionPlans/res01385,res01385,Azure DDoS Protection,Networking,Protection Plan,global,Usage,224.5094,1 GB,61.1902,USD
2026-06-15,00000000-0000-0000-0000-000000000006,sub-network-hub,rg-app-test-003,/subscriptions/00000000-0000-0000-0000-000000000006/resourceGroups/rg-app-test-003/providers/Microsoft.Web/sites/res00547,res00547,Azure App Service,Compute,P1v3,northeurope,Usage,213.7696,100 Hours,35.6841,USD
2026-06-15,00000000-0000-0000-0000-000000000006,sub-network-hub,rg-backup-corp-002,/subscriptions/00000000-0000-0000-0000-000000000006/resourceGroups/rg-backup-corp-002/providers/Microsoft.KeyVault/vaults/res00225,res00225,Key Vault,Security,HSM Protected Keys,germanywestcentral,Usage,97.0671,1 GB/Month,3.9258,USD
2026-06-15,00000000-0000-0000-0000-000000000008,sub-apps-online,rg-data-test-002,/subscriptions/00000000-0000-0000-0000-000000000008/resourceGroups/rg-data-test-002/providers/Microsoft.Databricks/workspaces/res01492,res01492,Azure Databricks,Analytics,Premium DBU,uksouth,Usage,62.8925,1 GB,19.2225,USD
2026-06-15,00000000-0000-0000-0000-000000000008,sub-apps-online,rg-data-test-003,/subscriptions/00000000-0000-0000-0000-000000000008/resourceGroups/rg-data-test-003/providers/Microsoft.Web/sites/res00641,res00641,Azure App Service,Compute,P2v3,global,Usage,115.7125,1 Unit,42.0343,USD
2026-06-15,00000000-0000-0000-0000-000000000001,sub-platform-prod,rg-backup-corp-003,/subscriptions/00000000-0000-0000-0000-000000000001/resourceGroups/rg-backup-corp-003/providers/Microsoft.ContainerService/managedClusters/res01587,res01587,Azure Kubernetes Service,Compute,Load Balancer,uksouth,Usage,173.2851,1 GB/Month,52.5167,USD
2026-06-15,00000000-0000-0000-0000-000000000004,sub-data-prod,rg-compute-prod-003,/subscriptions/00000000-0000-0000-0000-000000000004/resourceGroups/rg-compute-prod-003/providers/Microsoft.Network/azureFirewalls/res00965,res00965,Azure Firewall,Networking,Data Processed,global,Usage,32.5555,1 GB,30.3753,USD
2026-06-15,00000000-0000-0000-0000-000000000001,sub-platform-prod,rg-network-corp-004,/subscriptions/00000000-0000-0000-0000-000000000001/resourceGroups/rg-network-corp-004/providers/Microsoft.Network/loadBalancers/res00043,res00043,Load Balancer,Networking,Data Processed,uksouth,Usage,198.9896,1 GB/Month,5.034,USD
2026-06-15,00000000-0000-0000-0000-000000000006,sub-network-hub,rg-shared-hub-004,/subscriptions/00000000-0000-0000-0000-000000000006/resourceGroups/rg-shared-hub-004/providers/Microsoft.KeyVault/vaults/res00503,res00503,Key Vault,Security,HSM Protected Keys,northeurope,Usage,14.2223,100 Hours,5.8923,USD
2026-06-15,00000000-0000-0000-0000-000000000001,sub-platform-prod,rg-network-test-003,/subscriptions/00000000-0000-0000-0000-000000000001/resourceGroups/rg-network-test-003/providers/Microsoft.Network/virtualNetworks/res00569,res00569,Virtual Network,Networking,VNet Peering,uksouth,Usage,224.8148,1 GB/Month,12.0237,USD
2026-06-15,00000000-0000-0000-0000-000000000007,sub-network-spoke,rg-shared-hub-001,/subscriptions/00000000-0000-0000-0000-000000000007/resourceGroups/rg-shared-hub-001/providers/Microsoft.DocumentDB/databaseAccounts/res00364,res00364,Azure Cosmos DB,Databases,Serverless,global,Usage,79.2674,1 Hour,18.0127,USD
2026-06-15,00000000-0000-0000-0000-000000000002,sub-platform-dev,rg-security-prod-004,/subscriptions/00000000-0000-0000-0000-000000000002/resourceGroups/rg-security-prod-004/providers/Microsoft.Compute/virtualMachines/res00715,res00715,Virtual Machines,Compute,Standard_D2s_v5,germanywestcentral,Usage,7.6778,100 Hours,79.6979,USD
2026-06-15,00000000-0000-0000-0000-000000000003,sub-platform-test,rg-app-hub-002,/subscriptions/00000000-0000-0000-0000-000000000003/resourceGroups/rg-app-hub-002/providers/Microsoft.RecoveryServices/vaults/res01307,res01307,Azure Backup,Storage,Protected Instances,swedencentral,Usage,99.3908,1 GB/Month,33.1076,USD
2026-06-15,00000000-0000-0000-0000-000000000002,sub-platform-dev,rg-app-test-004,/subscriptions/00000000-0000-0000-0000-000000000002/resourceGroups/rg-app-test-004/providers/Microsoft.Network/virtualNetworks/res01515,res01515,Virtual Network,Networking,Data Transfer Out,germanywestcentral,Usage,136.212,1M Operations,14.6042,USD
2026-06-15,00000000-0000-0000-0000-000000000002,sub-platform-dev,rg-network-hub-003,/subscriptions/00000000-0000-0000-0000-000000000002/resourceGroups/rg-network-hub-003/providers/Microsoft.Network/ddosProtectionPlans/res00216,res00216,Azure DDoS Protection,Networking,Data Processed,westeurope,Usage,124.002,1 Hour,79.4605,USD
2026-06-15,00000000-0000-0000-0000-000000000008,sub-apps-online,rg-security-prod-001,/subscriptions/00000000-0000-0000-0000-000000000008/resourceGroups/rg-security-prod-001/providers/Microsoft.Network/azureFirewalls/res00337,res00337,Azure Firewall,Networking,Deployment Hours,uksouth,Usage,24.2876,1 GB,27.3929,USD
2026-06-15,00000000-0000-0000-0000-000000000008,sub-apps-online,rg-app-prod-002,/subscriptions/00000000-0000-0000-0000-000000000008/resourceGroups/rg-app-prod-002/providers/Microsoft.Databricks/workspaces/res01935,res01935,Azure Databricks,Analytics,Premium DBU,francecentral,Usage,95.3068,1M Operations,34.192,USD
2026-06-15,00000000-0000-0000-0000-000000000010,sub-identity,rg-security-prod-003,/subscriptions/00000000-0000-0000-0000-000000000010/resourceGroups/rg-security-prod-003/providers/Microsoft.OperationalInsights/workspaces/res00438,res00438,Log Analytics,Management and Governance,Data Retention,swedencentral,Usage,83.6096,1 GB/Month,15.1476,USD
2026-06-15,00000000-0000-0000-0000-000000000007,sub-network-spoke,rg-compute-corp-004,/subscriptions/00000000-0000-0000-0000-000000000007/resourceGroups/rg-compute-corp-004/providers/Microsoft.Sql/managedInstances/res00658,res00658,Azure SQL Managed Instance,Databases,vCore BC,westeurope,Usage,50.8234,100 Hours,151.3518,USD
2026-06-15,00000000-0000-0000-0000-000000000010,sub-identity,rg-shared-hub-003,/subscriptions/00000000-0000-0000-0000-000000000010/resourceGroups/rg-shared-hub-003/providers/Microsoft.Databricks/workspaces/res01239,res01239,Azure Databricks,Analytics,Standard DBU,westeurope,Usage,74.2555,1 Hour,105.9599,USD
2026-06-15,00000000-0000-0000-0000-000000000012,sub-sandbox,rg-network-corp-003,/subscriptions/00000000-0000-0000-0000-000000000012/resourceGroups/rg-network-corp-003/providers/Microsoft.Sql/servers/databases/res00169,res00169,Azure SQL Database,Databases,Business Critical,swedencentral,Usage,93.8592,1 Hour,6.0666,USD
2026-06-15,00000000-0000-0000-0000-000000000004,sub-data-prod,rg-app-test-002,/subscriptions/00000000-0000-0000-0000-000000000004/resourceGroups/rg-app-test-002/providers/Microsoft.Security/pricings/res00357,res00357,Microsoft Defender for Cloud,Security,Defender for SQL,westeurope,Usage,231.8371,1 GB/Month,31.6611,USD
2026-06-15,00000000-0000-0000-0000-000000000002,sub-platform-dev,rg-network-hub-001,/subscriptions/00000000-0000-0000-0000-000000000002/resourceGroups/rg-network-hub-001/providers/Microsoft.Network/bandwidth/res00126,res00126,Bandwidth,Networking,Data Transfer Out - Zone 1,global,Usage,210.3456,1 Hour,16.2856,USD
2026-06-15,00000000-0000-0000-0000-000000000005,sub-data-dev,rg-shared-prod-002,/subscriptions/00000000-0000-0000-0000-000000000005/resourceGroups/rg-shared-prod-002/providers/Microsoft.Insights/components/res00297,res00297,Azure Monitor,Management and Governance,Alerts,germanywestcentral,Usage,120.9933,1 Hour,12.7453,USD
2026-06-15,00000000-0000-0000-0000-000000000002,sub-platform-dev,rg-compute-dev-004,/subscriptions/00000000-0000-0000-0000-000000000002/resourceGroups/rg-compute-dev-004/providers/Microsoft.Network/loadBalancers/res00639,res00639,Load Balancer,Networking,Data Processed,northeurope,Usage,223.2744,1 Unit,2.5434,USD
2026-06-15,00000000-0000-0000-0000-000000000003,sub-platform-test,rg-security-hub-002,/subscriptions/00000000-0000-0000-0000-000000000003/resourceGroups/rg-security-hub-002/providers/Microsoft.ServiceBus/namespaces/res00850,res00850,Service Bus,Integration,Premium Messaging Unit,francecentral,Usage,175.9129,1 GB/Month,25.1928,USD
2026-06-15,00000000-0000-0000-0000-000000000006,sub-network-hub,rg-data-hub-002,/subscriptions/00000000-0000-0000-0000-000000000006/resourceGroups/rg-data-hub-002/providers/Microsoft.Network/ddosProtectionPlans/res00847,res00847,Azure DDoS Protection,Networking,Protection Plan,uksouth,Usage,146.023,1M Operations,48.2688,USD
2026-06-15,00000000-0000-0000-0000-000000000009,sub-apps-corp,rg-monitoring-dev-004,/subscriptions/00000000-0000-0000-0000-000000000009/resourceGroups/rg-monitoring-dev-004/providers/Microsoft.Network/loadBalancers/res01311,res01311,Load Balancer,Networking,Data Processed,uksouth,Usage,135.914,10 GB,9.627,USD
2026-06-15,00000000-0000-0000-0000-000000000010,sub-identity,rg-data-dev-001,/subscriptions/00000000-0000-0000-0000-000000000010/resourceGroups/rg-data-dev-001/providers/Microsoft.Network/azureFirewalls/res00662,res00662,Azure Firewall,Networking,Data Processed,uksouth,Usage,39.5518,10 GB,48.2859,USD
2026-06-15,00000000-0000-0000-0000-000000000004,sub-data-prod,rg-compute-corp-004,/subscriptions/00000000-0000-0000-0000-000000000004/resourceGroups/rg-compute-corp-004/providers/Microsoft.Storage/storageAccounts/res00972,res00972,Storage,Storage,Standard Page Blob,francecentral,Usage,207.8341,1 Unit,78.5656,USD
2026-06-15,00000000-0000-0000-0000-000000000011,sub-management,rg-shared-dev-001,/subscriptions/00000000-0000-0000-0000-000000000011/resourceGroups/rg-shared-dev-001/providers/Microsoft.Sql/managedInstances/res00557,res00557,Azure SQL Managed Instance,Databases,vCore GP,uksouth,Usage,229.786,1 Hour,123.5788,USD
2026-06-15,00000000-0000-0000-0000-000000000009,sub-apps-corp,rg-identity-test-004,/subscriptions/00000000-0000-0000-0000-000000000009/resourceGroups/rg-identity-test-004/providers/Microsoft.EventHub/namespaces/res00471,res00471,Event Hubs,Analytics,Throughput Unit,westeurope,Usage,88.2481,1 GB/Month,26.6399,USD
2026-06-15,00000000-0000-0000-0000-000000000010,sub-identity,rg-monitoring-test-004,/subscriptions/00000000-0000-0000-0000-000000000010/resourceGroups/rg-monitoring-test-004/providers/Microsoft.ContainerService/managedClusters/res01012,res01012,Azure Kubernetes Service,Compute,Standard Tier,swedencentral,Usage,187.844,1 Unit,26.8814,USD
2026-06-15,00000000-0000-0000-0000-000000000011,sub-management,rg-compute-prod-003,/subscriptions/00000000-0000-0000-0000-000000000011/resourceGroups/rg-compute-prod-003/providers/Microsoft.OperationalInsights/workspaces/res00529,res00529,Log Analytics,Management and Governance,Basic Logs,westeurope,Usage,54.4543,1M Operations,77.4888,USD
2026-06-15,00000000-0000-0000-0000-000000000010,sub-identity,rg-data-test-002,/subscriptions/00000000-0000-0000-0000-000000000010/resourceGroups/rg-data-test-002/providers/Microsoft.Databricks/workspaces/res00634,res00634,Azure Databricks,Analytics,Premium DBU,germanywestcentral,Usage,227.0479,10 GB,25.9628,USD
2026-06-15,00000000-0000-0000-0000-000000000002,sub-platform-dev,rg-shared-prod-004,/subscriptions/00000000-0000-0000-0000-000000000002/resourceGroups/rg-shared-prod-004/providers/Microsoft.Web/sites/res01667,res01667,Azure App Service,Compute,I1v2,swedencentral,Usage,111.1184,1 Unit,7.5332,USD
2026-06-15,00000000-0000-0000-0000-000000000003,sub-platform-test,rg-security-corp-002,/subscriptions/00000000-0000-0000-0000-000000000003/resourceGroups/rg-security-corp-002/providers/Microsoft.Databricks/workspaces/res01790,res01790,Azure Databricks,Analytics,Standard DBU,germanywestcentral,Usage,99.5863,1 Hour,60.8035,USD
2026-06-15,00000000-0000-0000-0000-000000000003,sub-platform-test,rg-compute-corp-001,/subscriptions/00000000-0000-0000-0000-000000000003/resourceGroups/rg-compute-corp-001/providers/Microsoft.Compute/virtualMachines/res00514,res00514,Virtual Machines,Compute,Standard_D2s_v5,global,Usage,34.5368,1 Hour,112.4125,USD
2026-06-15,00000000-0000-0000-0000-000000000010,sub-identity,rg-monitoring-hub-003,/subscriptions/00000000-0000-0000-0000-000000000010/resourceGroups/rg-monitoring-hub-003/providers/Microsoft.Storage/storageAccounts/res01618,res01618,Storage,Storage,Cool LRS,francecentral,Usage,79.721,1 GB/Month,49.2081,USD
2026-06-15,00000000-0000-0000-0000-000000000002,sub-platform-dev,rg-security-corp-003,/subscriptions/00000000-0000-0000-0000-000000000002/resourceGroups/rg-security-corp-003/providers/Microsoft.DocumentDB/databaseAccounts/res01902,res01902,Azure Cosmos DB,Databases,RU/s Provisioned,westeurope,Usage,111.7797,100 Hours,93.0537,USD
2026-06-15,00000000-0000-0000-0000-000000000003,sub-platform-test,rg-shared-corp-002,/subscriptions/00000000-0000-0000-0000-000000000003/resourceGroups/rg-shared-corp-002/providers/Microsoft.Network/ddosProtectionPlans/res00224,res00224,Azure DDoS Protection,Networking,Protection Plan,germanywestcentral,Usage,41.1455,100 Hours,54.5463,USD
2026-06-15,00000000-0000-0000-0000-000000000010,sub-identity,rg-app-hub-002,/subscriptions/00000000-0000-0000-0000-000000000010/resourceGroups/rg-app-hub-002/providers/Microsoft.Sql/servers/databases/res01011,res01011,Azure SQL Database,Databases,Business Critical,germanywestcentral,Usage,175.8861,100 Hours,40.2986,USD
2026-06-15,00000000-0000-0000-0000-000000000007,sub-network-spoke,rg-data-test-004,/subscriptions/00000000-0000-0000-0000-000000000007/resourceGroups/rg-data-test-004/providers/Microsoft.Sql/managedInstances/res01727,res01727,Azure SQL Managed Instance,Databases,vCore BC,francecentral,Usage,218.3213,100 Hours,147.8676,USD
2026-06-15,00000000-0000-0000-0000-000000000007,sub-network-spoke,rg-identity-corp-002,/subscriptions/00000000-0000-0000-0000-000000000007/resourceGroups/rg-identity-corp-002/providers/Microsoft.Network/azureFirewalls/res00554,res00554,Azure Firewall,Networking,Deployment Hours,francecentral,Usage,70.8654,1 Unit,55.1305,USD
2026-06-15,00000000-0000-0000-0000-000000000002,sub-platform-dev,rg-data-corp-003,/subscriptions/00000000-0000-0000-0000-000000000002/resourceGroups/rg-data-corp-003/providers/Microsoft.Sql/servers/databases/res00938,res00938,Azure SQL Database,Databases,General Purpose,uksouth,Usage,196.0359,1 Unit,35.0895,USD
2026-06-15,00000000-0000-0000-0000-000000000005,sub-data-dev,rg-network-test-003,/subscriptions/00000000-0000-0000-0000-000000000005/resourceGroups/rg-network-test-003/providers/Microsoft.Compute/virtualMachines/res00168,res00168,Virtual Machines,Compute,Standard_E4s_v5,northeurope,Usage,124.3169,1 Unit,56.2569,USD
2026-06-15,00000000-0000-0000-0000-000000000007,sub-network-spoke,rg-monitoring-corp-003,/subscriptions/00000000-0000-0000-0000-000000000007/resourceGroups/rg-monitoring-corp-003/providers/Microsoft.Network/azureFirewalls/res00998,res00998,Azure Firewall,Networking,Deployment Hours,westeurope,Usage,166.9786,100 Hours,52.7974,USD
2026-06-15,00000000-0000-0000-0000-000000000003,sub-platform-test,rg-identity-hub-004,/subscriptions/00000000-0000-0000-0000-000000000003/resourceGroups/rg-identity-hub-004/providers/Microsoft.Web/sites/res00697,res00697,Azure Functions,Compute,Execution Time,global,Usage,22.4274,1 GB,9.53,USD
2026-06-15,00000000-0000-0000-0000-000000000007,sub-network-spoke,rg-backup-corp-001,/subscriptions/00000000-0000-0000-0000-000000000007/resourceGroups/rg-backup-corp-001/providers/Microsoft.ServiceBus/namespaces/res01719,res01719,Service Bus,Integration,Premium Messaging Unit,germanywestcentral,Usage,223.0595,1 GB/Month,1.1068,USD
2026-06-15,00000000-0000-0000-0000-000000000004,sub-data-prod,rg-identity-prod-002,/subscriptions/00000000-0000-0000-0000-000000000004/resourceGroups/rg-identity-prod-002/providers/Microsoft.ContainerService/managedClusters/res01423,res01423,Azure Kubernetes Service,Compute,Uptime SLA,swedencentral,Usage,77.2885,1 Hour,50.3575,USD
2026-06-15,00000000-0000-0000-0000-000000000007,sub-network-spoke,rg-identity-prod-001,/subscriptions/00000000-0000-0000-0000-000000000007/resourceGroups/rg-credits-001/providers/Microsoft.Billing/adjustments/res02017,credit-02017,Refund,Refund,Service Credit,global,Refund,1,1 Unit,-48.6558,USD
2026-06-15,00000000-0000-0000-0000-000000000001,sub-platform-prod,rg-data-corp-002,/subscriptions/00000000-0000-0000-0000-000000000001/resourceGroups/rg-data-corp-002/providers/Microsoft.Network/azureFirewalls/res00995,res00995,Azure Firewall,Networking,Data Processed,francecentral,Usage,179.6057,1 GB,22.2173,USD
2026-06-15,00000000-0000-0000-0000-000000000010,sub-identity,rg-network-corp-001,/subscriptions/00000000-0000-0000-0000-000000000010/resourceGroups/rg-network-corp-001/providers/Microsoft.Compute/virtualMachines/res01045,res01045,Virtual Machines,Compute,Standard_E4s_v5,westeurope,Usage,158.1778,10 GB,101.6142,USD
2026-06-15,00000000-0000-0000-0000-000000000009,sub-apps-corp,rg-network-hub-003,/subscriptions/00000000-0000-0000-0000-000000000009/resourceGroups/rg-network-hub-003/providers/Microsoft.Network/loadBalancers/res00106,res00106,Load Balancer,Networking,Standard Rules,swedencentral,Usage,33.371,1 GB,11.2273,USD
2026-06-15,00000000-0000-0000-0000-000000000012,sub-sandbox,rg-identity-prod-002,/subscriptions/00000000-0000-0000-0000-000000000012/resourceGroups/rg-identity-prod-002/providers/Microsoft.Insights/components/res00592,res00592,Azure Monitor,Management and Governance,Application Insights,swedencentral,Usage,238.7781,1M Operations,3.2015,USD
2026-06-15,00000000-0000-0000-0000-000000000006,sub-network-hub,rg-security-prod-001,/subscriptions/00000000-0000-0000-0000-000000000006/resourceGroups/rg-security-prod-001/providers/Microsoft.Web/sites/res00882,res00882,Azure App Service,Compute,P2v3,uksouth,Usage,191.0228,10 GB,27.0385,USD
2026-06-15,00000000-0000-0000-0000-000000000010,sub-identity,rg-backup-test-003,/subscriptions/00000000-0000-0000-0000-000000000010/resourceGroups/rg-backup-test-003/providers/Microsoft.Databricks/workspaces/res00689,res00689,Azure Databricks,Analytics,Standard DBU,uksouth,Usage,113.8781,10 GB,43.1452,USD
2026-06-15,00000000-0000-0000-0000-000000000005,sub-data-dev,rg-security-test-001,/subscriptions/00000000-0000-0000-0000-000000000005/resourceGroups/rg-security-test-001/providers/Microsoft.Sql/servers/databases/res01017,res01017,Azure SQL Database,Databases,vCore Gen5,uksouth,Usage,151.7768,1M Operations,38.0048,USD
2026-06-15,00000000-0000-0000-0000-000000000012,sub-sandbox,rg-data-corp-003,/subscriptions/00000000-0000-0000-0000-000000000012/resourceGroups/rg-data-corp-003/providers/Microsoft.Network/azureFirewalls/res01847,res01847,Azure Firewall,Networking,Deployment Hours,germanywestcentral,Usage,225.7428,10 GB,37.7271,USD
2026-06-15,00000000-0000-0000-0000-000000000011,sub-management,rg-monitoring-dev-004,/subscriptions/00000000-0000-0000-0000-000000000011/resourceGroups/rg-monitoring-dev-004/providers/Microsoft.Sql/servers/databases/res00589,res00589,Azure SQL Database,Databases,Business Critical,northeurope,Usage,181.4809,10 GB,62.02,USD
2026-06-15,00000000-0000-0000-0000-000000000006,sub-network-hub,rg-shared-corp-001,/subscriptions/00000000-0000-0000-0000-000000000006/resourceGroups/rg-shared-corp-001/providers/Microsoft.OperationalInsights/workspaces/res00182,res00182,Log Analytics,Management and Governance,Data Retention,swedencentral,Usage,55.2319,1 GB/Month,106.5208,USD
2026-06-15,00000000-0000-0000-0000-000000000003,sub-platform-test,rg-monitoring-hub-002,/subscriptions/00000000-0000-0000-0000-000000000003/resourceGroups/rg-monitoring-hub-002/providers/Microsoft.Network/bandwidth/res01092,res01092,Bandwidth,Networking,Data Transfer Out - Zone 1,francecentral,Usage,209.6484,1 Unit,25.424,USD
2026-06-15,00000000-0000-0000-0000-000000000010,sub-identity,rg-backup-hub-001,/subscriptions/00000000-0000-0000-0000-000000000010/resourceGroups/rg-backup-hub-001/providers/Microsoft.DocumentDB/databaseAccounts/res01270,res01270,Azure Cosmos DB,Databases,RU/s Provisioned,uksouth,Usage,65.2372,1 Unit,72.7353,USD
2026-06-15,00000000-0000-0000-0000-000000000012,sub-sandbox,rg-security-prod-001,/subscriptions/00000000-0000-0000-0000-000000000012/resourceGroups/rg-credits-001/providers/Microsoft.Billing/adjustments/res02014,credit-02014,Refund,Refund,Service Credit,global,Refund,1,1 Unit,-116.1481,USD
2026-06-15,00000000-0000-0000-0000-000000000011,sub-management,rg-shared-prod-002,/subscriptions/00000000-0000-0000-0000-000000000011/resourceGroups/rg-shared-prod-002/providers/Microsoft.Web/sites/res01220,res01220,Azure Functions,Compute,Total Executions,francecentral,Usage,163.4497,1M Operations,11.2758,USD
2026-06-15,00000000-0000-0000-0000-000000000002,sub-platform-dev,rg-security-prod-003,/subscriptions/00000000-0000-0000-0000-000000000002/resourceGroups/rg-security-prod-003/providers/Microsoft.Network/virtualNetworks/res00382,res00382,Virtual Network,Networking,Data Transfer Out,francecentral,Usage,186.2947,1 Hour,7.2253,USD
2026-06-15,00000000-0000-0000-0000-000000000012,sub-sandbox,rg-compute-corp-001,/subscriptions/00000000-0000-0000-0000-000000000012/resourceGroups/rg-compute-corp-001/providers/Microsoft.DocumentDB/databaseAccounts/res01171,res01171,Azure Cosmos DB,Databases,Serverless,swedencentral,Usage,146.1056,1M Operations,23.3753,USD
2026-06-15,00000000-0000-0000-0000-000000000006,sub-network-hub,rg-identity-prod-002,/subscriptions/00000000-0000-0000-0000-000000000006/resourceGroups/rg-identity-prod-002/providers/Microsoft.Web/sites/res00988,res00988,Azure Functions,Compute,Total Executions,northeurope,Usage,8.7439,1 GB/Month,6.4344,USD
2026-06-15,00000000-0000-0000-0000-000000000009,sub-apps-corp,rg-identity-prod-001,/subscriptions/00000000-0000-0000-0000-000000000009/resourceGroups/rg-identity-prod-001/providers/Microsoft.OperationalInsights/workspaces/res01403,res01403,Log Analytics,Management and Governance,Data Retention,germanywestcentral,Usage,123.5432,1 Hour,71.4497,USD
2026-06-15,00000000-0000-0000-0000-000000000011,sub-management,rg-backup-test-004,/subscriptions/00000000-0000-0000-0000-000000000011/resourceGroups/rg-backup-test-004/providers/Microsoft.Network/bandwidth/res01949,res01949,Bandwidth,Networking,Inter-Region,northeurope,Usage,109.9121,1 GB,33.0275,USD
2026-06-15,00000000-0000-0000-0000-000000000002,sub-platform-dev,rg-monitoring-corp-002,/subscriptions/00000000-0000-0000-0000-000000000002/resourceGroups/rg-monitoring-corp-002/providers/Microsoft.Databricks/workspaces/res01194,res01194,Azure Databricks,Analytics,Standard DBU,uksouth,Usage,81.0974,1 Hour,17.6717,USD
2026-06-15,00000000-0000-0000-0000-000000000012,sub-sandbox,rg-data-test-004,/subscriptions/00000000-0000-0000-0000-000000000012/resourceGroups/rg-data-test-004/providers/Microsoft.Network/loadBalancers/res00637,res00637,Load Balancer,Networking,Data Processed,swedencentral,Usage,142.5949,100 Hours,16.9483,USD
2026-06-15,00000000-0000-0000-0000-000000000001,sub-platform-prod,rg-security-dev-003,/subscriptions/00000000-0000-0000-0000-000000000001/resourceGroups/rg-security-dev-003/providers/Microsoft.Insights/components/res00780,res00780,Azure Monitor,Management and Governance,Application Insights,germanywestcentral,Usage,27.3953,1M Operations,3.8891,USD
2026-06-15,00000000-0000-0000-0000-000000000006,sub-network-hub,rg-identity-dev-003,/subscriptions/00000000-0000-0000-0000-000000000006/resourceGroups/rg-identity-dev-003/providers/Microsoft.Sql/managedInstances/res01160,res01160,Azure SQL Managed Instance,Databases,vCore GP,global,Usage,55.4998,10 GB,37.8301,USD
2026-06-15,00000000-0000-0000-0000-000000000008,sub-apps-online,rg-shared-test-004,/subscriptions/00000000-0000-0000-0000-000000000008/resourceGroups/rg-shared-test-004/providers/Microsoft.RecoveryServices/vaults/res01537,res01537,Azure Backup,Storage,Backup Storage LRS,northeurope,Usage,144.1868,100 Hours,12.2351,USD
2026-06-15,00000000-0000-0000-0000-000000000009,sub-apps-corp,rg-network-test-004,/subscriptions/00000000-0000-0000-0000-000000000009/resourceGroups/rg-network-test-004/providers/Microsoft.Insights/components/res00460,res00460,Azure Monitor,Management and Governance,Alerts,uksouth,Usage,45.2894,100 Hours,7.8105,USD
2026-06-15,00000000-0000-0000-0000-000000000008,sub-apps-online,rg-monitoring-prod-003,/subscriptions/00000000-0000-0000-0000-000000000008/resourceGroups/rg-monitoring-prod-003/providers/Microsoft.Web/sites/res00437,res00437,Azure App Service,Compute,P2v3,germanywestcentral,Usage,105.1067,1 Unit,27.903,USD
2026-06-15,00000000-0000-0000-0000-000000000012,sub-sandbox,rg-app-corp-002,/subscriptions/00000000-0000-0000-0000-000000000012/resourceGroups/rg-app-corp-002/providers/Microsoft.Security/pricings/res01462,res01462,Microsoft Defender for Cloud,Security,Defender for SQL,swedencentral,Usage,23.1262,10 GB,5.7959,USD
2026-06-15,00000000-0000-0000-0000-000000000004,sub-data-prod,rg-compute-prod-002,/subscriptions/00000000-0000-0000-0000-000000000004/resourceGroups/rg-compute-prod-002/providers/Microsoft.Storage/storageAccounts/res00608,res00608,Storage,Storage,Cool LRS,swedencentral,Usage,131.9233,1 Unit,31.0229,USD
2026-06-15,00000000-0000-0000-0000-000000000009,sub-apps-corp,rg-security-corp-003,/subscriptions/00000000-0000-0000-0000-000000000009/resourceGroups/rg-security-corp-003/providers/Microsoft.Network/applicationGateways/res01502,res01502,Application Gateway,Networking,Capacity Unit,westeurope,Usage,144.4136,100 Hours,43.4257,USD
2026-06-15,00000000-0000-0000-0000-000000000001,sub-platform-prod,rg-identity-corp-003,/subscriptions/00000000-0000-0000-0000-000000000001/resourceGroups/rg-identity-corp-003/providers/Microsoft.Sql/managedInstances/res00528,res00528,Azure SQL Managed Instance,Databases,vCore BC,germanywestcentral,Usage,199.198,1M Operations,178.9191,USD
2026-06-15,00000000-0000-0000-0000-000000000006,sub-network-hub,rg-app-prod-003,/subscriptions/00000000-0000-0000-0000-000000000006/resourceGroups/rg-app-prod-003/providers/Microsoft.OperationalInsights/workspaces/res00605,res00605,Log Analytics,Management and Governance,Data Ingestion,francecentral,Usage,65.3335,1 Unit,8.1924,USD
2026-06-15,00000000-0000-0000-0000-000000000005,sub-data-dev,rg-security-hub-003,/subscriptions/00000000-0000-0000-0000-000000000005/resourceGroups/rg-security-hub-003/providers/Microsoft.ServiceBus/namespaces/res00247,res00247,Service Bus,Integration,Premium Messaging Unit,westeurope,Usage,238.4355,1 Hour,24.3991,USD
2026-06-15,00000000-0000-0000-0000-000000000005,sub-data-dev,rg-backup-test-003,/subscriptions/00000000-0000-0000-0000-000000000005/resourceGroups/rg-backup-test-003/providers/Microsoft.Databricks/workspaces/res01184,res01184,Azure Databricks,Analytics,Jobs Compute DBU,swedencentral,Usage,88.2589,10 GB,59.2678,USD
2026-06-15,00000000-0000-0000-0000-000000000008,sub-apps-online,rg-app-corp-002,/subscriptions/00000000-0000-0000-0000-000000000008/resourceGroups/rg-app-corp-002/providers/Microsoft.Network/virtualNetworks/res00673,res00673,Virtual Network,Networking,Private Endpoint,global,Usage,203.8107,1 Hour,1.4783,USD
2026-06-15,00000000-0000-0000-0000-000000000005,sub-data-dev,rg-data-test-003,/subscriptions/00000000-0000-0000-0000-000000000005/resourceGroups/rg-data-test-003/providers/Microsoft.Compute/virtualMachines/res00778,res00778,Virtual Machines,Compute,Standard_B2ms,northeurope,Usage,149.4129,1 Hour,81.2531,USD
2026-06-15,00000000-0000-0000-0000-000000000012,sub-sandbox,rg-backup-dev-003,/subscriptions/00000000-0000-0000-0000-000000000012/resourceGroups/rg-backup-dev-003/providers/Microsoft.Web/sites/res00744,res00744,Azure App Service,Compute,P2v3,francecentral,Usage,42.8406,1 GB/Month,36.2616,USD
2026-06-15,00000000-0000-0000-0000-000000000008,sub-apps-online,rg-compute-dev-003,/subscriptions/00000000-0000-0000-0000-000000000008/resourceGroups/rg-compute-dev-003/providers/Microsoft.Web/sites/res01030,res01030,Azure Functions,Compute,Total Executions,northeurope,Usage,216.1466,1 Unit,11.9921,USD
2026-06-15,00000000-0000-0000-0000-000000000007,sub-network-spoke,rg-app-prod-003,/subscriptions/00000000-0000-0000-0000-000000000007/resourceGroups/rg-app-prod-003/providers/Microsoft.Network/bandwidth/res00012,res00012,Bandwidth,Networking,Inter-Region,uksouth,Usage,165.471,1 GB,3.5333,USD
2026-06-15,00000000-0000-0000-0000-000000000001,sub-platform-prod,rg-shared-dev-001,/subscriptions/00000000-0000-0000-0000-000000000001/resourceGroups/rg-shared-dev-001/providers/Microsoft.EventHub/namespaces/res01007,res01007,Event Hubs,Analytics,Capture,uksouth,Usage,26.1263,1M Operations,26.267,USD
2026-06-15,00000000-0000-0000-0000-000000000009,sub-apps-corp,rg-network-test-003,/subscriptions/00000000-0000-0000-0000-000000000009/resourceGroups/rg-network-test-003/providers/Microsoft.Sql/managedInstances/res00092,res00092,Azure SQL Managed Instance,Databases,vCore BC,westeurope,Usage,215.2068,1 Unit,84.7832,USD
2026-06-15,00000000-0000-0000-0000-000000000007,sub-network-spoke,rg-network-corp-004,/subscriptions/00000000-0000-0000-0000-000000000007/resourceGroups/rg-network-corp-004/providers/Microsoft.Sql/managedInstances/res01859,res01859,Azure SQL Managed Instance,Databases,vCore BC,westeurope,Usage,20.503,1 Unit,37.5587,USD
2026-06-15,00000000-0000-0000-0000-000000000005,sub-data-dev,rg-identity-dev-004,/subscriptions/00000000-0000-0000-0000-000000000005/resourceGroups/rg-identity-dev-004/providers/Microsoft.ContainerService/managedClusters/res00940,res00940,Azure Kubernetes Service,Compute,Uptime SLA,global,Usage,14.609,1 GB/Month,4.5736,USD
2026-06-15,00000000-0000-0000-0000-000000000005,sub-data-dev,rg-backup-test-001,/subscriptions/00000000-0000-0000-0000-000000000005/resourceGroups/rg-backup-test-001/providers/Microsoft.Network/applicationGateways/res01803,res01803,Application Gateway,Networking,Capacity Unit,northeurope,Usage,10.2311,1 GB,36.7926,USD
2026-06-15,00000000-0000-0000-0000-000000000005,sub-data-dev,rg-identity-prod-002,/subscriptions/00000000-0000-0000-0000-000000000005/resourceGroups/rg-identity-prod-002/providers/Microsoft.EventHub/namespaces/res01525,res01525,Event Hubs,Analytics,Capture,germanywestcentral,Usage,202.157,100 Hours,27.7725,USD
2026-06-15,00000000-0000-0000-0000-000000000007,sub-network-spoke,rg-app-hub-003,/subscriptions/00000000-0000-0000-0000-000000000007/resourceGroups/rg-app-hub-003/providers/Microsoft.Network/bandwidth/res00857,res00857,Bandwidth,Networking,Inter-Region,swedencentral,Usage,152.0639,10 GB,22.8292,USD
2026-06-15,00000000-0000-0000-0000-000000000010,sub-identity,rg-monitoring-corp-001,/subscriptions/00000000-0000-0000-0000-000000000010/resourceGroups/rg-monitoring-corp-001/providers/Microsoft.Sql/managedInstances/res01637,res01637,Azure SQL Managed Instance,Databases,vCore BC,global,Usage,192.7838,1 Unit,71.0965,USD
2026-06-15,00000000-0000-0000-0000-000000000005,sub-data-dev,rg-monitoring-hub-004,/subscriptions/00000000-0000-0000-0000-000000000005/resourceGroups/rg-monitoring-hub-004/providers/Microsoft.ContainerRegistry/registries/res01039,res01039,Container Registry,Containers,Storage,northeurope,Usage,93.7771,100 Hours,20.1462,USD
2026-06-15,00000000-0000-0000-0000-000000000005,sub-data-dev,rg-data-corp-004,/subscriptions/00000000-0000-0000-0000-000000000005/resourceGroups/rg-data-corp-004/providers/Microsoft.OperationalInsights/workspaces/res01338,res01338,Log Analytics,Management and Governance,Data Retention,swedencentral,Usage,42.76,1 GB/Month,35.3011,USD
2026-06-15,00000000-0000-0000-0000-000000000003,sub-platform-test,rg-compute-dev-003,/subscriptions/00000000-0000-0000-0000-000000000003/resourceGroups/rg-compute-dev-003/providers/Microsoft.Network/applicationGateways/res00933,res00933,Application Gateway,Networking,WAF v2 Fixed,germanywestcentral,Usage,215.8034,1M Operations,43.2074,USD
2026-06-15,00000000-0000-0000-0000-000000000001,sub-platform-prod,rg-backup-prod-003,/subscriptions/00000000-0000-0000-0000-000000000001/resourceGroups/rg-backup-prod-003/providers/Microsoft.DocumentDB/databaseAccounts/res01287,res01287,Azure Cosmos DB,Databases,RU/s Provisioned,francecentral,Usage,4.3955,1 GB/Month,28.9327,USD
2026-06-15,00000000-0000-0000-0000-000000000005,sub-data-dev,rg-app-prod-004,/subscriptions/00000000-0000-0000-0000-000000000005/resourceGroups/rg-app-prod-004/providers/Microsoft.Storage/storageAccounts/res00399,res00399,Storage,Storage,General Block Blob,global,Usage,182.9043,1 GB,16.7496,USD
2026-06-15,00000000-0000-0000-0000-000000000010,sub-identity,rg-network-dev-002,/subscriptions/00000000-0000-0000-0000-000000000010/resourceGroups/rg-network-dev-002/providers/Microsoft.Network/ddosProtectionPlans/res00326,res00326,Azure DDoS Protection,Networking,Data Processed,uksouth,Usage,161.3967,1 GB,31.0622,USD
2026-06-15,00000000-0000-0000-0000-000000000002,sub-platform-dev,rg-data-test-001,/subscriptions/00000000-0000-0000-0000-000000000002/resourceGroups/rg-data-test-001/providers/Microsoft.DocumentDB/databaseAccounts/res00672,res00672,Azure Cosmos DB,Databases,Storage,global,Usage,16.6359,10 GB,15.7849,USD
2026-06-15,00000000-0000-0000-0000-000000000012,sub-sandbox,rg-security-corp-002,/subscriptions/00000000-0000-0000-0000-000000000012/resourceGroups/rg-security-corp-002/providers/Microsoft.Sql/servers/databases/res00441,res00441,Azure SQL Database,Databases,Business Critical,northeurope,Usage,61.1898,1 GB,43.4863,USD
2026-06-15,00000000-0000-0000-0000-000000000007,sub-network-spoke,rg-security-corp-002,/subscriptions/00000000-0000-0000-0000-000000000007/resourceGroups/rg-security-corp-002/providers/Microsoft.ContainerRegistry/registries/res01118,res01118,Container Registry,Containers,Build Minutes,swedencentral,Usage,184.7105,100 Hours,11.6479,USD
2026-06-15,00000000-0000-0000-0000-000000000002,sub-platform-dev,rg-shared-prod-004,/subscriptions/00000000-0000-0000-0000-000000000002/resourceGroups/rg-shared-prod-004/providers/Microsoft.Web/sites/res00566,res00566,Azure Functions,Compute,Execution Time,westeurope,Usage,137.3581,1 GB/Month,6.5066,USD
2026-06-15,00000000-0000-0000-0000-000000000001,sub-platform-prod,rg-data-corp-003,/subscriptions/00000000-0000-0000-0000-000000000001/resourceGroups/rg-data-corp-003/providers/Microsoft.Sql/managedInstances/res01597,res01597,Azure SQL Managed Instance,Databases,vCore GP,germanywestcentral,Usage,175.481,1 GB/Month,119.6605,USD
2026-06-15,00000000-0000-0000-0000-000000000004,sub-data-prod,rg-security-prod-002,/subscriptions/00000000-0000-0000-0000-000000000004/resourceGroups/rg-security-prod-002/providers/Microsoft.RecoveryServices/vaults/res01246,res01246,Azure Backup,Storage,Backup Storage LRS,westeurope,Usage,52.0476,1 GB,10.5041,USD
2026-06-15,00000000-0000-0000-0000-000000000005,sub-data-dev,rg-shared-hub-003,/subscriptions/00000000-0000-0000-0000-000000000005/resourceGroups/rg-shared-hub-003/providers/Microsoft.Security/pricings/res01296,res01296,Microsoft Defender for Cloud,Security,Defender for Storage,northeurope,Usage,156.756,100 Hours,43.0254,USD
2026-06-15,00000000-0000-0000-0000-000000000009,sub-apps-corp,rg-compute-corp-003,/subscriptions/00000000-0000-0000-0000-000000000009/resourceGroups/rg-compute-corp-003/providers/Microsoft.ContainerService/managedClusters/res00987,res00987,Azure Kubernetes Service,Compute,Standard Tier,global,Usage,93.4116,1 GB,64.8004,USD
2026-06-15,00000000-0000-0000-0000-000000000003,sub-platform-test,rg-monitoring-prod-004,/subscriptions/00000000-0000-0000-0000-000000000003/resourceGroups/rg-monitoring-prod-004/providers/Microsoft.Sql/servers/databases/res00463,res00463,Azure SQL Database,Databases,DTU,francecentral,Usage,205.854,10 GB,54.0636,USD
2026-06-15,00000000-0000-0000-0000-000000000006,sub-network-hub,rg-identity-corp-004,/subscriptions/00000000-0000-0000-0000-000000000006/resourceGroups/rg-identity-corp-004/providers/Microsoft.Sql/servers/databases/res00315,res00315,Azure SQL Database,Databases,vCore Gen5,northeurope,Usage,49.9232,1 Hour,31.5064,USD
2026-06-15,00000000-0000-0000-0000-000000000009,sub-apps-corp,rg-shared-dev-002,/subscriptions/00000000-0000-0000-0000-000000000009/resourceGroups/rg-shared-dev-002/providers/Microsoft.Security/pricings/res01679,res01679,Microsoft Defender for Cloud,Security,Defender for Storage,francecentral,Usage,38.8138,10 GB,46.1971,USD
2026-06-15,00000000-0000-0000-0000-000000000009,sub-apps-corp,rg-app-prod-003,/subscriptions/00000000-0000-0000-0000-000000000009/resourceGroups/rg-app-prod-003/providers/Microsoft.KeyVault/vaults/res01368,res01368,Key Vault,Security,HSM Protected Keys,swedencentral,Usage,48.6655,1 Hour,5.3353,USD
2026-06-15,00000000-0000-0000-0000-000000000008,sub-apps-online,rg-backup-test-002,/subscriptions/00000000-0000-0000-0000-000000000008/resourceGroups/rg-backup-test-002/providers/Microsoft.DocumentDB/databaseAccounts/res00254,res00254,Azure Cosmos DB,Databases,Serverless,global,Usage,197.0053,10 GB,30.0608,USD
2026-06-15,00000000-0000-0000-0000-000000000012,sub-sandbox,rg-data-hub-002,/subscriptions/00000000-0000-0000-0000-000000000012/resourceGroups/rg-data-hub-002/providers/Microsoft.RecoveryServices/vaults/res00369,res00369,Azure Backup,Storage,Protected Instances,swedencentral,Usage,152.1225,1 Hour,22.399,USD
2026-06-15,00000000-0000-0000-0000-000000000001,sub-platform-prod,rg-data-hub-002,/subscriptions/00000000-0000-0000-0000-000000000001/resourceGroups/rg-data-hub-002/providers/Microsoft.Web/sites/res00353,res00353,Azure App Service,Compute,P2v3,uksouth,Usage,173.8154,1 GB,15.3626,USD
2026-06-15,00000000-0000-0000-0000-000000000006,sub-network-hub,rg-app-corp-001,/subscriptions/00000000-0000-0000-0000-000000000006/resourceGroups/rg-app-corp-001/providers/Microsoft.Insights/components/res00350,res00350,Azure Monitor,Management and Governance,Metrics,northeurope,Usage,171.4046,1 Unit,4.6751,USD
2026-06-15,00000000-0000-0000-0000-000000000005,sub-data-dev,rg-shared-corp-001,/subscriptions/00000000-0000-0000-0000-000000000005/resourceGroups/rg-shared-corp-001/providers/Microsoft.Databricks/workspaces/res00587,res00587,Azure Databricks,Analytics,Standard DBU,germanywestcentral,Usage,19.3145,1 GB,14.8181,USD
2026-06-15,00000000-0000-0000-0000-000000000007,sub-network-spoke,rg-monitoring-test-004,/subscriptions/00000000-0000-0000-0000-000000000007/resourceGroups/rg-monitoring-test-004/providers/Microsoft.ContainerService/managedClusters/res01173,res01173,Azure Kubernetes Service,Compute,Uptime SLA,uksouth,Usage,4.1562,1 Unit,13.7575,USD
2026-06-15,00000000-0000-0000-0000-000000000005,sub-data-dev,rg-monitoring-corp-003,/subscriptions/00000000-0000-0000-0000-000000000005/resourceGroups/rg-monitoring-corp-003/providers/Microsoft.KeyVault/vaults/res01772,res01772,Key Vault,Security,HSM Protected Keys,francecentral,Usage,30.9927,10 GB,0.2423,USD
2026-06-15,00000000-0000-0000-0000-000000000009,sub-apps-corp,rg-identity-dev-002,/subscriptions/00000000-0000-0000-0000-000000000009/resourceGroups/rg-identity-dev-002/providers/Microsoft.ContainerService/managedClusters/res01586,res01586,Azure Kubernetes Service,Compute,Standard Tier,germanywestcentral,Usage,49.8621,1M Operations,54.056,USD
2026-06-15,00000000-0000-0000-0000-000000000005,sub-data-dev,rg-compute-dev-004,/subscriptions/00000000-0000-0000-0000-000000000005/resourceGroups/rg-compute-dev-004/providers/Microsoft.Storage/storageAccounts/res00871,res00871,Storage,Storage,Hot LRS,uksouth,Usage,132.167,1M Operations,19.478,USD
2026-06-15,00000000-0000-0000-0000-000000000006,sub-network-hub,rg-security-hub-004,/subscriptions/00000000-0000-0000-0000-000000000006/resourceGroups/rg-security-hub-004/providers/Microsoft.Storage/storageAccounts/res00732,res00732,Storage,Storage,Standard Page Blob,global,Usage,22.5231,1M Operations,44.7284,USD
2026-06-15,00000000-0000-0000-0000-000000000002,sub-platform-dev,rg-backup-test-002,/subscriptions/00000000-0000-0000-0000-000000000002/resourceGroups/rg-backup-test-002/providers/Microsoft.RecoveryServices/vaults/res00029,res00029,Azure Backup,Storage,Backup Storage LRS,francecentral,Usage,133.4206,1 Hour,12.1878,USD
2026-06-15,00000000-0000-0000-0000-000000000007,sub-network-spoke,rg-backup-corp-004,/subscriptions/00000000-0000-0000-0000-000000000007/resourceGroups/rg-backup-corp-004/providers/Microsoft.OperationalInsights/workspaces/res01712,res01712,Log Analytics,Management and Governance,Data Ingestion,francecentral,Usage,183.8447,1M Operations,17.6403,USD
2026-06-15,00000000-0000-0000-0000-000000000011,sub-management,rg-data-hub-004,/subscriptions/00000000-0000-0000-0000-000000000011/resourceGroups/rg-data-hub-004/providers/Microsoft.ContainerRegistry/registries/res01042,res01042,Container Registry,Containers,Storage,germanywestcentral,Usage,86.0968,100 Hours,24.6524,USD
2026-06-15,00000000-0000-0000-0000-000000000007,sub-network-spoke,rg-network-prod-004,/subscriptions/00000000-0000-0000-0000-000000000007/resourceGroups/rg-network-prod-004/providers/Microsoft.Databricks/workspaces/res01760,res01760,Azure Databricks,Analytics,Premium DBU,germanywestcentral,Usage,66.4046,10 GB,97.6395,USD
2026-06-15,00000000-0000-0000-0000-000000000011,sub-management,rg-backup-corp-003,/subscriptions/00000000-0000-0000-0000-000000000011/resourceGroups/rg-backup-corp-003/providers/Microsoft.Network/azureFirewalls/res00977,res00977,Azure Firewall,Networking,Data Processed,germanywestcentral,Usage,141.1991,1 GB/Month,55.219,USD
2026-06-15,00000000-0000-0000-0000-000000000003,sub-platform-test,rg-shared-prod-002,/subscriptions/00000000-0000-0000-0000-000000000003/resourceGroups/rg-shared-prod-002/providers/Microsoft.Sql/managedInstances/res00516,res00516,Azure SQL Managed Instance,Databases,vCore BC,westeurope,Usage,172.6281,1 GB/Month,167.1434,USD
2026-06-15,00000000-0000-0000-0000-000000000004,sub-data-prod,rg-shared-hub-002,/subscriptions/00000000-0000-0000-0000-000000000004/resourceGroups/rg-shared-hub-002/providers/Microsoft.Network/bandwidth/res00309,res00309,Bandwidth,Networking,Inter-Region,germanywestcentral,Usage,210.3055,1 GB/Month,24.2496,USD
2026-06-15,00000000-0000-0000-0000-000000000010,sub-identity,rg-network-test-003,/subscriptions/00000000-0000-0000-0000-000000000010/resourceGroups/rg-network-test-003/providers/Microsoft.Sql/managedInstances/res01780,res01780,Azure SQL Managed Instance,Databases,vCore GP,germanywestcentral,Usage,52.8152,1 GB/Month,103.6353,USD
2026-06-15,00000000-0000-0000-0000-000000000004,sub-data-prod,rg-backup-dev-003,/subscriptions/00000000-0000-0000-0000-000000000004/resourceGroups/rg-backup-dev-003/providers/Microsoft.Web/sites/res00093,res00093,Azure App Service,Compute,I1v2,germanywestcentral,Usage,143.0057,100 Hours,27.4035,USD
2026-06-15,00000000-0000-0000-0000-000000000004,sub-data-prod,rg-network-prod-002,/subscriptions/00000000-0000-0000-0000-000000000004/resourceGroups/rg-network-prod-002/providers/Microsoft.EventHub/namespaces/res00654,res00654,Event Hubs,Analytics,Throughput Unit,francecentral,Usage,62.4631,100 Hours,15.4442,USD
2026-06-15,00000000-0000-0000-0000-000000000012,sub-sandbox,rg-network-test-002,/subscriptions/00000000-0000-0000-0000-000000000012/resourceGroups/rg-network-test-002/providers/Microsoft.ContainerRegistry/registries/res01209,res01209,Container Registry,Containers,Build Minutes,northeurope,Usage,181.1804,100 Hours,8.373,USD
2026-06-15,00000000-0000-0000-0000-000000000010,sub-identity,rg-shared-test-002,/subscriptions/00000000-0000-0000-0000-000000000010/resourceGroups/rg-shared-test-002/providers/Microsoft.DocumentDB/databaseAccounts/res00650,res00650,Azure Cosmos DB,Databases,Storage,westeurope,Usage,199.1669,1 Hour,92.7459,USD
2026-06-15,00000000-0000-0000-0000-000000000007,sub-network-spoke,rg-app-dev-004,/subscriptions/00000000-0000-0000-0000-000000000007/resourceGroups/rg-app-dev-004/providers/Microsoft.Databricks/workspaces/res01471,res01471,Azure Databricks,Analytics,Standard DBU,westeurope,Usage,198.9559,10 GB,108.4595,USD
2026-06-15,00000000-0000-0000-0000-000000000007,sub-network-spoke,rg-identity-hub-003,/subscriptions/00000000-0000-0000-0000-000000000007/resourceGroups/rg-identity-hub-003/providers/Microsoft.Network/loadBalancers/res01073,res01073,Load Balancer,Networking,Data Processed,francecentral,Usage,78.1353,1 GB,7.4318,USD
2026-06-15,00000000-0000-0000-0000-000000000010,sub-identity,rg-backup-test-002,/subscriptions/00000000-0000-0000-0000-000000000010/resourceGroups/rg-backup-test-002/providers/Microsoft.Network/virtualNetworks/res01631,res01631,Virtual Network,Networking,VNet Peering,germanywestcentral,Usage,20.8154,100 Hours,4.0186,USD
2026-06-15,00000000-0000-0000-0000-000000000004,sub-data-prod,rg-security-corp-004,/subscriptions/00000000-0000-0000-0000-000000000004/resourceGroups/rg-security-corp-004/providers/Microsoft.Security/pricings/res00164,res00164,Microsoft Defender for Cloud,Security,Defender for SQL,germanywestcentral,Usage,205.0863,1 Unit,47.3845,USD
2026-06-15,00000000-0000-0000-0000-000000000012,sub-sandbox,rg-network-test-004,/subscriptions/00000000-0000-0000-0000-000000000012/resourceGroups/rg-network-test-004/providers/Microsoft.DocumentDB/databaseAccounts/res01914,res01914,Azure Cosmos DB,Databases,Serverless,francecentral,Usage,17.496,100 Hours,87.3258,USD
2026-06-15,00000000-0000-0000-0000-000000000005,sub-data-dev,rg-compute-prod-002,/subscriptions/00000000-0000-0000-0000-000000000005/resourceGroups/rg-compute-prod-002/providers/Microsoft.ContainerService/managedClusters/res01794,res01794,Azure Kubernetes Service,Compute,Load Balancer,northeurope,Usage,198.1585,1 GB,55.6191,USD
2026-06-15,00000000-0000-0000-0000-000000000006,sub-network-hub,rg-monitoring-test-004,/subscriptions/00000000-0000-0000-0000-000000000006/resourceGroups/rg-monitoring-test-004/providers/Microsoft.Security/pricings/res01742,res01742,Microsoft Defender for Cloud,Security,Defender for Storage,swedencentral,Usage,168.1935,1 Unit,43.2558,USD
2026-06-15,00000000-0000-0000-0000-000000000009,sub-apps-corp,rg-data-dev-001,/subscriptions/00000000-0000-0000-0000-000000000009/resourceGroups/rg-data-dev-001/providers/Microsoft.Insights/components/res01251,res01251,Azure Monitor,Management and Governance,Metrics,northeurope,Usage,106.7805,10 GB,23.9908,USD
2026-06-15,00000000-0000-0000-0000-000000000007,sub-network-spoke,rg-backup-corp-003,/subscriptions/00000000-0000-0000-0000-000000000007/resourceGroups/rg-backup-corp-003/providers/Microsoft.Network/applicationGateways/res00116,res00116,Application Gateway,Networking,Capacity Unit,global,Usage,207.7667,100 Hours,15.5462,USD
2026-06-15,00000000-0000-0000-0000-000000000008,sub-apps-online,rg-backup-test-002,/subscriptions/00000000-0000-0000-0000-000000000008/resourceGroups/rg-backup-test-002/providers/Microsoft.DocumentDB/databaseAccounts/res01130,res01130,Azure Cosmos DB,Databases,RU/s Provisioned,northeurope,Usage,73.659,1M Operations,75.8242,USD
2026-06-15,00000000-0000-0000-0000-000000000011,sub-management,rg-backup-dev-001,/subscriptions/00000000-0000-0000-0000-000000000011/resourceGroups/rg-backup-dev-001/providers/Microsoft.Sql/managedInstances/res00974,res00974,Azure SQL Managed Instance,Databases,vCore GP,swedencentral,Usage,115.1133,1 Unit,153.4947,USD
2026-06-15,00000000-0000-0000-0000-000000000009,sub-apps-corp,rg-backup-dev-001,/subscriptions/00000000-0000-0000-0000-000000000009/resourceGroups/rg-backup-dev-001/providers/Microsoft.ContainerService/managedClusters/res00037,res00037,Azure Kubernetes Service,Compute,Uptime SLA,germanywestcentral,Usage,29.5322,1 Hour,15.4836,USD
2026-06-15,00000000-0000-0000-0000-000000000001,sub-platform-prod,rg-identity-prod-001,/subscriptions/00000000-0000-0000-0000-000000000001/resourceGroups/rg-identity-prod-001/providers/Microsoft.Compute/virtualMachines/res00271,res00271,Virtual Machines,Compute,Standard_B2ms,uksouth,Usage,208.403,1 GB/Month,47.4209,USD
2026-06-15,00000000-0000-0000-0000-000000000012,sub-sandbox,rg-network-dev-002,/subscriptions/00000000-0000-0000-0000-000000000012/resourceGroups/rg-network-dev-002/providers/Microsoft.ContainerService/managedClusters/res00314,res00314,Azure Kubernetes Service,Compute,Uptime SLA,northeurope,Usage,150.9727,10 GB,75.1763,USD
2026-06-15,00000000-0000-0000-0000-000000000003,sub-platform-test,rg-identity-test-004,/subscriptions/00000000-0000-0000-0000-000000000003/resourceGroups/rg-identity-test-004/providers/Microsoft.Compute/virtualMachines/res01982,res01982,Virtual Machines,Compute,Standard_E4s_v5,uksouth,Usage,224.4468,10 GB,77.3169,USD
2026-06-15,00000000-0000-0000-0000-000000000008,sub-apps-online,rg-monitoring-hub-002,/subscriptions/00000000-0000-0000-0000-000000000008/resourceGroups/rg-monitoring-hub-002/providers/Microsoft.Network/loadBalancers/res01203,res01203,Load Balancer,Networking,Data Processed,germanywestcentral,Usage,122.6949,1 GB/Month,18.7006,USD
2026-06-15,00000000-0000-0000-0000-000000000005,sub-data-dev,rg-network-dev-004,/subscriptions/00000000-0000-0000-0000-000000000005/resourceGroups/rg-network-dev-004/providers/Microsoft.Databricks/workspaces/res01252,res01252,Azure Databricks,Analytics,Jobs Compute DBU,northeurope,Usage,101.7728,1 Unit,43.5776,USD
2026-06-15,00000000-0000-0000-0000-000000000003,sub-platform-test,rg-backup-corp-004,/subscriptions/00000000-0000-0000-0000-000000000003/resourceGroups/rg-backup-corp-004/providers/Microsoft.Compute/virtualMachines/res01988,res01988,Virtual Machines,Compute,Standard_D2s_v5,germanywestcentral,Usage,9.9138,1 GB/Month,54.9335,USD
2026-06-15,00000000-0000-0000-0000-000000000012,sub-sandbox,rg-app-test-003,/subscriptions/00000000-0000-0000-0000-000000000012/resourceGroups/rg-app-test-003/providers/Microsoft.Sql/servers/databases/res00989,res00989,Azure SQL Database,Databases,Business Critical,germanywestcentral,Usage,19.6805,100 Hours,28.437,USD
2026-06-15,00000000-0000-0000-0000-000000000010,sub-identity,rg-identity-corp-001,/subscriptions/00000000-0000-0000-0000-000000000010/resourceGroups/rg-identity-corp-001/providers/Microsoft.EventHub/namespaces/res00311,res00311,Event Hubs,Analytics,Capture,westeurope,Usage,32.383,100 Hours,28.7057,USD
2026-06-15,00000000-0000-0000-0000-000000000008,sub-apps-online,rg-app-prod-004,/subscriptions/00000000-0000-0000-0000-000000000008/resourceGroups/rg-app-prod-004/providers/Microsoft.Network/loadBalancers/res01785,res01785,Load Balancer,Networking,Data Processed,global,Usage,14.5003,1 GB,2.258,USD
2026-06-15,00000000-0000-0000-0000-000000000012,sub-sandbox,rg-backup-test-004,/subscriptions/00000000-0000-0000-0000-000000000012/resourceGroups/rg-backup-test-004/providers/Microsoft.Web/sites/res00625,res00625,Azure App Service,Compute,S1,uksouth,Usage,177.9025,10 GB,51.8645,USD
2026-06-15,00000000-0000-0000-0000-000000000007,sub-network-spoke,rg-shared-prod-004,/subscriptions/00000000-0000-0000-0000-000000000007/resourceGroups/rg-shared-prod-004/providers/Microsoft.OperationalInsights/workspaces/res01606,res01606,Log Analytics,Management and Governance,Basic Logs,northeurope,Usage,174.0094,1 GB,14.8575,USD
2026-06-15,00000000-0000-0000-0000-000000000003,sub-platform-test,rg-compute-dev-001,/subscriptions/00000000-0000-0000-0000-000000000003/resourceGroups/rg-compute-dev-001/providers/Microsoft.Sql/servers/databases/res00526,res00526,Azure SQL Database,Databases,General Purpose,westeurope,Usage,230.8203,10 GB,106.3511,USD
2026-06-15,00000000-0000-0000-0000-000000000001,sub-platform-prod,rg-monitoring-corp-003,/subscriptions/00000000-0000-0000-0000-000000000001/resourceGroups/rg-monitoring-corp-003/providers/Microsoft.Storage/storageAccounts/res01172,res01172,Storage,Storage,General Block Blob,swedencentral,Usage,145.8025,10 GB,64.2269,USD
2026-06-15,00000000-0000-0000-0000-000000000006,sub-network-hub,rg-monitoring-prod-002,/subscriptions/00000000-0000-0000-0000-000000000006/resourceGroups/rg-monitoring-prod-002/providers/Microsoft.Network/loadBalancers/res01687,res01687,Load Balancer,Networking,Standard Rules,uksouth,Usage,142.8601,1 Unit,10.0993,USD
2026-06-15,00000000-0000-0000-0000-000000000006,sub-network-hub,rg-security-prod-003,/subscriptions/00000000-0000-0000-0000-000000000006/resourceGroups/rg-security-prod-003/providers/Microsoft.Network/applicationGateways/res01528,res01528,Application Gateway,Networking,Capacity Unit,germanywestcentral,Usage,158.6484,10 GB,20.861,USD
2026-06-15,00000000-0000-0000-0000-000000000007,sub-network-spoke,rg-app-prod-003,/subscriptions/00000000-0000-0000-0000-000000000007/resourceGroups/rg-app-prod-003/providers/Microsoft.ContainerRegistry/registries/res00885,res00885,Container Registry,Containers,Build Minutes,westeurope,Usage,232.6916,1 GB,19.1549,USD
2026-06-15,00000000-0000-0000-0000-000000000006,sub-network-hub,rg-identity-corp-004,/subscriptions/00000000-0000-0000-0000-000000000006/resourceGroups/rg-identity-corp-004/providers/Microsoft.EventHub/namespaces/res00155,res00155,Event Hubs,Analytics,Capture,germanywestcentral,Usage,82.2066,1 GB/Month,19.1353,USD
2026-06-15,00000000-0000-0000-0000-000000000003,sub-platform-test,rg-security-prod-001,/subscriptions/00000000-0000-0000-0000-000000000003/resourceGroups/rg-security-prod-001/providers/Microsoft.Network/bandwidth/res00678,res00678,Bandwidth,Networking,Inter-Region,westeurope,Usage,237.9873,1 Unit,25.5815,USD
2026-06-15,00000000-0000-0000-0000-000000000004,sub-data-prod,rg-compute-dev-001,/subscriptions/00000000-0000-0000-0000-000000000004/resourceGroups/rg-compute-dev-001/providers/Microsoft.Security/pricings/res00934,res00934,Microsoft Defender for Cloud,Security,Defender for Servers P2,northeurope,Usage,119.1083,10 GB,45.8795,USD
2026-06-15,00000000-0000-0000-0000-000000000006,sub-network-hub,rg-network-test-002,/subscriptions/00000000-0000-0000-0000-000000000006/resourceGroups/rg-network-test-002/providers/Microsoft.KeyVault/vaults/res00572,res00572,Key Vault,Security,Operations,westeurope,Usage,114.3108,1 GB,2.803,USD
2026-06-15,00000000-0000-0000-0000-000000000011,sub-management,rg-shared-dev-003,/subscriptions/00000000-0000-0000-0000-000000000011/resourceGroups/rg-shared-dev-003/providers/Microsoft.Insights/components/res01345,res01345,Azure Monitor,Management and Governance,Alerts,global,Usage,40.5444,100 Hours,26.5697,USD
2026-06-15,00000000-0000-0000-0000-000000000005,sub-data-dev,rg-shared-corp-001,/subscriptions/00000000-0000-0000-0000-000000000005/resourceGroups/rg-shared-corp-001/providers/Microsoft.Network/ddosProtectionPlans/res01646,res01646,Azure DDoS Protection,Networking,Data Processed,uksouth,Usage,33.2012,1 Unit,31.4934,USD
2026-06-15,00000000-0000-0000-0000-000000000009,sub-apps-corp,rg-identity-prod-001,/subscriptions/00000000-0000-0000-0000-000000000009/resourceGroups/rg-identity-prod-001/providers/Microsoft.Web/sites/res00386,res00386,Azure App Service,Compute,I1v2,northeurope,Usage,195.9395,1M Operations,22.4697,USD
2026-06-15,00000000-0000-0000-0000-000000000004,sub-data-prod,rg-compute-corp-001,/subscriptions/00000000-0000-0000-0000-000000000004/resourceGroups/rg-compute-corp-001/providers/Microsoft.Databricks/workspaces/res01050,res01050,Azure Databricks,Analytics,Standard DBU,westeurope,Usage,209.9729,10 GB,41.2766,USD
2026-06-15,00000000-0000-0000-0000-000000000008,sub-apps-online,rg-identity-prod-004,/subscriptions/00000000-0000-0000-0000-000000000008/resourceGroups/rg-identity-prod-004/providers/Microsoft.KeyVault/vaults/res00127,res00127,Key Vault,Security,HSM Protected Keys,global,Usage,11.3874,10 GB,0.8334,USD
2026-06-15,00000000-0000-0000-0000-000000000006,sub-network-hub,rg-backup-hub-004,/subscriptions/00000000-0000-0000-0000-000000000006/resourceGroups/rg-backup-hub-004/providers/Microsoft.Storage/storageAccounts/res01656,res01656,Storage,Storage,Hot LRS,swedencentral,Usage,20.2814,1 GB/Month,46.4695,USD
2026-06-15,00000000-0000-0000-0000-000000000006,sub-network-hub,rg-compute-corp-001,/subscriptions/00000000-0000-0000-0000-000000000006/resourceGroups/rg-compute-corp-001/providers/Microsoft.KeyVault/vaults/res00413,res00413,Key Vault,Security,HSM Protected Keys,westeurope,Usage,42.245,1M Operations,6.7083,USD
2026-06-15,00000000-0000-0000-0000-000000000009,sub-apps-corp,rg-security-dev-004,/subscriptions/00000000-0000-0000-0000-000000000009/resourceGroups/rg-security-dev-004/providers/Microsoft.DocumentDB/databaseAccounts/res00260,res00260,Azure Cosmos DB,Databases,Serverless,uksouth,Usage,167.2741,1 GB/Month,77.1322,USD
2026-06-15,00000000-0000-0000-0000-000000000006,sub-network-hub,rg-identity-hub-001,/subscriptions/00000000-0000-0000-0000-000000000006/resourceGroups/rg-identity-hub-001/providers/Microsoft.Sql/managedInstances/res01108,res01108,Azure SQL Managed Instance,Databases,vCore BC,westeurope,Usage,41.4954,100 Hours,78.392,USD
2026-06-15,00000000-0000-0000-0000-000000000012,sub-sandbox,rg-app-prod-004,/subscriptions/00000000-0000-0000-0000-000000000012/resourceGroups/rg-app-prod-004/providers/Microsoft.Databricks/workspaces/res00927,res00927,Azure Databricks,Analytics,Premium DBU,westeurope,Usage,111.83,10 GB,81.6353,USD
2026-06-15,00000000-0000-0000-0000-000000000007,sub-network-spoke,rg-backup-dev-003,/subscriptions/00000000-0000-0000-0000-000000000007/resourceGroups/rg-backup-dev-003/providers/Microsoft.Sql/servers/databases/res00091,res00091,Azure SQL Database,Databases,vCore Gen5,germanywestcentral,Usage,17.163,1M Operations,106.1056,USD
2026-06-15,00000000-0000-0000-0000-000000000007,sub-network-spoke,rg-backup-dev-004,/subscriptions/00000000-0000-0000-0000-000000000007/resourceGroups/rg-backup-dev-004/providers/Microsoft.EventHub/namespaces/res01096,res01096,Event Hubs,Analytics,Capture,global,Usage,113.651,1 GB/Month,24.6564,USD
2026-06-15,00000000-0000-0000-0000-000000000007,sub-network-spoke,rg-data-test-003,/subscriptions/00000000-0000-0000-0000-000000000007/resourceGroups/rg-data-test-003/providers/Microsoft.OperationalInsights/workspaces/res00059,res00059,Log Analytics,Management and Governance,Data Retention,uksouth,Usage,63.3431,1M Operations,95.4792,USD
2026-06-15,00000000-0000-0000-0000-000000000011,sub-management,rg-security-test-004,/subscriptions/00000000-0000-0000-0000-000000000011/resourceGroups/rg-security-test-004/providers/Microsoft.Sql/managedInstances/res00134,res00134,Azure SQL Managed Instance,Databases,vCore BC,francecentral,Usage,25.6504,1 GB/Month,93.9772,USD
2026-06-15,00000000-0000-0000-0000-000000000011,sub-management,rg-compute-hub-001,/subscriptions/00000000-0000-0000-0000-000000000011/resourceGroups/rg-compute-hub-001/providers/Microsoft.Sql/servers/databases/res01974,res01974,Azure SQL Database,Databases,General Purpose,northeurope,Usage,120.9048,100 Hours,5.051,USD
2026-06-15,00000000-0000-0000-0000-000000000005,sub-data-dev,rg-monitoring-test-004,/subscriptions/00000000-0000-0000-0000-000000000005/resourceGroups/rg-monitoring-test-004/providers/Microsoft.ServiceBus/namespaces/res00651,res00651,Service Bus,Integration,Premium Messaging Unit,germanywestcentral,Usage,7.4508,1 GB/Month,15.6983,USD
2026-06-15,00000000-0000-0000-0000-000000000002,sub-platform-dev,rg-backup-hub-004,/subscriptions/00000000-0000-0000-0000-000000000002/resourceGroups/rg-backup-hub-004/providers/Microsoft.OperationalInsights/workspaces/res00154,res00154,Log Analytics,Management and Governance,Basic Logs,northeurope,Usage,147.7711,1 Hour,59.9267,USD
2026-06-15,00000000-0000-0000-0000-000000000003,sub-platform-test,rg-monitoring-hub-002,/subscriptions/00000000-0000-0000-0000-000000000003/resourceGroups/rg-monitoring-hub-002/providers/Microsoft.Insights/components/res01245,res01245,Azure Monitor,Management and Governance,Metrics,francecentral,Usage,58.1205,1 Unit,15.8269,USD
2026-06-15,00000000-0000-0000-0000-000000000006,sub-network-hub,rg-app-hub-003,/subscriptions/00000000-0000-0000-0000-000000000006/resourceGroups/rg-app-hub-003/providers/Microsoft.Storage/storageAccounts/res01655,res01655,Storage,Storage,Standard Page Blob,swedencentral,Usage,50.0645,10 GB,61.0216,USD
2026-06-15,00000000-0000-0000-0000-000000000008,sub-apps-online,rg-monitoring-prod-003,/subscriptions/00000000-0000-0000-0000-000000000008/resourceGroups/rg-monitoring-prod-003/providers/Microsoft.Compute/virtualMachines/res00582,res00582,Virtual Machines,Compute,Standard_E4s_v5,global,Usage,154.8928,100 Hours,14.7762,USD
2026-06-15,00000000-0000-0000-0000-000000000002,sub-platform-dev,rg-security-corp-002,/subscriptions/00000000-0000-0000-0000-000000000002/resourceGroups/rg-security-corp-002/providers/Microsoft.Network/ddosProtectionPlans/res01997,res01997,Azure DDoS Protection,Networking,Protection Plan,global,Usage,3.8351,1 Unit,70.6109,USD
2026-06-15,00000000-0000-0000-0000-000000000005,sub-data-dev,rg-app-dev-001,/subscriptions/00000000-0000-0000-0000-000000000005/resourceGroups/rg-app-dev-001/providers/Microsoft.Network/applicationGateways/res01625,res01625,Application Gateway,Networking,WAF v2 Fixed,westeurope,Usage,127.7008,100 Hours,16.1865,USD
2026-06-15,00000000-0000-0000-0000-000000000003,sub-platform-test,rg-network-corp-002,/subscriptions/00000000-0000-0000-0000-000000000003/resourceGroups/rg-network-corp-002/providers/Microsoft.Insights/components/res00179,res00179,Azure Monitor,Management and Governance,Application Insights,uksouth,Usage,176.3636,10 GB,15.496,USD
2026-06-15,00000000-0000-0000-0000-000000000002,sub-platform-dev,rg-shared-dev-001,/subscriptions/00000000-0000-0000-0000-000000000002/resourceGroups/rg-shared-dev-001/providers/Microsoft.Sql/managedInstances/res00391,res00391,Azure SQL Managed Instance,Databases,vCore BC,swedencentral,Usage,128.04,100 Hours,194.7285,USD
2026-06-15,00000000-0000-0000-0000-000000000007,sub-network-spoke,rg-network-test-002,/subscriptions/00000000-0000-0000-0000-000000000007/resourceGroups/rg-network-test-002/providers/Microsoft.Storage/storageAccounts/res01313,res01313,Storage,Storage,Cool LRS,global,Usage,126.5937,100 Hours,3.7307,USD
2026-06-15,00000000-0000-0000-0000-000000000003,sub-platform-test,rg-monitoring-corp-002,/subscriptions/00000000-0000-0000-0000-000000000003/resourceGroups/rg-monitoring-corp-002/providers/Microsoft.Security/pricings/res00470,res00470,Microsoft Defender for Cloud,Security,Defender for SQL,francecentral,Usage,6.6382,1 Hour,20.618,USD
2026-06-15,00000000-0000-0000-0000-000000000002,sub-platform-dev,rg-compute-prod-003,/subscriptions/00000000-0000-0000-0000-000000000002/resourceGroups/rg-compute-prod-003/providers/Microsoft.Web/sites/res00540,res00540,Azure App Service,Compute,I1v2,francecentral,Usage,24.8397,1M Operations,43.4591,USD
2026-06-15,00000000-0000-0000-0000-000000000008,sub-apps-online,rg-app-corp-001,/subscriptions/00000000-0000-0000-0000-000000000008/resourceGroups/rg-app-corp-001/providers/Microsoft.Network/azureFirewalls/res00915,res00915,Azure Firewall,Networking,Deployment Hours,uksouth,Usage,184.5313,1 GB,57.4774,USD
2026-06-15,00000000-0000-0000-0000-000000000004,sub-data-prod,rg-network-hub-004,/subscriptions/00000000-0000-0000-0000-000000000004/resourceGroups/rg-network-hub-004/providers/Microsoft.KeyVault/vaults/res00322,res00322,Key Vault,Security,Operations,germanywestcentral,Usage,84.4146,1 GB,5.5278,USD
2026-06-15,00000000-0000-0000-0000-000000000001,sub-platform-prod,rg-compute-dev-003,/subscriptions/00000000-0000-0000-0000-000000000001/resourceGroups/rg-compute-dev-003/providers/Microsoft.Network/loadBalancers/res00098,res00098,Load Balancer,Networking,Standard Rules,francecentral,Usage,89.8798,1 GB/Month,5.6946,USD
2026-06-15,00000000-0000-0000-0000-000000000006,sub-network-hub,rg-compute-prod-002,/subscriptions/00000000-0000-0000-0000-000000000006/resourceGroups/rg-compute-prod-002/providers/Microsoft.Network/virtualNetworks/res00344,res00344,Virtual Network,Networking,Private Endpoint,northeurope,Usage,65.8303,1 Hour,6.0561,USD
2026-06-15,00000000-0000-0000-0000-000000000010,sub-identity,rg-reservations-001,/subscriptions/00000000-0000-0000-0000-000000000010/resourceGroups/rg-reservations-001/providers/Microsoft.Capacity/reservationOrders/res02000,reserved-02000,Reservations,Reservations,Standard_E4s_v5 Reserved,uksouth,Purchase,1,1 Unit,770.2341,USD
2026-06-15,00000000-0000-0000-0000-000000000007,sub-network-spoke,rg-app-corp-001,/subscriptions/00000000-0000-0000-0000-000000000007/resourceGroups/rg-app-corp-001/providers/Microsoft.Security/pricings/res01514,res01514,Microsoft Defender for Cloud,Security,Defender for SQL,uksouth,Usage,219.7175,1 Hour,32.7333,USD
2026-06-15,00000000-0000-0000-0000-000000000008,sub-apps-online,rg-shared-test-004,/subscriptions/00000000-0000-0000-0000-000000000008/resourceGroups/rg-shared-test-004/providers/Microsoft.OperationalInsights/workspaces/res00553,res00553,Log Analytics,Management and Governance,Basic Logs,swedencentral,Usage,154.8376,1 GB/Month,76.4377,USD
2026-06-15,00000000-0000-0000-0000-000000000002,sub-platform-dev,rg-network-test-004,/subscriptions/00000000-0000-0000-0000-000000000002/resourceGroups/rg-network-test-004/providers/Microsoft.Network/loadBalancers/res00922,res00922,Load Balancer,Networking,Data Processed,northeurope,Usage,1.6528,1 GB/Month,16.64,USD
2026-06-15,00000000-0000-0000-0000-000000000007,sub-network-spoke,rg-compute-test-004,/subscriptions/00000000-0000-0000-0000-000000000007/resourceGroups/rg-compute-test-004/providers/Microsoft.KeyVault/vaults/res01867,res01867,Key Vault,Security,Operations,westeurope,Usage,169.8054,10 GB,6.9805,USD
2026-06-15,00000000-0000-0000-0000-000000000006,sub-network-hub,rg-network-prod-001,/subscriptions/00000000-0000-0000-0000-000000000006/resourceGroups/rg-network-prod-001/providers/Microsoft.ContainerService/managedClusters/res00893,res00893,Azure Kubernetes Service,Compute,Uptime SLA,swedencentral,Usage,9.1888,1 Unit,76.2067,USD
2026-06-15,00000000-0000-0000-0000-000000000008,sub-apps-online,rg-app-dev-001,/subscriptions/00000000-0000-0000-0000-000000000008/resourceGroups/rg-app-dev-001/providers/Microsoft.Network/azureFirewalls/res01992,res01992,Azure Firewall,Networking,Deployment Hours,germanywestcentral,Usage,129.1557,1 Hour,45.2182,USD
2026-06-15,00000000-0000-0000-0000-000000000002,sub-platform-dev,rg-network-test-001,/subscriptions/00000000-0000-0000-0000-000000000002/resourceGroups/rg-network-test-001/providers/Microsoft.Sql/servers/databases/res00837,res00837,Azure SQL Database,Databases,General Purpose,westeurope,Usage,9.6005,1 GB/Month,76.6503,USD
2026-06-15,00000000-0000-0000-0000-000000000003,sub-platform-test,rg-monitoring-hub-003,/subscriptions/00000000-0000-0000-0000-000000000003/resourceGroups/rg-monitoring-hub-003/providers/Microsoft.Network/ddosProtectionPlans/res00745,res00745,Azure DDoS Protection,Networking,Protection Plan,germanywestcentral,Usage,217.7112,1M Operations,49.2578,USD
2026-06-15,00000000-0000-0000-0000-000000000001,sub-platform-prod,rg-compute-dev-003,/subscriptions/00000000-0000-0000-0000-000000000001/resourceGroups/rg-compute-dev-003/providers/Microsoft.DocumentDB/databaseAccounts/res00421,res00421,Azure Cosmos DB,Databases,Serverless,uksouth,Usage,38.6776,1M Operations,63.4836,USD
2026-06-15,00000000-0000-0000-0000-000000000005,sub-data-dev,rg-shared-prod-004,/subscriptions/00000000-0000-0000-0000-000000000005/resourceGroups/rg-shared-prod-004/providers/Microsoft.KeyVault/vaults/res00136,res00136,Key Vault,Security,HSM Protected Keys,germanywestcentral,Usage,207.2953,1 GB/Month,4.8454,USD
2026-06-15,00000000-0000-0000-0000-000000000004,sub-data-prod,rg-network-corp-003,/subscriptions/00000000-0000-0000-0000-000000000004/resourceGroups/rg-network-corp-003/providers/Microsoft.Databricks/workspaces/res00410,res00410,Azure Databricks,Analytics,Standard DBU,westeurope,Usage,17.27,10 GB,18.8423,USD
2026-06-15,00000000-0000-0000-0000-000000000002,sub-platform-dev,rg-shared-corp-002,/subscriptions/00000000-0000-0000-0000-000000000002/resourceGroups/rg-shared-corp-002/providers/Microsoft.OperationalInsights/workspaces/res00616,res00616,Log Analytics,Management and Governance,Data Ingestion,westeurope,Usage,99.1531,10 GB,85.1324,USD
2026-06-15,00000000-0000-0000-0000-000000000009,sub-apps-corp,rg-security-corp-001,/subscriptions/00000000-0000-0000-0000-000000000009/resourceGroups/rg-security-corp-001/providers/Microsoft.OperationalInsights/workspaces/res00250,res00250,Log Analytics,Management and Governance,Data Retention,francecentral,Usage,208.5368,1 Unit,50.965,USD
2026-06-15,00000000-0000-0000-0000-000000000010,sub-identity,rg-monitoring-dev-004,/subscriptions/00000000-0000-0000-0000-000000000010/resourceGroups/rg-monitoring-dev-004/providers/Microsoft.Web/sites/res01622,res01622,Azure Functions,Compute,Execution Time,northeurope,Usage,213.457,10 GB,3.8393,USD
2026-06-15,00000000-0000-0000-0000-000000000010,sub-identity,rg-security-test-001,/subscriptions/00000000-0000-0000-0000-000000000010/resourceGroups/rg-security-test-001/providers/Microsoft.ContainerRegistry/registries/res01322,res01322,Container Registry,Containers,Build Minutes,global,Usage,173.6854,1 GB,7.3017,USD
2026-06-15,00000000-0000-0000-0000-000000000002,sub-platform-dev,rg-backup-hub-002,/subscriptions/00000000-0000-0000-0000-000000000002/resourceGroups/rg-backup-hub-002/providers/Microsoft.Insights/components/res00067,res00067,Azure Monitor,Management and Governance,Alerts,germanywestcentral,Usage,100.7466,10 GB,8.4908,USD
2026-06-15,00000000-0000-0000-0000-000000000001,sub-platform-prod,rg-monitoring-dev-004,/subscriptions/00000000-0000-0000-0000-000000000001/resourceGroups/rg-monitoring-dev-004/providers/Microsoft.Network/azureFirewalls/res01418,res01418,Azure Firewall,Networking,Deployment Hours,global,Usage,215.6259,1 GB/Month,47.1971,USD
2026-06-15,00000000-0000-0000-0000-000000000004,sub-data-prod,rg-backup-test-003,/subscriptions/00000000-0000-0000-0000-000000000004/resourceGroups/rg-backup-test-003/providers/Microsoft.KeyVault/vaults/res00468,res00468,Key Vault,Security,HSM Protected Keys,westeurope,Usage,3.1022,1M Operations,4.4569,USD
2026-06-15,00000000-0000-0000-0000-000000000009,sub-apps-corp,rg-monitoring-test-003,/subscriptions/00000000-0000-0000-0000-000000000009/resourceGroups/rg-monitoring-test-003/providers/Microsoft.KeyVault/vaults/res00011,res00011,Key Vault,Security,HSM Protected Keys,swedencentral,Usage,198.299,1 GB,4.1146,USD
2026-06-15,00000000-0000-0000-0000-000000000006,sub-network-hub,rg-shared-hub-004,/subscriptions/00000000-0000-0000-0000-000000000006/resourceGroups/rg-shared-hub-004/providers/Microsoft.ContainerService/managedClusters/res00251,res00251,Azure Kubernetes Service,Compute,Load Balancer,germanywestcentral,Usage,86.3294,1 GB,60.5998,USD
2026-06-15,00000000-0000-0000-0000-000000000012,sub-sandbox,rg-backup-test-002,/subscriptions/00000000-0000-0000-0000-000000000012/resourceGroups/rg-backup-test-002/providers/Microsoft.Compute/virtualMachines/res01443,res01443,Virtual Machines,Compute,Standard_D4s_v5,swedencentral,Usage,66.8905,1M Operations,49.5096,USD
2026-06-15,00000000-0000-0000-0000-000000000011,sub-management,rg-security-dev-003,/subscriptions/00000000-0000-0000-0000-000000000011/resourceGroups/rg-security-dev-003/providers/Microsoft.ContainerService/managedClusters/res01396,res01396,Azure Kubernetes Service,Compute,Load Balancer,germanywestcentral,Usage,38.1692,1 GB,36.5566,USD
2026-06-15,00000000-0000-0000-0000-000000000006,sub-network-hub,rg-identity-dev-002,/subscriptions/00000000-0000-0000-0000-000000000006/resourceGroups/rg-identity-dev-002/providers/Microsoft.Compute/virtualMachines/res01265,res01265,Virtual Machines,Compute,Standard_D2s_v5,swedencentral,Usage,169.2313,1 GB/Month,91.4571,USD
2026-06-15,00000000-0000-0000-0000-000000000009,sub-apps-corp,rg-backup-prod-004,/subscriptions/00000000-0000-0000-0000-000000000009/resourceGroups/rg-backup-prod-004/providers/Microsoft.Storage/storageAccounts/res01934,res01934,Storage,Storage,Hot LRS,germanywestcentral,Usage,67.2788,1 GB,31.7071,USD
2026-06-15,00000000-0000-0000-0000-000000000006,sub-network-hub,rg-monitoring-test-003,/subscriptions/00000000-0000-0000-0000-000000000006/resourceGroups/rg-monitoring-test-003/providers/Microsoft.Sql/managedInstances/res00259,res00259,Azure SQL Managed Instance,Databases,vCore GP,germanywestcentral,Usage,50.0544,1 Unit,85.1343,USD
2026-06-15,00000000-0000-0000-0000-000000000003,sub-platform-test,rg-network-prod-004,/subscriptions/00000000-0000-0000-0000-000000000003/resourceGroups/rg-network-prod-004/providers/Microsoft.DocumentDB/databaseAccounts/res00823,res00823,Azure Cosmos DB,Databases,Serverless,swedencentral,Usage,103.0779,10 GB,93.7486,USD
2026-06-15,00000000-0000-0000-0000-000000000012,sub-sandbox,rg-data-dev-003,/subscriptions/00000000-0000-0000-0000-000000000012/resourceGroups/rg-data-dev-003/providers/Microsoft.ServiceBus/namespaces/res01250,res01250,Service Bus,Integration,Operations,francecentral,Usage,175.2812,1 Unit,8.351,USD
2026-06-15,00000000-0000-0000-0000-000000000012,sub-sandbox,rg-network-prod-004,/subscriptions/00000000-0000-0000-0000-000000000012/resourceGroups/rg-network-prod-004/providers/Microsoft.Network/applicationGateways/res00706,res00706,Application Gateway,Networking,WAF v2 Fixed,global,Usage,116.0102,1 Hour,25.8282,USD
2026-06-15,00000000-0000-0000-0000-000000000005,sub-data-dev,rg-identity-prod-004,/subscriptions/00000000-0000-0000-0000-000000000005/resourceGroups/rg-identity-prod-004/providers/Microsoft.Security/pricings/res00913,res00913,Microsoft Defender for Cloud,Security,Defender for Storage,global,Usage,46.8506,1 Hour,28.9145,USD
2026-06-15,00000000-0000-0000-0000-000000000005,sub-data-dev,rg-security-test-003,/subscriptions/00000000-0000-0000-0000-000000000005/resourceGroups/rg-security-test-003/providers/Microsoft.Network/virtualNetworks/res00455,res00455,Virtual Network,Networking,Private Endpoint,westeurope,Usage,237.4705,1 GB/Month,2.9515,USD
2026-06-15,00000000-0000-0000-0000-000000000005,sub-data-dev,rg-backup-corp-004,/subscriptions/00000000-0000-0000-0000-000000000005/resourceGroups/rg-backup-corp-004/providers/Microsoft.Compute/virtualMachines/res00815,res00815,Virtual Machines,Compute,Standard_D2s_v5,global,Usage,139.2045,100 Hours,115.1026,USD
2026-06-15,00000000-0000-0000-0000-000000000009,sub-apps-corp,rg-compute-hub-001,/subscriptions/00000000-0000-0000-0000-000000000009/resourceGroups/rg-compute-hub-001/providers/Microsoft.Insights/components/res01976,res01976,Azure Monitor,Management and Governance,Application Insights,uksouth,Usage,32.9164,1M Operations,29.4795,USD
2026-06-15,00000000-0000-0000-0000-000000000007,sub-network-spoke,rg-monitoring-dev-001,/subscriptions/00000000-0000-0000-0000-000000000007/resourceGroups/rg-monitoring-dev-001/providers/Microsoft.Sql/servers/databases/res00153,res00153,Azure SQL Database,Databases,vCore Gen5,northeurope,Usage,150.3017,1 GB/Month,32.2783,USD
2026-06-15,00000000-0000-0000-0000-000000000006,sub-network-hub,rg-shared-prod-003,/subscriptions/00000000-0000-0000-0000-000000000006/resourceGroups/rg-shared-prod-003/providers/Microsoft.Network/bandwidth/res01124,res01124,Bandwidth,Networking,Inter-Region,uksouth,Usage,112.2598,1M Operations,21.2592,USD
2026-06-15,00000000-0000-0000-0000-000000000003,sub-platform-test,rg-compute-corp-003,/subscriptions/00000000-0000-0000-0000-000000000003/resourceGroups/rg-compute-corp-003/providers/Microsoft.Compute/virtualMachines/res01767,res01767,Virtual Machines,Compute,Standard_D2s_v5,global,Usage,91.5905,1 GB/Month,27.0405,USD
2026-06-15,00000000-0000-0000-0000-000000000012,sub-sandbox,rg-app-corp-001,/subscriptions/00000000-0000-0000-0000-000000000012/resourceGroups/rg-app-corp-001/providers/Microsoft.ContainerService/managedClusters/res01689,res01689,Azure Kubernetes Service,Compute,Standard Tier,northeurope,Usage,11.79,100 Hours,33.8654,USD
2026-06-15,00000000-0000-0000-0000-000000000012,sub-sandbox,rg-network-hub-001,/subscriptions/00000000-0000-0000-0000-000000000012/resourceGroups/rg-network-hub-001/providers/Microsoft.Network/virtualNetworks/res01828,res01828,Virtual Network,Networking,Private Endpoint,westeurope,Usage,236.0492,1 GB/Month,6.8386,USD
2026-06-15,00000000-0000-0000-0000-000000000008,sub-apps-online,rg-compute-corp-001,/subscriptions/00000000-0000-0000-0000-000000000008/resourceGroups/rg-compute-corp-001/providers/Microsoft.Sql/servers/databases/res00602,res00602,Azure SQL Database,Databases,vCore Gen5,swedencentral,Usage,154.2905,1 GB,66.4463,USD
2026-06-15,00000000-0000-0000-0000-000000000003,sub-platform-test,rg-identity-dev-001,/subscriptions/00000000-0000-0000-0000-000000000003/resourceGroups/rg-identity-dev-001/providers/Microsoft.Databricks/workspaces/res01163,res01163,Azure Databricks,Analytics,Jobs Compute DBU,germanywestcentral,Usage,228.8174,100 Hours,15.1477,USD
2026-06-15,00000000-0000-0000-0000-000000000008,sub-apps-online,rg-shared-corp-002,/subscriptions/00000000-0000-0000-0000-000000000008/resourceGroups/rg-shared-corp-002/providers/Microsoft.Web/sites/res00539,res00539,Azure App Service,Compute,S1,germanywestcentral,Usage,50.205,1 Unit,40.4327,USD
2026-06-15,00000000-0000-0000-0000-000000000007,sub-network-spoke,rg-monitoring-test-002,/subscriptions/00000000-0000-0000-0000-000000000007/resourceGroups/rg-monitoring-test-002/providers/Microsoft.Web/sites/res00218,res00218,Azure App Service,Compute,P2v3,germanywestcentral,Usage,113.9438,100 Hours,24.3218,USD
2026-06-15,00000000-0000-0000-0000-000000000002,sub-platform-dev,rg-backup-prod-002,/subscriptions/00000000-0000-0000-0000-000000000002/resourceGroups/rg-backup-prod-002/providers/Microsoft.Network/azureFirewalls/res00550,res00550,Azure Firewall,Networking,Deployment Hours,germanywestcentral,Usage,156.145,1 GB/Month,31.3472,USD
2026-06-15,00000000-0000-0000-0000-000000000008,sub-apps-online,rg-monitoring-prod-002,/subscriptions/00000000-0000-0000-0000-000000000008/resourceGroups/rg-monitoring-prod-002/providers/Microsoft.Security/pricings/res00864,res00864,Microsoft Defender for Cloud,Security,Defender for Storage,swedencentral,Usage,111.079,1 Hour,21.0925,USD
2026-06-15,00000000-0000-0000-0000-000000000007,sub-network-spoke,rg-monitoring-corp-003,/subscriptions/00000000-0000-0000-0000-000000000007/resourceGroups/rg-monitoring-corp-003/providers/Microsoft.Security/pricings/res01814,res01814,Microsoft Defender for Cloud,Security,Defender for Storage,global,Usage,60.5823,100 Hours,27.309,USD
2026-06-15,00000000-0000-0000-0000-000000000009,sub-apps-corp,rg-shared-prod-002,/subscriptions/00000000-0000-0000-0000-000000000009/resourceGroups/rg-shared-prod-002/providers/Microsoft.Network/azureFirewalls/res01486,res01486,Azure Firewall,Networking,Deployment Hours,westeurope,Usage,33.0246,100 Hours,29.5868,USD
2026-06-15,00000000-0000-0000-0000-000000000002,sub-platform-dev,rg-data-corp-004,/subscriptions/00000000-0000-0000-0000-000000000002/resourceGroups/rg-data-corp-004/providers/Microsoft.KeyVault/vaults/res01441,res01441,Key Vault,Security,HSM Protected Keys,germanywestcentral,Usage,151.1829,1 Hour,6.0417,USD
2026-06-15,00000000-0000-0000-0000-000000000008,sub-apps-online,rg-monitoring-test-001,/subscriptions/00000000-0000-0000-0000-000000000008/resourceGroups/rg-monitoring-test-001/providers/Microsoft.Network/ddosProtectionPlans/res01139,res01139,Azure DDoS Protection,Networking,Protection Plan,northeurope,Usage,200.9972,10 GB,37.7622,USD
2026-06-15,00000000-0000-0000-0000-000000000012,sub-sandbox,rg-app-dev-003,/subscriptions/00000000-0000-0000-0000-000000000012/resourceGroups/rg-app-dev-003/providers/Microsoft.Web/sites/res00217,res00217,Azure App Service,Compute,P2v3,germanywestcentral,Usage,186.3154,1 GB/Month,46.7699,USD
2026-06-15,00000000-0000-0000-0000-000000000009,sub-apps-corp,rg-shared-hub-004,/subscriptions/00000000-0000-0000-0000-000000000009/resourceGroups/rg-shared-hub-004/providers/Microsoft.Sql/servers/databases/res01884,res01884,Azure SQL Database,Databases,Business Critical,westeurope,Usage,197.7301,100 Hours,59.9379,USD
2026-06-15,00000000-0000-0000-0000-000000000011,sub-management,rg-shared-dev-002,/subscriptions/00000000-0000-0000-0000-000000000011/resourceGroups/rg-shared-dev-002/providers/Microsoft.Web/sites/res01693,res01693,Azure Functions,Compute,Total Executions,swedencentral,Usage,113.4055,1 GB/Month,1.1192,USD
2026-06-15,00000000-0000-0000-0000-000000000009,sub-apps-corp,rg-backup-corp-004,/subscriptions/00000000-0000-0000-0000-000000000009/resourceGroups/rg-backup-corp-004/providers/Microsoft.Network/bandwidth/res01641,res01641,Bandwidth,Networking,Inter-Region,uksouth,Usage,191.886,1M Operations,5.4585,USD
2026-06-15,00000000-0000-0000-0000-000000000010,sub-identity,rg-security-test-002,/subscriptions/00000000-0000-0000-0000-000000000010/resourceGroups/rg-security-test-002/providers/Microsoft.RecoveryServices/vaults/res01823,res01823,Azure Backup,Storage,Protected Instances,northeurope,Usage,211.2583,10 GB,32.6255,USD
2026-06-15,00000000-0000-0000-0000-000000000007,sub-network-spoke,rg-app-test-003,/subscriptions/00000000-0000-0000-0000-000000000007/resourceGroups/rg-app-test-003/providers/Microsoft.Sql/managedInstances/res01218,res01218,Azure SQL Managed Instance,Databases,vCore GP,germanywestcentral,Usage,53.7067,100 Hours,180.563,USD
2026-06-15,00000000-0000-0000-0000-000000000009,sub-apps-corp,rg-security-prod-004,/subscriptions/00000000-0000-0000-0000-000000000009/resourceGroups/rg-security-prod-004/providers/Microsoft.Network/loadBalancers/res01521,res01521,Load Balancer,Networking,Data Processed,francecentral,Usage,93.4852,100 Hours,6.1238,USD
2026-06-15,00000000-0000-0000-0000-000000000005,sub-data-dev,rg-identity-hub-004,/subscriptions/00000000-0000-0000-0000-000000000005/resourceGroups/rg-identity-hub-004/providers/Microsoft.Web/sites/res00695,res00695,Azure Functions,Compute,Total Executions,uksouth,Usage,132.6628,1M Operations,0.3252,USD
2026-06-15,00000000-0000-0000-0000-000000000006,sub-network-hub,rg-security-hub-002,/subscriptions/00000000-0000-0000-0000-000000000006/resourceGroups/rg-security-hub-002/providers/Microsoft.Network/applicationGateways/res00870,res00870,Application Gateway,Networking,WAF v2 Fixed,global,Usage,30.4243,100 Hours,34.8941,USD
2026-06-15,00000000-0000-0000-0000-000000000006,sub-network-hub,rg-identity-prod-002,/subscriptions/00000000-0000-0000-0000-000000000006/resourceGroups/rg-identity-prod-002/providers/Microsoft.OperationalInsights/workspaces/res00069,res00069,Log Analytics,Management and Governance,Data Ingestion,swedencentral,Usage,60.9993,1 GB,89.1757,USD
2026-06-15,00000000-0000-0000-0000-000000000010,sub-identity,rg-backup-corp-003,/subscriptions/00000000-0000-0000-0000-000000000010/resourceGroups/rg-backup-corp-003/providers/Microsoft.Network/bandwidth/res01147,res01147,Bandwidth,Networking,Inter-Region,swedencentral,Usage,167.0071,1M Operations,10.6773,USD
2026-06-15,00000000-0000-0000-0000-000000000009,sub-apps-corp,rg-monitoring-test-002,/subscriptions/00000000-0000-0000-0000-000000000009/resourceGroups/rg-monitoring-test-002/providers/Microsoft.Storage/storageAccounts/res00598,res00598,Storage,Storage,Standard Page Blob,swedencentral,Usage,56.8419,1M Operations,23.6216,USD
2026-06-15,00000000-0000-0000-0000-000000000002,sub-platform-dev,rg-data-prod-003,/subscriptions/00000000-0000-0000-0000-000000000002/resourceGroups/rg-data-prod-003/providers/Microsoft.Network/ddosProtectionPlans/res01415,res01415,Azure DDoS Protection,Networking,Protection Plan,uksouth,Usage,27.7651,1 GB/Month,50.7049,USD
2026-06-15,00000000-0000-0000-0000-000000000007,sub-network-spoke,rg-app-dev-001,/subscriptions/00000000-0000-0000-0000-000000000007/resourceGroups/rg-app-dev-001/providers/Microsoft.Compute/virtualMachines/res01636,res01636,Virtual Machines,Compute,Standard_B2ms,germanywestcentral,Usage,6.09,1M Operations,92.7425,USD
2026-06-15,00000000-0000-0000-0000-000000000003,sub-platform-test,rg-network-test-002,/subscriptions/00000000-0000-0000-0000-000000000003/resourceGroups/rg-network-test-002/providers/Microsoft.Storage/storageAccounts/res01031,res01031,Storage,Storage,Standard Page Blob,germanywestcentral,Usage,10.1019,1 GB/Month,36.0893,USD
2026-06-15,00000000-0000-0000-0000-000000000007,sub-network-spoke,rg-data-corp-002,/subscriptions/00000000-0000-0000-0000-000000000007/resourceGroups/rg-data-corp-002/providers/Microsoft.Sql/servers/databases/res01580,res01580,Azure SQL Database,Databases,vCore Gen5,northeurope,Usage,174.1422,10 GB,134.7907,USD
2026-06-15,00000000-0000-0000-0000-000000000001,sub-platform-prod,rg-data-hub-002,/subscriptions/00000000-0000-0000-0000-000000000001/resourceGroups/rg-data-hub-002/providers/Microsoft.Sql/managedInstances/res01485,res01485,Azure SQL Managed Instance,Databases,vCore BC,northeurope,Usage,20.7673,1 GB,150.6839,USD
2026-06-15,00000000-0000-0000-0000-000000000007,sub-network-spoke,rg-monitoring-dev-001,/subscriptions/00000000-0000-0000-0000-000000000007/resourceGroups/rg-monitoring-dev-001/providers/Microsoft.OperationalInsights/workspaces/res00040,res00040,Log Analytics,Management and Governance,Data Ingestion,northeurope,Usage,100.3494,1 GB/Month,59.9853,USD
2026-06-15,00000000-0000-0000-0000-000000000012,sub-sandbox,rg-identity-test-003,/subscriptions/00000000-0000-0000-0000-000000000012/resourceGroups/rg-identity-test-003/providers/Microsoft.DocumentDB/databaseAccounts/res01764,res01764,Azure Cosmos DB,Databases,Serverless,uksouth,Usage,51.1316,100 Hours,35.1709,USD
2026-06-15,00000000-0000-0000-0000-000000000009,sub-apps-corp,rg-security-dev-003,/subscriptions/00000000-0000-0000-0000-000000000009/resourceGroups/rg-security-dev-003/providers/Microsoft.KeyVault/vaults/res01132,res01132,Key Vault,Security,Operations,westeurope,Usage,140.3647,100 Hours,2.0328,USD
2026-06-15,00000000-0000-0000-0000-000000000001,sub-platform-prod,rg-data-hub-004,/subscriptions/00000000-0000-0000-0000-000000000001/resourceGroups/rg-data-hub-004/providers/Microsoft.Databricks/workspaces/res00497,res00497,Azure Databricks,Analytics,Jobs Compute DBU,swedencentral,Usage,174.8108,100 Hours,50.3947,USD
2026-06-15,00000000-0000-0000-0000-000000000007,sub-network-spoke,rg-app-hub-001,/subscriptions/00000000-0000-0000-0000-000000000007/resourceGroups/rg-app-hub-001/providers/Microsoft.Network/applicationGateways/res01214,res01214,Application Gateway,Networking,Capacity Unit,uksouth,Usage,182.546,1 GB/Month,19.5156,USD
2026-06-15,00000000-0000-0000-0000-000000000005,sub-data-dev,rg-compute-test-003,/subscriptions/00000000-0000-0000-0000-000000000005/resourceGroups/rg-compute-test-003/providers/Microsoft.Network/applicationGateways/res01753,res01753,Application Gateway,Networking,Capacity Unit,swedencentral,Usage,146.2773,1M Operations,17.3411,USD
2026-06-15,00000000-0000-0000-0000-000000000002,sub-platform-dev,rg-compute-test-001,/subscriptions/00000000-0000-0000-0000-000000000002/resourceGroups/rg-compute-test-001/providers/Microsoft.Network/applicationGateways/res00567,res00567,Application Gateway,Networking,Capacity Unit,global,Usage,3.5129,1 Hour,43.872,USD
2026-06-15,00000000-0000-0000-0000-000000000004,sub-data-prod,rg-identity-corp-003,/subscriptions/00000000-0000-0000-0000-000000000004/resourceGroups/rg-identity-corp-003/providers/Microsoft.Network/loadBalancers/res00522,res00522,Load Balancer,Networking,Standard Rules,westeurope,Usage,2.9409,100 Hours,11.6607,USD
2026-06-15,00000000-0000-0000-0000-000000000008,sub-apps-online,rg-app-prod-004,/subscriptions/00000000-0000-0000-0000-000000000008/resourceGroups/rg-app-prod-004/providers/Microsoft.Databricks/workspaces/res00614,res00614,Azure Databricks,Analytics,Standard DBU,westeurope,Usage,206.3499,1 GB/Month,19.8503,USD
2026-06-15,00000000-0000-0000-0000-000000000002,sub-platform-dev,rg-compute-dev-003,/subscriptions/00000000-0000-0000-0000-000000000002/resourceGroups/rg-compute-dev-003/providers/Microsoft.ContainerService/managedClusters/res01431,res01431,Azure Kubernetes Service,Compute,Standard Tier,global,Usage,223.3639,1 Unit,53.7108,USD
2026-06-15,00000000-0000-0000-0000-000000000007,sub-network-spoke,rg-data-test-004,/subscriptions/00000000-0000-0000-0000-000000000007/resourceGroups/rg-data-test-004/providers/Microsoft.DocumentDB/databaseAccounts/res01729,res01729,Azure Cosmos DB,Databases,RU/s Provisioned,francecentral,Usage,229.9125,1 Hour,45.7881,USD
2026-06-15,00000000-0000-0000-0000-000000000008,sub-apps-online,rg-network-corp-003,/subscriptions/00000000-0000-0000-0000-000000000008/resourceGroups/rg-network-corp-003/providers/Microsoft.Web/sites/res00937,res00937,Azure Functions,Compute,Total Executions,germanywestcentral,Usage,113.664,10 GB,0.3843,USD
2026-06-15,00000000-0000-0000-0000-000000000008,sub-apps-online,rg-app-hub-004,/subscriptions/00000000-0000-0000-0000-000000000008/resourceGroups/rg-app-hub-004/providers/Microsoft.KeyVault/vaults/res01272,res01272,Key Vault,Security,Operations,global,Usage,81.9382,10 GB,5.3254,USD
2026-06-15,00000000-0000-0000-0000-000000000005,sub-data-dev,rg-network-hub-001,/subscriptions/00000000-0000-0000-0000-000000000005/resourceGroups/rg-network-hub-001/providers/Microsoft.Sql/managedInstances/res00030,res00030,Azure SQL Managed Instance,Databases,vCore GP,uksouth,Usage,192.5759,1 Unit,90.5631,USD
2026-06-15,00000000-0000-0000-0000-000000000006,sub-network-hub,rg-security-hub-004,/subscriptions/00000000-0000-0000-0000-000000000006/resourceGroups/rg-security-hub-004/providers/Microsoft.Network/azureFirewalls/res01040,res01040,Azure Firewall,Networking,Deployment Hours,uksouth,Usage,33.6561,1 GB,23.4187,USD
2026-06-15,00000000-0000-0000-0000-000000000008,sub-apps-online,rg-monitoring-dev-003,/subscriptions/00000000-0000-0000-0000-000000000008/resourceGroups/rg-monitoring-dev-003/providers/Microsoft.Network/azureFirewalls/res00272,res00272,Azure Firewall,Networking,Deployment Hours,germanywestcentral,Usage,40.8905,100 Hours,57.4149,USD
2026-06-15,00000000-0000-0000-0000-000000000006,sub-network-hub,rg-compute-hub-002,/subscriptions/00000000-0000-0000-0000-000000000006/resourceGroups/rg-compute-hub-002/providers/Microsoft.RecoveryServices/vaults/res00394,res00394,Azure Backup,Storage,Protected Instances,swedencentral,Usage,149.9437,1 Hour,12.6804,USD
2026-06-15,00000000-0000-0000-0000-000000000002,sub-platform-dev,rg-identity-corp-001,/subscriptions/00000000-0000-0000-0000-000000000002/resourceGroups/rg-identity-corp-001/providers/Microsoft.EventHub/namespaces/res00674,res00674,Event Hubs,Analytics,Capture,uksouth,Usage,44.6948,1M Operations,24.5862,USD
2026-06-15,00000000-0000-0000-0000-000000000004,sub-data-prod,rg-app-hub-002,/subscriptions/00000000-0000-0000-0000-000000000004/resourceGroups/rg-app-hub-002/providers/Microsoft.Network/loadBalancers/res00994,res00994,Load Balancer,Networking,Data Processed,westeurope,Usage,184.6897,1 GB,19.921,USD
2026-06-15,00000000-0000-0000-0000-000000000001,sub-platform-prod,rg-backup-test-001,/subscriptions/00000000-0000-0000-0000-000000000001/resourceGroups/rg-backup-test-001/providers/Microsoft.Compute/virtualMachines/res01939,res01939,Virtual Machines,Compute,Standard_E4s_v5,uksouth,Usage,201.2776,1 GB/Month,116.7993,USD
2026-06-15,00000000-0000-0000-0000-000000000010,sub-identity,rg-app-corp-001,/subscriptions/00000000-0000-0000-0000-000000000010/resourceGroups/rg-app-corp-001/providers/Microsoft.RecoveryServices/vaults/res01887,res01887,Azure Backup,Storage,Protected Instances,uksouth,Usage,131.188,10 GB,14.0948,USD
2026-06-15,00000000-0000-0000-0000-000000000007,sub-network-spoke,rg-app-hub-001,/subscriptions/00000000-0000-0000-0000-000000000007/resourceGroups/rg-app-hub-001/providers/Microsoft.Network/virtualNetworks/res00600,res00600,Virtual Network,Networking,VNet Peering,uksouth,Usage,121.5032,100 Hours,3.3882,USD
2026-06-15,00000000-0000-0000-0000-000000000011,sub-management,rg-app-test-004,/subscriptions/00000000-0000-0000-0000-000000000011/resourceGroups/rg-app-test-004/providers/Microsoft.KeyVault/vaults/res00205,res00205,Key Vault,Security,HSM Protected Keys,swedencentral,Usage,199.2399,1 Unit,0.3641,USD
2026-06-15,00000000-0000-0000-0000-000000000010,sub-identity,rg-identity-test-004,/subscriptions/00000000-0000-0000-0000-000000000010/resourceGroups/rg-identity-test-004/providers/Microsoft.DocumentDB/databaseAccounts/res00545,res00545,Azure Cosmos DB,Databases,Storage,westeurope,Usage,167.7321,1 Hour,45.8606,USD
2026-06-15,00000000-0000-0000-0000-000000000004,sub-data-prod,rg-monitoring-test-004,/subscriptions/00000000-0000-0000-0000-000000000004/resourceGroups/rg-monitoring-test-004/providers/Microsoft.Sql/managedInstances/res01282,res01282,Azure SQL Managed Instance,Databases,vCore BC,uksouth,Usage,98.474,100 Hours,52.6264,USD
2026-06-15,00000000-0000-0000-0000-000000000004,sub-data-prod,rg-network-dev-003,/subscriptions/00000000-0000-0000-0000-000000000004/resourceGroups/rg-network-dev-003/providers/Microsoft.Network/loadBalancers/res00618,res00618,Load Balancer,Networking,Standard Rules,westeurope,Usage,119.4726,1M Operations,17.1493,USD
2026-06-15,00000000-0000-0000-0000-000000000009,sub-apps-corp,rg-app-prod-002,/subscriptions/00000000-0000-0000-0000-000000000009/resourceGroups/rg-app-prod-002/providers/Microsoft.Network/loadBalancers/res01002,res01002,Load Balancer,Networking,Standard Rules,westeurope,Usage,55.2231,100 Hours,15.3393,USD
2026-06-15,00000000-0000-0000-0000-000000000003,sub-platform-test,rg-backup-corp-004,/subscriptions/00000000-0000-0000-0000-000000000003/resourceGroups/rg-backup-corp-004/providers/Microsoft.Sql/servers/databases/res00889,res00889,Azure SQL Database,Databases,General Purpose,francecentral,Usage,77.2844,1M Operations,16.1307,USD
2026-06-15,00000000-0000-0000-0000-000000000003,sub-platform-test,rg-monitoring-dev-002,/subscriptions/00000000-0000-0000-0000-000000000003/resourceGroups/rg-monitoring-dev-002/providers/Microsoft.Sql/servers/databases/res00677,res00677,Azure SQL Database,Databases,General Purpose,westeurope,Usage,192.6278,1 Hour,94.3758,USD
2026-06-15,00000000-0000-0000-0000-000000000003,sub-platform-test,rg-backup-corp-004,/subscriptions/00000000-0000-0000-0000-000000000003/resourceGroups/rg-backup-corp-004/providers/Microsoft.OperationalInsights/workspaces/res00073,res00073,Log Analytics,Management and Governance,Basic Logs,germanywestcentral,Usage,235.0946,1 Hour,101.88,USD
2026-06-15,00000000-0000-0000-0000-000000000003,sub-platform-test,rg-compute-test-001,/subscriptions/00000000-0000-0000-0000-000000000003/resourceGroups/rg-compute-test-001/providers/Microsoft.Compute/virtualMachines/res01195,res01195,Virtual Machines,Compute,Standard_D4s_v5,northeurope,Usage,17.5471,1 GB/Month,36.2606,USD
2026-06-15,00000000-0000-0000-0000-000000000008,sub-apps-online,rg-shared-corp-004,/subscriptions/00000000-0000-0000-0000-000000000008/resourceGroups/rg-shared-corp-004/providers/Microsoft.Network/loadBalancers/res01555,res01555,Load Balancer,Networking,Standard Rules,westeurope,Usage,173.8038,1M Operations,13.2989,USD
2026-06-15,00000000-0000-0000-0000-000000000001,sub-platform-prod,rg-compute-prod-004,/subscriptions/00000000-0000-0000-0000-000000000001/resourceGroups/rg-compute-prod-004/providers/Microsoft.ContainerRegistry/registries/res00282,res00282,Container Registry,Containers,Premium Registry,swedencentral,Usage,31.6922,1 GB/Month,12.2104,USD
2026-06-15,00000000-0000-0000-0000-000000000009,sub-apps-corp,rg-identity-corp-003,/subscriptions/00000000-0000-0000-0000-000000000009/resourceGroups/rg-identity-corp-003/providers/Microsoft.Web/sites/res00802,res00802,Azure Functions,Compute,Execution Time,francecentral,Usage,143.7489,1 Unit,10.0713,USD
2026-06-15,00000000-0000-0000-0000-000000000004,sub-data-prod,rg-security-corp-003,/subscriptions/00000000-0000-0000-0000-000000000004/resourceGroups/rg-security-corp-003/providers/Microsoft.ServiceBus/namespaces/res00961,res00961,Service Bus,Integration,Premium Messaging Unit,westeurope,Usage,119.1087,1 GB,13.2098,USD
2026-06-15,00000000-0000-0000-0000-000000000010,sub-identity,rg-identity-corp-004,/subscriptions/00000000-0000-0000-0000-000000000010/resourceGroups/rg-identity-corp-004/providers/Microsoft.Web/sites/res00746,res00746,Azure App Service,Compute,P2v3,global,Usage,21.1256,1M Operations,50.2454,USD
2026-06-15,00000000-0000-0000-0000-000000000002,sub-platform-dev,rg-app-dev-004,/subscriptions/00000000-0000-0000-0000-000000000002/resourceGroups/rg-app-dev-004/providers/Microsoft.OperationalInsights/workspaces/res01576,res01576,Log Analytics,Management and Governance,Data Ingestion,francecentral,Usage,232.8972,1M Operations,7.5689,USD
2026-06-15,00000000-0000-0000-0000-000000000005,sub-data-dev,rg-identity-dev-002,/subscriptions/00000000-0000-0000-0000-000000000005/resourceGroups/rg-identity-dev-002/providers/Microsoft.Network/loadBalancers/res01157,res01157,Load Balancer,Networking,Data Processed,swedencentral,Usage,78.528,1 Hour,19.2481,USD
2026-06-15,00000000-0000-0000-0000-000000000007,sub-network-spoke,rg-identity-prod-003,/subscriptions/00000000-0000-0000-0000-000000000007/resourceGroups/rg-identity-prod-003/providers/Microsoft.Network/virtualNetworks/res00737,res00737,Virtual Network,Networking,VNet Peering,westeurope,Usage,204.5273,1 Unit,5.2216,USD
2026-06-15,00000000-0000-0000-0000-000000000002,sub-platform-dev,rg-identity-dev-004,/subscriptions/00000000-0000-0000-0000-000000000002/resourceGroups/rg-identity-dev-004/providers/Microsoft.Network/bandwidth/res00926,res00926,Bandwidth,Networking,Inter-Region,northeurope,Usage,144.6458,1 Unit,5.3528,USD
2026-06-15,00000000-0000-0000-0000-000000000006,sub-network-hub,rg-monitoring-corp-001,/subscriptions/00000000-0000-0000-0000-000000000006/resourceGroups/rg-monitoring-corp-001/providers/Microsoft.OperationalInsights/workspaces/res00782,res00782,Log Analytics,Management and Governance,Data Ingestion,westeurope,Usage,192.3795,1 Unit,71.5852,USD
2026-06-15,00000000-0000-0000-0000-000000000008,sub-apps-online,rg-compute-test-004,/subscriptions/00000000-0000-0000-0000-000000000008/resourceGroups/rg-compute-test-004/providers/Microsoft.Databricks/workspaces/res01684,res01684,Azure Databricks,Analytics,Jobs Compute DBU,global,Usage,211.8561,1 GB/Month,113.4863,USD
2026-06-15,00000000-0000-0000-0000-000000000012,sub-sandbox,rg-app-prod-003,/subscriptions/00000000-0000-0000-0000-000000000012/resourceGroups/rg-app-prod-003/providers/Microsoft.Network/azureFirewalls/res00063,res00063,Azure Firewall,Networking,Deployment Hours,northeurope,Usage,146.8497,1 GB,43.1581,USD
2026-06-15,00000000-0000-0000-0000-000000000012,sub-sandbox,rg-security-hub-001,/subscriptions/00000000-0000-0000-0000-000000000012/resourceGroups/rg-security-hub-001/providers/Microsoft.Web/sites/res00325,res00325,Azure App Service,Compute,P2v3,uksouth,Usage,78.2911,1 GB/Month,1.5526,USD
2026-06-15,00000000-0000-0000-0000-000000000002,sub-platform-dev,rg-monitoring-dev-001,/subscriptions/00000000-0000-0000-0000-000000000002/resourceGroups/rg-monitoring-dev-001/providers/Microsoft.RecoveryServices/vaults/res00015,res00015,Azure Backup,Storage,Protected Instances,uksouth,Usage,64.5219,1 GB,22.765,USD
2026-06-15,00000000-0000-0000-0000-000000000004,sub-data-prod,rg-shared-dev-004,/subscriptions/00000000-0000-0000-0000-000000000004/resourceGroups/rg-shared-dev-004/providers/Microsoft.Web/sites/res00985,res00985,Azure App Service,Compute,P1v3,global,Usage,195.0804,10 GB,17.9945,USD
2026-06-15,00000000-0000-0000-0000-000000000002,sub-platform-dev,rg-data-test-004,/subscriptions/00000000-0000-0000-0000-000000000002/resourceGroups/rg-data-test-004/providers/Microsoft.Network/virtualNetworks/res00184,res00184,Virtual Network,Networking,Private Endpoint,global,Usage,90.3167,10 GB,10.6231,USD
2026-06-15,00000000-0000-0000-0000-000000000003,sub-platform-test,rg-network-prod-002,/subscriptions/00000000-0000-0000-0000-000000000003/resourceGroups/rg-network-prod-002/providers/Microsoft.Network/ddosProtectionPlans/res00461,res00461,Azure DDoS Protection,Networking,Protection Plan,global,Usage,164.3736,1M Operations,31.7142,USD
2026-06-15,00000000-0000-0000-0000-000000000002,sub-platform-dev,rg-backup-test-002,/subscriptions/00000000-0000-0000-0000-000000000002/resourceGroups/rg-backup-test-002/providers/Microsoft.Insights/components/res01890,res01890,Azure Monitor,Management and Governance,Metrics,westeurope,Usage,143.5139,1 GB,18.3725,USD
2026-06-15,00000000-0000-0000-0000-000000000006,sub-network-hub,rg-compute-hub-003,/subscriptions/00000000-0000-0000-0000-000000000006/resourceGroups/rg-compute-hub-003/providers/Microsoft.Sql/servers/databases/res00513,res00513,Azure SQL Database,Databases,General Purpose,northeurope,Usage,120.4728,1M Operations,52.8457,USD
2026-06-15,00000000-0000-0000-0000-000000000008,sub-apps-online,rg-shared-prod-002,/subscriptions/00000000-0000-0000-0000-000000000008/resourceGroups/rg-shared-prod-002/providers/Microsoft.Sql/servers/databases/res00596,res00596,Azure SQL Database,Databases,Business Critical,francecentral,Usage,227.8543,1 Unit,120.104,USD
2026-06-15,00000000-0000-0000-0000-000000000004,sub-data-prod,rg-compute-dev-003,/subscriptions/00000000-0000-0000-0000-000000000004/resourceGroups/rg-compute-dev-003/providers/Microsoft.DocumentDB/databaseAccounts/res00210,res00210,Azure Cosmos DB,Databases,Serverless,francecentral,Usage,205.1451,10 GB,26.9745,USD
2026-06-15,00000000-0000-0000-0000-000000000008,sub-apps-online,rg-app-prod-002,/subscriptions/00000000-0000-0000-0000-000000000008/resourceGroups/rg-app-prod-002/providers/Microsoft.Network/loadBalancers/res01660,res01660,Load Balancer,Networking,Data Processed,germanywestcentral,Usage,59.3202,1M Operations,11.395,USD
2026-06-15,00000000-0000-0000-0000-000000000007,sub-network-spoke,rg-app-test-003,/subscriptions/00000000-0000-0000-0000-000000000007/resourceGroups/rg-app-test-003/providers/Microsoft.Insights/components/res01956,res01956,Azure Monitor,Management and Governance,Metrics,swedencentral,Usage,101.2581,1 GB/Month,22.0297,USD
2026-06-15,00000000-0000-0000-0000-000000000008,sub-apps-online,rg-monitoring-dev-001,/subscriptions/00000000-0000-0000-0000-000000000008/resourceGroups/rg-monitoring-dev-001/providers/Microsoft.ServiceBus/namespaces/res00702,res00702,Service Bus,Integration,Premium Messaging Unit,northeurope,Usage,162.4957,1 GB/Month,6.1695,USD
2026-06-15,00000000-0000-0000-0000-000000000012,sub-sandbox,rg-compute-test-002,/subscriptions/00000000-0000-0000-0000-000000000012/resourceGroups/rg-compute-test-002/providers/Microsoft.ContainerService/managedClusters/res00273,res00273,Azure Kubernetes Service,Compute,Standard Tier,westeurope,Usage,64.2739,1 Hour,41.7007,USD
2026-06-15,00000000-0000-0000-0000-000000000006,sub-network-hub,rg-shared-hub-001,/subscriptions/00000000-0000-0000-0000-000000000006/resourceGroups/rg-shared-hub-001/providers/Microsoft.Storage/storageAccounts/res01854,res01854,Storage,Storage,General Block Blob,germanywestcentral,Usage,5.5931,1M Operations,28.8913,USD
2026-06-15,00000000-0000-0000-0000-000000000010,sub-identity,rg-data-prod-004,/subscriptions/00000000-0000-0000-0000-000000000010/resourceGroups/rg-data-prod-004/providers/Microsoft.ContainerService/managedClusters/res00691,res00691,Azure Kubernetes Service,Compute,Uptime SLA,swedencentral,Usage,38.6839,1 Hour,9.7397,USD
2026-06-15,00000000-0000-0000-0000-000000000012,sub-sandbox,rg-data-prod-004,/subscriptions/00000000-0000-0000-0000-000000000012/resourceGroups/rg-data-prod-004/providers/Microsoft.Sql/servers/databases/res00140,res00140,Azure SQL Database,Databases,vCore Gen5,westeurope,Usage,200.168,1 Unit,64.5091,USD
2026-06-15,00000000-0000-0000-0000-000000000011,sub-management,rg-network-corp-001,/subscriptions/00000000-0000-0000-0000-000000000011/resourceGroups/rg-network-corp-001/providers/Microsoft.ContainerService/managedClusters/res01449,res01449,Azure Kubernetes Service,Compute,Uptime SLA,northeurope,Usage,236.3717,1 Unit,14.8867,USD
2026-06-15,00000000-0000-0000-0000-000000000012,sub-sandbox,rg-monitoring-test-004,/subscriptions/00000000-0000-0000-0000-000000000012/resourceGroups/rg-monitoring-test-004/providers/Microsoft.EventHub/namespaces/res00630,res00630,Event Hubs,Analytics,Throughput Unit,westeurope,Usage,98.9614,10 GB,4.4959,USD
2026-06-15,00000000-0000-0000-0000-000000000004,sub-data-prod,rg-shared-test-003,/subscriptions/00000000-0000-0000-0000-000000000004/resourceGroups/rg-shared-test-003/providers/Microsoft.Insights/components/res01269,res01269,Azure Monitor,Management and Governance,Metrics,germanywestcentral,Usage,234.9787,1 Hour,14.3793,USD
2026-06-15,00000000-0000-0000-0000-000000000005,sub-data-dev,rg-data-test-002,/subscriptions/00000000-0000-0000-0000-000000000005/resourceGroups/rg-data-test-002/providers/Microsoft.Sql/managedInstances/res01899,res01899,Azure SQL Managed Instance,Databases,vCore GP,uksouth,Usage,128.3229,1 GB,55.9417,USD
2026-06-15,00000000-0000-0000-0000-000000000010,sub-identity,rg-backup-hub-001,/subscriptions/00000000-0000-0000-0000-000000000010/resourceGroups/rg-backup-hub-001/providers/Microsoft.Databricks/workspaces/res00170,res00170,Azure Databricks,Analytics,Jobs Compute DBU,francecentral,Usage,13.2279,1 Hour,10.0496,USD
2026-06-15,00000000-0000-0000-0000-000000000002,sub-platform-dev,rg-app-hub-002,/subscriptions/00000000-0000-0000-0000-000000000002/resourceGroups/rg-app-hub-002/providers/Microsoft.Databricks/workspaces/res00400,res00400,Azure Databricks,Analytics,Jobs Compute DBU,global,Usage,7.694,10 GB,84.2385,USD
2026-06-15,00000000-0000-0000-0000-000000000012,sub-sandbox,rg-app-prod-001,/subscriptions/00000000-0000-0000-0000-000000000012/resourceGroups/rg-app-prod-001/providers/Microsoft.Sql/servers/databases/res00901,res00901,Azure SQL Database,Databases,General Purpose,germanywestcentral,Usage,124.9296,1 Hour,44.0138,USD
2026-06-15,00000000-0000-0000-0000-000000000009,sub-apps-corp,rg-app-hub-004,/subscriptions/00000000-0000-0000-0000-000000000009/resourceGroups/rg-app-hub-004/providers/Microsoft.Sql/servers/databases/res01755,res01755,Azure SQL Database,Databases,General Purpose,northeurope,Usage,113.2648,1 GB/Month,111.0003,USD
2026-06-15,00000000-0000-0000-0000-000000000002,sub-platform-dev,rg-app-hub-003,/subscriptions/00000000-0000-0000-0000-000000000002/resourceGroups/rg-app-hub-003/providers/Microsoft.Databricks/workspaces/res01940,res01940,Azure Databricks,Analytics,Premium DBU,francecentral,Usage,5.1757,1 GB,24.4904,USD
2026-06-15,00000000-0000-0000-0000-000000000006,sub-network-hub,rg-network-hub-004,/subscriptions/00000000-0000-0000-0000-000000000006/resourceGroups/rg-network-hub-004/providers/Microsoft.Storage/storageAccounts/res00954,res00954,Storage,Storage,Cool LRS,francecentral,Usage,20.1921,10 GB,14.6929,USD
2026-06-15,00000000-0000-0000-0000-000000000004,sub-data-prod,rg-security-corp-003,/subscriptions/00000000-0000-0000-0000-000000000004/resourceGroups/rg-security-corp-003/providers/Microsoft.Compute/virtualMachines/res00432,res00432,Virtual Machines,Compute,Standard_D4s_v5,westeurope,Usage,122.4079,1 GB/Month,72.0352,USD
2026-06-15,00000000-0000-0000-0000-000000000010,sub-identity,rg-shared-prod-003,/subscriptions/00000000-0000-0000-0000-000000000010/resourceGroups/rg-shared-prod-003/providers/Microsoft.Databricks/workspaces/res01601,res01601,Azure Databricks,Analytics,Jobs Compute DBU,germanywestcentral,Usage,53.5876,1 GB,56.6086,USD
2026-06-15,00000000-0000-0000-0000-000000000010,sub-identity,rg-app-hub-003,/subscriptions/00000000-0000-0000-0000-000000000010/resourceGroups/rg-app-hub-003/providers/Microsoft.Network/bandwidth/res01442,res01442,Bandwidth,Networking,Inter-Region,uksouth,Usage,199.8783,1 Hour,20.3048,USD
2026-06-15,00000000-0000-0000-0000-000000000006,sub-network-hub,rg-security-dev-004,/subscriptions/00000000-0000-0000-0000-000000000006/resourceGroups/rg-security-dev-004/providers/Microsoft.Network/applicationGateways/res01724,res01724,Application Gateway,Networking,WAF v2 Fixed,swedencentral,Usage,187.002,10 GB,6.6959,USD
2026-06-15,00000000-0000-0000-0000-000000000006,sub-network-hub,rg-network-prod-004,/subscriptions/00000000-0000-0000-0000-000000000006/resourceGroups/rg-network-prod-004/providers/Microsoft.Databricks/workspaces/res00521,res00521,Azure Databricks,Analytics,Premium DBU,global,Usage,97.8162,1 GB,76.857,USD
2026-06-15,00000000-0000-0000-0000-000000000005,sub-data-dev,rg-security-corp-004,/subscriptions/00000000-0000-0000-0000-000000000005/resourceGroups/rg-security-corp-004/providers/Microsoft.OperationalInsights/workspaces/res01208,res01208,Log Analytics,Management and Governance,Data Ingestion,westeurope,Usage,99.8655,1 Hour,49.881,USD
2026-06-15,00000000-0000-0000-0000-000000000001,sub-platform-prod,rg-compute-dev-004,/subscriptions/00000000-0000-0000-0000-000000000001/resourceGroups/rg-compute-dev-004/providers/Microsoft.KeyVault/vaults/res01433,res01433,Key Vault,Security,Operations,francecentral,Usage,119.8947,1 GB,5.4162,USD
2026-06-15,00000000-0000-0000-0000-000000000005,sub-data-dev,rg-app-corp-004,/subscriptions/00000000-0000-0000-0000-000000000005/resourceGroups/rg-app-corp-004/providers/Microsoft.Network/applicationGateways/res00574,res00574,Application Gateway,Networking,WAF v2 Fixed,global,Usage,63.8527,100 Hours,38.9795,USD
2026-06-15,00000000-0000-0000-0000-000000000001,sub-platform-prod,rg-app-hub-001,/subscriptions/00000000-0000-0000-0000-000000000001/resourceGroups/rg-app-hub-001/providers/Microsoft.Web/sites/res01235,res01235,Azure Functions,Compute,Total Executions,swedencentral,Usage,96.8587,100 Hours,3.3291,USD
2026-06-15,00000000-0000-0000-0000-000000000007,sub-network-spoke,rg-monitoring-prod-003,/subscriptions/00000000-0000-0000-0000-000000000007/resourceGroups/rg-monitoring-prod-003/providers/Microsoft.ServiceBus/namespaces/res00151,res00151,Service Bus,Integration,Premium Messaging Unit,northeurope,Usage,197.3237,1 Hour,27.1259,USD
2026-06-15,00000000-0000-0000-0000-000000000005,sub-data-dev,rg-identity-prod-002,/subscriptions/00000000-0000-0000-0000-000000000005/resourceGroups/rg-identity-prod-002/providers/Microsoft.Web/sites/res01540,res01540,Azure Functions,Compute,Total Executions,francecentral,Usage,115.4399,1M Operations,7.0115,USD
2026-06-15,00000000-0000-0000-0000-000000000004,sub-data-prod,rg-data-corp-002,/subscriptions/00000000-0000-0000-0000-000000000004/resourceGroups/rg-data-corp-002/providers/Microsoft.Insights/components/res01711,res01711,Azure Monitor,Management and Governance,Application Insights,uksouth,Usage,199.3382,1 Unit,19.7759,USD
2026-06-15,00000000-0000-0000-0000-000000000003,sub-platform-test,rg-backup-dev-004,/subscriptions/00000000-0000-0000-0000-000000000003/resourceGroups/rg-backup-dev-004/providers/Microsoft.RecoveryServices/vaults/res00951,res00951,Azure Backup,Storage,Protected Instances,northeurope,Usage,133.8345,1M Operations,31.4105,USD
2026-06-15,00000000-0000-0000-0000-000000000009,sub-apps-corp,rg-app-dev-002,/subscriptions/00000000-0000-0000-0000-000000000009/resourceGroups/rg-app-dev-002/providers/Microsoft.Web/sites/res01960,res01960,Azure Functions,Compute,Execution Time,germanywestcentral,Usage,102.4509,1 Hour,6.555,USD
2026-06-15,00000000-0000-0000-0000-000000000012,sub-sandbox,rg-reservations-001,/subscriptions/00000000-0000-0000-0000-000000000012/resourceGroups/rg-reservations-001/providers/Microsoft.Capacity/reservationOrders/res02010,reserved-02010,Reservations,Reservations,SQL vCore Reserved,germanywestcentral,Purchase,1,1 Unit,232.0738,USD
2026-06-15,00000000-0000-0000-0000-000000000012,sub-sandbox,rg-network-test-003,/subscriptions/00000000-0000-0000-0000-000000000012/resourceGroups/rg-network-test-003/providers/Microsoft.Network/virtualNetworks/res00238,res00238,Virtual Network,Networking,VNet Peering,uksouth,Usage,238.6084,1 GB,6.581,USD
2026-06-15,00000000-0000-0000-0000-000000000012,sub-sandbox,rg-backup-prod-002,/subscriptions/00000000-0000-0000-0000-000000000012/resourceGroups/rg-backup-prod-002/providers/Microsoft.Sql/managedInstances/res00622,res00622,Azure SQL Managed Instance,Databases,vCore GP,northeurope,Usage,106.0357,1 GB/Month,132.3472,USD
2026-06-15,00000000-0000-0000-0000-000000000008,sub-apps-online,rg-app-corp-004,/subscriptions/00000000-0000-0000-0000-000000000008/resourceGroups/rg-app-corp-004/providers/Microsoft.EventHub/namespaces/res00794,res00794,Event Hubs,Analytics,Capture,global,Usage,144.7545,1M Operations,9.2179,USD
2026-06-15,00000000-0000-0000-0000-000000000003,sub-platform-test,rg-security-prod-003,/subscriptions/00000000-0000-0000-0000-000000000003/resourceGroups/rg-security-prod-003/providers/Microsoft.OperationalInsights/workspaces/res00758,res00758,Log Analytics,Management and Governance,Data Ingestion,northeurope,Usage,125.0909,100 Hours,73.1277,USD
2026-06-15,00000000-0000-0000-0000-000000000005,sub-data-dev,rg-identity-corp-004,/subscriptions/00000000-0000-0000-0000-000000000005/resourceGroups/rg-identity-corp-004/providers/Microsoft.Security/pricings/res00781,res00781,Microsoft Defender for Cloud,Security,Defender for Storage,global,Usage,204.697,1 Unit,17.4123,USD
2026-06-15,00000000-0000-0000-0000-000000000003,sub-platform-test,rg-identity-hub-002,/subscriptions/00000000-0000-0000-0000-000000000003/resourceGroups/rg-identity-hub-002/providers/Microsoft.Network/bandwidth/res01929,res01929,Bandwidth,Networking,Data Transfer Out - Zone 1,swedencentral,Usage,220.8864,100 Hours,2.8931,USD
2026-06-15,00000000-0000-0000-0000-000000000009,sub-apps-corp,rg-app-dev-004,/subscriptions/00000000-0000-0000-0000-000000000009/resourceGroups/rg-app-dev-004/providers/Microsoft.Network/bandwidth/res00599,res00599,Bandwidth,Networking,Data Transfer Out - Zone 1,uksouth,Usage,1.0516,10 GB,6.6321,USD
2026-06-15,00000000-0000-0000-0000-000000000011,sub-management,rg-security-test-001,/subscriptions/00000000-0000-0000-0000-000000000011/resourceGroups/rg-security-test-001/providers/Microsoft.Network/loadBalancers/res01856,res01856,Load Balancer,Networking,Data Processed,westeurope,Usage,81.5471,100 Hours,8.7721,USD
2026-06-15,00000000-0000-0000-0000-000000000001,sub-platform-prod,rg-backup-dev-003,/subscriptions/00000000-0000-0000-0000-000000000001/resourceGroups/rg-backup-dev-003/providers/Microsoft.Security/pricings/res00079,res00079,Microsoft Defender for Cloud,Security,Defender for Storage,germanywestcentral,Usage,179.3406,10 GB,24.3507,USD
2026-06-15,00000000-0000-0000-0000-000000000002,sub-platform-dev,rg-monitoring-test-001,/subscriptions/00000000-0000-0000-0000-000000000002/resourceGroups/rg-monitoring-test-001/providers/Microsoft.Security/pricings/res01389,res01389,Microsoft Defender for Cloud,Security,Defender for Storage,global,Usage,140.1023,1 GB,40.1604,USD
2026-06-15,00000000-0000-0000-0000-000000000011,sub-management,rg-monitoring-hub-003,/subscriptions/00000000-0000-0000-0000-000000000011/resourceGroups/rg-monitoring-hub-003/providers/Microsoft.Network/azureFirewalls/res01205,res01205,Azure Firewall,Networking,Deployment Hours,global,Usage,107.6247,1M Operations,50.5626,USD
2026-06-15,00000000-0000-0000-0000-000000000006,sub-network-hub,rg-compute-hub-001,/subscriptions/00000000-0000-0000-0000-000000000006/resourceGroups/rg-compute-hub-001/providers/Microsoft.Security/pricings/res01837,res01837,Microsoft Defender for Cloud,Security,Defender for SQL,westeurope,Usage,169.7234,1M Operations,22.6647,USD
2026-06-15,00000000-0000-0000-0000-000000000006,sub-network-hub,rg-backup-dev-003,/subscriptions/00000000-0000-0000-0000-000000000006/resourceGroups/rg-backup-dev-003/providers/Microsoft.ContainerRegistry/registries/res01478,res01478,Container Registry,Containers,Premium Registry,francecentral,Usage,98.767,1 Unit,19.1221,USD
2026-06-15,00000000-0000-0000-0000-000000000005,sub-data-dev,rg-compute-test-004,/subscriptions/00000000-0000-0000-0000-000000000005/resourceGroups/rg-compute-test-004/providers/Microsoft.ContainerService/managedClusters/res00578,res00578,Azure Kubernetes Service,Compute,Uptime SLA,uksouth,Usage,194.1107,1 GB,22.4794,USD
2026-06-15,00000000-0000-0000-0000-000000000010,sub-identity,rg-network-hub-003,/subscriptions/00000000-0000-0000-0000-000000000010/resourceGroups/rg-network-hub-003/providers/Microsoft.RecoveryServices/vaults/res00510,res00510,Azure Backup,Storage,Backup Storage LRS,westeurope,Usage,104.1617,100 Hours,19.2976,USD
2026-06-15,00000000-0000-0000-0000-000000000006,sub-network-hub,rg-identity-prod-002,/subscriptions/00000000-0000-0000-0000-000000000006/resourceGroups/rg-identity-prod-002/providers/Microsoft.KeyVault/vaults/res01851,res01851,Key Vault,Security,HSM Protected Keys,westeurope,Usage,118.9105,1 GB,4.8458,USD
2026-06-15,00000000-0000-0000-0000-000000000008,sub-apps-online,rg-monitoring-hub-002,/subscriptions/00000000-0000-0000-0000-000000000008/resourceGroups/rg-monitoring-hub-002/providers/Microsoft.Network/bandwidth/res01768,res01768,Bandwidth,Networking,Data Transfer Out - Zone 1,francecentral,Usage,160.0748,1 Hour,16.7426,USD
2026-06-15,00000000-0000-0000-0000-000000000005,sub-data-dev,rg-security-prod-002,/subscriptions/00000000-0000-0000-0000-000000000005/resourceGroups/rg-security-prod-002/providers/Microsoft.Network/loadBalancers/res00108,res00108,Load Balancer,Networking,Data Processed,francecentral,Usage,163.2683,1M Operations,13.6715,USD
2026-06-15,00000000-0000-0000-0000-000000000001,sub-platform-prod,rg-shared-test-003,/subscriptions/00000000-0000-0000-0000-000000000001/resourceGroups/rg-shared-test-003/providers/Microsoft.EventHub/namespaces/res00570,res00570,Event Hubs,Analytics,Capture,global,Usage,183.4723,10 GB,13.212,USD
2026-06-15,00000000-0000-0000-0000-000000000004,sub-data-prod,rg-network-dev-002,/subscriptions/00000000-0000-0000-0000-000000000004/resourceGroups/rg-network-dev-002/providers/Microsoft.Web/sites/res00039,res00039,Azure Functions,Compute,Execution Time,global,Usage,129.9652,1M Operations,8.6355,USD
2026-06-15,00000000-0000-0000-0000-000000000004,sub-data-prod,rg-identity-prod-003,/subscriptions/00000000-0000-0000-0000-000000000004/resourceGroups/rg-identity-prod-003/providers/Microsoft.ServiceBus/namespaces/res00242,res00242,Service Bus,Integration,Operations,swedencentral,Usage,46.7582,1 GB,12.9749,USD
2026-06-15,00000000-0000-0000-0000-000000000004,sub-data-prod,rg-shared-prod-003,/subscriptions/00000000-0000-0000-0000-000000000004/resourceGroups/rg-shared-prod-003/providers/Microsoft.OperationalInsights/workspaces/res01834,res01834,Log Analytics,Management and Governance,Basic Logs,northeurope,Usage,34.7619,10 GB,94.5248,USD
2026-06-15,00000000-0000-0000-0000-000000000012,sub-sandbox,rg-shared-dev-002,/subscriptions/00000000-0000-0000-0000-000000000012/resourceGroups/rg-shared-dev-002/providers/Microsoft.KeyVault/vaults/res00428,res00428,Key Vault,Security,Operations,uksouth,Usage,22.8772,100 Hours,3.1014,USD
2026-06-15,00000000-0000-0000-0000-000000000001,sub-platform-prod,rg-network-test-003,/subscriptions/00000000-0000-0000-0000-000000000001/resourceGroups/rg-network-test-003/providers/Microsoft.Databricks/workspaces/res00203,res00203,Azure Databricks,Analytics,Standard DBU,francecentral,Usage,68.9215,10 GB,85.671,USD
2026-06-15,00000000-0000-0000-0000-000000000009,sub-apps-corp,rg-backup-corp-002,/subscriptions/00000000-0000-0000-0000-000000000009/resourceGroups/rg-backup-corp-002/providers/Microsoft.Network/ddosProtectionPlans/res00102,res00102,Azure DDoS Protection,Networking,Data Processed,uksouth,Usage,84.5478,1M Operations,32.6612,USD
2026-06-15,00000000-0000-0000-0000-000000000009,sub-apps-corp,rg-data-dev-003,/subscriptions/00000000-0000-0000-0000-000000000009/resourceGroups/rg-data-dev-003/providers/Microsoft.Web/sites/res00447,res00447,Azure App Service,Compute,S1,swedencentral,Usage,174.9733,1 GB,52.1874,USD
2026-06-15,00000000-0000-0000-0000-000000000009,sub-apps-corp,rg-data-test-002,/subscriptions/00000000-0000-0000-0000-000000000009/resourceGroups/rg-data-test-002/providers/Microsoft.ContainerRegistry/registries/res00924,res00924,Container Registry,Containers,Build Minutes,germanywestcentral,Usage,3.1638,100 Hours,21.582,USD
2026-06-15,00000000-0000-0000-0000-000000000008,sub-apps-online,rg-app-dev-003,/subscriptions/00000000-0000-0000-0000-000000000008/resourceGroups/rg-app-dev-003/providers/Microsoft.RecoveryServices/vaults/res01372,res01372,Azure Backup,Storage,Backup Storage LRS,germanywestcentral,Usage,161.2494,1 GB,26.2925,USD
2026-06-15,00000000-0000-0000-0000-000000000003,sub-platform-test,rg-network-corp-002,/subscriptions/00000000-0000-0000-0000-000000000003/resourceGroups/rg-network-corp-002/providers/Microsoft.RecoveryServices/vaults/res00076,res00076,Azure Backup,Storage,Protected Instances,uksouth,Usage,157.71,1 Hour,33.0038,USD
2026-06-15,00000000-0000-0000-0000-000000000010,sub-identity,rg-data-corp-001,/subscriptions/00000000-0000-0000-0000-000000000010/resourceGroups/rg-data-corp-001/providers/Microsoft.Compute/virtualMachines/res01978,res01978,Virtual Machines,Compute,Standard_D2s_v5,uksouth,Usage,231.793,10 GB,27.3499,USD
2026-06-15,00000000-0000-0000-0000-000000000006,sub-network-hub,rg-shared-hub-002,/subscriptions/00000000-0000-0000-0000-000000000006/resourceGroups/rg-shared-hub-002/providers/Microsoft.Network/ddosProtectionPlans/res01933,res01933,Azure DDoS Protection,Networking,Protection Plan,westeurope,Usage,137.6111,1 GB/Month,61.1898,USD
2026-06-15,00000000-0000-0000-0000-000000000010,sub-identity,rg-app-hub-003,/subscriptions/00000000-0000-0000-0000-000000000010/resourceGroups/rg-app-hub-003/providers/Microsoft.KeyVault/vaults/res01885,res01885,Key Vault,Security,HSM Protected Keys,germanywestcentral,Usage,69.6057,100 Hours,4.2814,USD
2026-06-15,00000000-0000-0000-0000-000000000010,sub-identity,rg-network-test-004,/subscriptions/00000000-0000-0000-0000-000000000010/resourceGroups/rg-network-test-004/providers/Microsoft.Network/bandwidth/res01953,res01953,Bandwidth,Networking,Data Transfer Out - Zone 1,francecentral,Usage,130.8554,1 Hour,8.3981,USD
2026-06-15,00000000-0000-0000-0000-000000000010,sub-identity,rg-data-dev-004,/subscriptions/00000000-0000-0000-0000-000000000010/resourceGroups/rg-data-dev-004/providers/Microsoft.ContainerService/managedClusters/res01223,res01223,Azure Kubernetes Service,Compute,Standard Tier,uksouth,Usage,52.9281,1 Unit,52.6976,USD
2026-06-15,00000000-0000-0000-0000-000000000005,sub-data-dev,rg-shared-test-003,/subscriptions/00000000-0000-0000-0000-000000000005/resourceGroups/rg-shared-test-003/providers/Microsoft.Sql/managedInstances/res00414,res00414,Azure SQL Managed Instance,Databases,vCore BC,germanywestcentral,Usage,7.1445,1 GB,154.8308,USD
2026-06-15,00000000-0000-0000-0000-000000000001,sub-platform-prod,rg-monitoring-hub-004,/subscriptions/00000000-0000-0000-0000-000000000001/resourceGroups/rg-monitoring-hub-004/providers/Microsoft.RecoveryServices/vaults/res00591,res00591,Azure Backup,Storage,Protected Instances,swedencentral,Usage,115.6453,1 Hour,28.3963,USD
2026-06-15,00000000-0000-0000-0000-000000000004,sub-data-prod,rg-identity-prod-003,/subscriptions/00000000-0000-0000-0000-000000000004/resourceGroups/rg-identity-prod-003/providers/Microsoft.Web/sites/res00123,res00123,Azure App Service,Compute,P1v3,swedencentral,Usage,74.6143,1 Hour,13.6903,USD
2026-06-15,00000000-0000-0000-0000-000000000008,sub-apps-online,rg-identity-hub-004,/subscriptions/00000000-0000-0000-0000-000000000008/resourceGroups/rg-identity-hub-004/providers/Microsoft.EventHub/namespaces/res00490,res00490,Event Hubs,Analytics,Capture,swedencentral,Usage,88.6607,1 GB/Month,26.1068,USD
2026-06-15,00000000-0000-0000-0000-000000000009,sub-apps-corp,rg-security-prod-001,/subscriptions/00000000-0000-0000-0000-000000000009/resourceGroups/rg-security-prod-001/providers/Microsoft.ServiceBus/namespaces/res01634,res01634,Service Bus,Integration,Operations,francecentral,Usage,41.0194,100 Hours,18.6953,USD
2026-06-15,00000000-0000-0000-0000-000000000009,sub-apps-corp,rg-compute-test-001,/subscriptions/00000000-0000-0000-0000-000000000009/resourceGroups/rg-compute-test-001/providers/Microsoft.Network/ddosProtectionPlans/res00838,res00838,Azure DDoS Protection,Networking,Data Processed,francecentral,Usage,71.4001,100 Hours,62.3783,USD
2026-06-15,00000000-0000-0000-0000-000000000012,sub-sandbox,rg-backup-test-002,/subscriptions/00000000-0000-0000-0000-000000000012/resourceGroups/rg-backup-test-002/providers/Microsoft.Security/pricings/res01868,res01868,Microsoft Defender for Cloud,Security,Defender for Storage,germanywestcentral,Usage,40.6494,1M Operations,28.1037,USD
2026-06-15,00000000-0000-0000-0000-000000000005,sub-data-dev,rg-compute-test-002,/subscriptions/00000000-0000-0000-0000-000000000005/resourceGroups/rg-compute-test-002/providers/Microsoft.Network/virtualNetworks/res01766,res01766,Virtual Network,Networking,Data Transfer Out,global,Usage,153.7457,10 GB,7.4907,USD
2026-06-15,00000000-0000-0000-0000-000000000001,sub-platform-prod,rg-identity-prod-004,/subscriptions/00000000-0000-0000-0000-000000000001/resourceGroups/rg-identity-prod-004/providers/Microsoft.Security/pricings/res01910,res01910,Microsoft Defender for Cloud,Security,Defender for Storage,global,Usage,86.3202,1M Operations,21.0396,USD
2026-06-15,00000000-0000-0000-0000-000000000004,sub-data-prod,rg-shared-corp-002,/subscriptions/00000000-0000-0000-0000-000000000004/resourceGroups/rg-shared-corp-002/providers/Microsoft.DocumentDB/databaseAccounts/res00511,res00511,Azure Cosmos DB,Databases,RU/s Provisioned,northeurope,Usage,114.5679,10 GB,90.6351,USD
2026-06-15,00000000-0000-0000-0000-000000000007,sub-network-spoke,rg-identity-prod-001,/subscriptions/00000000-0000-0000-0000-000000000007/resourceGroups/rg-identity-prod-001/providers/Microsoft.Network/ddosProtectionPlans/res00586,res00586,Azure DDoS Protection,Networking,Protection Plan,northeurope,Usage,194.413,100 Hours,59.7711,USD
2026-06-15,00000000-0000-0000-0000-000000000001,sub-platform-prod,rg-security-test-001,/subscriptions/00000000-0000-0000-0000-000000000001/resourceGroups/rg-security-test-001/providers/Microsoft.ContainerRegistry/registries/res00361,res00361,Container Registry,Containers,Premium Registry,uksouth,Usage,57.113,1 GB,10.0937,USD
2026-06-15,00000000-0000-0000-0000-000000000009,sub-apps-corp,rg-app-dev-004,/subscriptions/00000000-0000-0000-0000-000000000009/resourceGroups/rg-app-dev-004/providers/Microsoft.Databricks/workspaces/res00150,res00150,Azure Databricks,Analytics,Jobs Compute DBU,germanywestcentral,Usage,36.5285,100 Hours,110.8869,USD
2026-06-15,00000000-0000-0000-0000-000000000002,sub-platform-dev,rg-security-hub-002,/subscriptions/00000000-0000-0000-0000-000000000002/resourceGroups/rg-security-hub-002/providers/Microsoft.ContainerService/managedClusters/res00653,res00653,Azure Kubernetes Service,Compute,Load Balancer,global,Usage,90.5351,10 GB,43.3746,USD
2026-06-15,00000000-0000-0000-0000-000000000010,sub-identity,rg-identity-test-002,/subscriptions/00000000-0000-0000-0000-000000000010/resourceGroups/rg-identity-test-002/providers/Microsoft.Security/pricings/res00791,res00791,Microsoft Defender for Cloud,Security,Defender for Storage,westeurope,Usage,222.3885,10 GB,2.9411,USD
2026-06-15,00000000-0000-0000-0000-000000000012,sub-sandbox,rg-compute-prod-003,/subscriptions/00000000-0000-0000-0000-000000000012/resourceGroups/rg-compute-prod-003/providers/Microsoft.EventHub/namespaces/res01380,res01380,Event Hubs,Analytics,Throughput Unit,northeurope,Usage,82.0,1M Operations,3.4402,USD
2026-06-15,00000000-0000-0000-0000-000000000004,sub-data-prod,rg-app-dev-001,/subscriptions/00000000-0000-0000-0000-000000000004/resourceGroups/rg-app-dev-001/providers/Microsoft.ContainerService/managedClusters/res00942,res00942,Azure Kubernetes Service,Compute,Load Balancer,northeurope,Usage,186.6565,1 Unit,65.0851,USD
2026-06-15,00000000-0000-0000-0000-000000000001,sub-platform-prod,rg-backup-hub-003,/subscriptions/00000000-0000-0000-0000-000000000001/resourceGroups/rg-backup-hub-003/providers/Microsoft.ContainerService/managedClusters/res01848,res01848,Azure Kubernetes Service,Compute,Load Balancer,germanywestcentral,Usage,179.458,10 GB,19.6922,USD
2026-06-15,00000000-0000-0000-0000-000000000002,sub-platform-dev,rg-compute-dev-003,/subscriptions/00000000-0000-0000-0000-000000000002/resourceGroups/rg-compute-dev-003/providers/Microsoft.Insights/components/res00611,res00611,Azure Monitor,Management and Governance,Alerts,swedencentral,Usage,52.1874,1 GB,19.1635,USD
2026-06-15,00000000-0000-0000-0000-000000000004,sub-data-prod,rg-compute-test-001,/subscriptions/00000000-0000-0000-0000-000000000004/resourceGroups/rg-compute-test-001/providers/Microsoft.Sql/servers/databases/res01180,res01180,Azure SQL Database,Databases,General Purpose,swedencentral,Usage,115.5694,1 Hour,86.9655,USD
2026-06-15,00000000-0000-0000-0000-000000000006,sub-network-hub,rg-compute-hub-003,/subscriptions/00000000-0000-0000-0000-000000000006/resourceGroups/rg-compute-hub-003/providers/Microsoft.ServiceBus/namespaces/res00541,res00541,Service Bus,Integration,Premium Messaging Unit,westeurope,Usage,112.0767,1 Hour,10.7189,USD
2026-06-15,00000000-0000-0000-0000-000000000008,sub-apps-online,rg-identity-corp-001,/subscriptions/00000000-0000-0000-0000-000000000008/resourceGroups/rg-identity-corp-001/providers/Microsoft.DocumentDB/databaseAccounts/res01979,res01979,Azure Cosmos DB,Databases,Storage,global,Usage,23.4104,1 Hour,83.5128,USD
2026-06-15,00000000-0000-0000-0000-000000000012,sub-sandbox,rg-shared-test-004,/subscriptions/00000000-0000-0000-0000-000000000012/resourceGroups/rg-shared-test-004/providers/Microsoft.Web/sites/res01695,res01695,Azure Functions,Compute,Execution Time,germanywestcentral,Usage,200.2126,1 Hour,2.6559,USD
2026-06-15,00000000-0000-0000-0000-000000000005,sub-data-dev,rg-monitoring-test-004,/subscriptions/00000000-0000-0000-0000-000000000005/resourceGroups/rg-monitoring-test-004/providers/Microsoft.Web/sites/res00433,res00433,Azure App Service,Compute,P1v3,northeurope,Usage,197.6205,100 Hours,1.5838,USD
2026-06-15,00000000-0000-0000-0000-000000000008,sub-apps-online,rg-data-prod-003,/subscriptions/00000000-0000-0000-0000-000000000008/resourceGroups/rg-data-prod-003/providers/Microsoft.ContainerRegistry/registries/res00909,res00909,Container Registry,Containers,Premium Registry,uksouth,Usage,31.7847,1 Hour,14.6677,USD
2026-06-15,00000000-0000-0000-0000-000000000010,sub-identity,rg-app-corp-003,/subscriptions/00000000-0000-0000-0000-000000000010/resourceGroups/rg-app-corp-003/providers/Microsoft.EventHub/namespaces/res00921,res00921,Event Hubs,Analytics,Capture,global,Usage,68.9074,10 GB,1.5156,USD
2026-06-15,00000000-0000-0000-0000-000000000012,sub-sandbox,rg-shared-corp-002,/subscriptions/00000000-0000-0000-0000-000000000012/resourceGroups/rg-shared-corp-002/providers/Microsoft.Network/applicationGateways/res00840,res00840,Application Gateway,Networking,Capacity Unit,northeurope,Usage,228.33,100 Hours,8.1078,USD
2026-06-15,00000000-0000-0000-0000-000000000009,sub-apps-corp,rg-compute-test-001,/subscriptions/00000000-0000-0000-0000-000000000009/resourceGroups/rg-compute-test-001/providers/Microsoft.Network/loadBalancers/res00804,res00804,Load Balancer,Networking,Standard Rules,northeurope,Usage,213.0626,1 GB,18.8365,USD
2026-06-15,00000000-0000-0000-0000-000000000004,sub-data-prod,rg-monitoring-prod-002,/subscriptions/00000000-0000-0000-0000-000000000004/resourceGroups/rg-monitoring-prod-002/providers/Microsoft.Network/applicationGateways/res00544,res00544,Application Gateway,Networking,WAF v2 Fixed,westeurope,Usage,161.8958,1 Unit,22.4606,USD
2026-06-15,00000000-0000-0000-0000-000000000011,sub-management,rg-network-test-002,/subscriptions/00000000-0000-0000-0000-000000000011/resourceGroups/rg-network-test-002/providers/Microsoft.Network/ddosProtectionPlans/res00720,res00720,Azure DDoS Protection,Networking,Data Processed,germanywestcentral,Usage,163.1915,1 GB,68.5078,USD
2026-06-15,00000000-0000-0000-0000-000000000004,sub-data-prod,rg-compute-dev-004,/subscriptions/00000000-0000-0000-0000-000000000004/resourceGroups/rg-compute-dev-004/providers/Microsoft.Network/virtualNetworks/res01116,res01116,Virtual Network,Networking,Private Endpoint,swedencentral,Usage,77.5891,1 GB/Month,8.1195,USD
2026-06-15,00000000-0000-0000-0000-000000000005,sub-data-dev,rg-monitoring-test-004,/subscriptions/00000000-0000-0000-0000-000000000005/resourceGroups/rg-monitoring-test-004/providers/Microsoft.Web/sites/res00132,res00132,Azure Functions,Compute,Execution Time,northeurope,Usage,74.2205,1 GB/Month,9.7958,USD
2026-06-15,00000000-0000-0000-0000-000000000003,sub-platform-test,rg-shared-corp-003,/subscriptions/00000000-0000-0000-0000-000000000003/resourceGroups/rg-shared-corp-003/providers/Microsoft.Sql/servers/databases/res00865,res00865,Azure SQL Database,Databases,DTU,global,Usage,86.5535,10 GB,124.0747,USD
2026-06-15,00000000-0000-0000-0000-000000000001,sub-platform-prod,rg-network-hub-004,/subscriptions/00000000-0000-0000-0000-000000000001/resourceGroups/rg-network-hub-004/providers/Microsoft.Sql/managedInstances/res00349,res00349,Azure SQL Managed Instance,Databases,vCore GP,uksouth,Usage,31.6689,1 Unit,109.6043,USD
2026-06-15,00000000-0000-0000-0000-000000000004,sub-data-prod,rg-app-corp-001,/subscriptions/00000000-0000-0000-0000-000000000004/resourceGroups/rg-app-corp-001/providers/Microsoft.Network/azureFirewalls/res01710,res01710,Azure Firewall,Networking,Data Processed,uksouth,Usage,183.0046,1 GB/Month,43.4217,USD
2026-06-15,00000000-0000-0000-0000-000000000003,sub-platform-test,rg-compute-prod-003,/subscriptions/00000000-0000-0000-0000-000000000003/resourceGroups/rg-compute-prod-003/providers/Microsoft.KeyVault/vaults/res00269,res00269,Key Vault,Security,Operations,francecentral,Usage,95.5547,1 Unit,6.7408,USD
2026-06-15,00000000-0000-0000-0000-000000000006,sub-network-hub,rg-compute-test-003,/subscriptions/00000000-0000-0000-0000-000000000006/resourceGroups/rg-compute-test-003/providers/Microsoft.DocumentDB/databaseAccounts/res00256,res00256,Azure Cosmos DB,Databases,Storage,germanywestcentral,Usage,118.0457,1M Operations,47.7718,USD
2026-06-15,00000000-0000-0000-0000-000000000001,sub-platform-prod,rg-backup-dev-001,/subscriptions/00000000-0000-0000-0000-000000000001/resourceGroups/rg-backup-dev-001/providers/Microsoft.Web/sites/res00684,res00684,Azure Functions,Compute,Execution Time,francecentral,Usage,116.5264,1M Operations,10.5097,USD
2026-06-15,00000000-0000-0000-0000-000000000007,sub-network-spoke,rg-network-prod-001,/subscriptions/00000000-0000-0000-0000-000000000007/resourceGroups/rg-network-prod-001/providers/Microsoft.Network/loadBalancers/res01493,res01493,Load Balancer,Networking,Data Processed,westeurope,Usage,172.0299,1M Operations,8.7954,USD
2026-06-15,00000000-0000-0000-0000-000000000003,sub-platform-test,rg-network-test-003,/subscriptions/00000000-0000-0000-0000-000000000003/resourceGroups/rg-network-test-003/providers/Microsoft.ServiceBus/namespaces/res00563,res00563,Service Bus,Integration,Operations,swedencentral,Usage,26.4684,1 GB,7.2747,USD
2026-06-15,00000000-0000-0000-0000-000000000010,sub-identity,rg-network-test-001,/subscriptions/00000000-0000-0000-0000-000000000010/resourceGroups/rg-network-test-001/providers/Microsoft.ContainerService/managedClusters/res00335,res00335,Azure Kubernetes Service,Compute,Uptime SLA,germanywestcentral,Usage,186.9347,100 Hours,62.3462,USD
2026-06-15,00000000-0000-0000-0000-000000000010,sub-identity,rg-shared-test-001,/subscriptions/00000000-0000-0000-0000-000000000010/resourceGroups/rg-shared-test-001/providers/Microsoft.RecoveryServices/vaults/res00687,res00687,Azure Backup,Storage,Backup Storage LRS,uksouth,Usage,217.8985,1M Operations,6.6059,USD
2026-06-15,00000000-0000-0000-0000-000000000011,sub-management,rg-backup-corp-001,/subscriptions/00000000-0000-0000-0000-000000000011/resourceGroups/rg-backup-corp-001/providers/Microsoft.Web/sites/res00792,res00792,Azure Functions,Compute,Total Executions,westeurope,Usage,71.6907,1 Hour,2.2764,USD
2026-06-15,00000000-0000-0000-0000-000000000007,sub-network-spoke,rg-monitoring-hub-001,/subscriptions/00000000-0000-0000-0000-000000000007/resourceGroups/rg-monitoring-hub-001/providers/Microsoft.Compute/virtualMachines/res01543,res01543,Virtual Machines,Compute,Standard_B2ms,swedencentral,Usage,206.5746,1 Hour,75.3212,USD
2026-06-15,00000000-0000-0000-0000-000000000001,sub-platform-prod,rg-app-dev-003,/subscriptions/00000000-0000-0000-0000-000000000001/resourceGroups/rg-app-dev-003/providers/Microsoft.Network/bandwidth/res00086,res00086,Bandwidth,Networking,Inter-Region,swedencentral,Usage,125.0921,1 GB/Month,0.4323,USD
2026-06-15,00000000-0000-0000-0000-000000000009,sub-apps-corp,rg-network-test-001,/subscriptions/00000000-0000-0000-0000-000000000009/resourceGroups/rg-network-test-001/providers/Microsoft.KeyVault/vaults/res00125,res00125,Key Vault,Security,Operations,northeurope,Usage,106.4622,1 GB,1.9317,USD
2026-06-15,00000000-0000-0000-0000-000000000002,sub-platform-dev,rg-monitoring-dev-004,/subscriptions/00000000-0000-0000-0000-000000000002/resourceGroups/rg-monitoring-dev-004/providers/Microsoft.ServiceBus/namespaces/res01950,res01950,Service Bus,Integration,Premium Messaging Unit,swedencentral,Usage,4.1791,100 Hours,13.749,USD
2026-06-15,00000000-0000-0000-0000-000000000005,sub-data-dev,rg-data-dev-001,/subscriptions/00000000-0000-0000-0000-000000000005/resourceGroups/rg-data-dev-001/providers/Microsoft.Network/loadBalancers/res00355,res00355,Load Balancer,Networking,Data Processed,uksouth,Usage,239.1983,1 Unit,9.6255,USD
2026-06-15,00000000-0000-0000-0000-000000000002,sub-platform-dev,rg-data-prod-001,/subscriptions/00000000-0000-0000-0000-000000000002/resourceGroups/rg-data-prod-001/providers/Microsoft.Network/azureFirewalls/res01402,res01402,Azure Firewall,Networking,Data Processed,westeurope,Usage,33.2221,100 Hours,46.2797,USD
2026-06-15,00000000-0000-0000-0000-000000000003,sub-platform-test,rg-backup-dev-002,/subscriptions/00000000-0000-0000-0000-000000000003/resourceGroups/rg-backup-dev-002/providers/Microsoft.Network/loadBalancers/res01926,res01926,Load Balancer,Networking,Data Processed,westeurope,Usage,191.3512,1 GB,9.1852,USD
2026-06-15,00000000-0000-0000-0000-000000000006,sub-network-hub,rg-backup-dev-003,/subscriptions/00000000-0000-0000-0000-000000000006/resourceGroups/rg-backup-dev-003/providers/Microsoft.ContainerService/managedClusters/res01928,res01928,Azure Kubernetes Service,Compute,Load Balancer,germanywestcentral,Usage,223.8877,10 GB,53.29,USD
2026-06-15,00000000-0000-0000-0000-000000000009,sub-apps-corp,rg-backup-hub-002,/subscriptions/00000000-0000-0000-0000-000000000009/resourceGroups/rg-backup-hub-002/providers/Microsoft.Network/azureFirewalls/res00475,res00475,Azure Firewall,Networking,Data Processed,northeurope,Usage,90.045,100 Hours,31.5621,USD
2026-06-15,00000000-0000-0000-0000-000000000007,sub-network-spoke,rg-shared-prod-004,/subscriptions/00000000-0000-0000-0000-000000000007/resourceGroups/rg-shared-prod-004/providers/Microsoft.RecoveryServices/vaults/res01405,res01405,Azure Backup,Storage,Backup Storage LRS,francecentral,Usage,223.9925,1 Unit,26.3953,USD
2026-06-15,00000000-0000-0000-0000-000000000012,sub-sandbox,rg-app-dev-003,/subscriptions/00000000-0000-0000-0000-000000000012/resourceGroups/rg-app-dev-003/providers/Microsoft.RecoveryServices/vaults/res00332,res00332,Azure Backup,Storage,Protected Instances,germanywestcentral,Usage,59.3338,1 GB,35.3078,USD
2026-06-15,00000000-0000-0000-0000-000000000009,sub-apps-corp,rg-data-corp-003,/subscriptions/00000000-0000-0000-0000-000000000009/resourceGroups/rg-data-corp-003/providers/Microsoft.Network/azureFirewalls/res00701,res00701,Azure Firewall,Networking,Data Processed,swedencentral,Usage,30.3979,1 GB/Month,22.6868,USD
2026-06-15,00000000-0000-0000-0000-000000000005,sub-data-dev,rg-monitoring-corp-003,/subscriptions/00000000-0000-0000-0000-000000000005/resourceGroups/rg-monitoring-corp-003/providers/Microsoft.KeyVault/vaults/res00538,res00538,Key Vault,Security,Operations,uksouth,Usage,156.9804,100 Hours,2.8268,USD
2026-06-15,00000000-0000-0000-0000-000000000004,sub-data-prod,rg-data-test-001,/subscriptions/00000000-0000-0000-0000-000000000004/resourceGroups/rg-data-test-001/providers/Microsoft.Sql/servers/databases/res01666,res01666,Azure SQL Database,Databases,vCore Gen5,global,Usage,140.1482,1M Operations,102.4086,USD
2026-06-15,00000000-0000-0000-0000-000000000011,sub-management,rg-network-test-004,/subscriptions/00000000-0000-0000-0000-000000000011/resourceGroups/rg-network-test-004/providers/Microsoft.Network/loadBalancers/res00914,res00914,Load Balancer,Networking,Data Processed,global,Usage,15.1937,1 GB/Month,12.1483,USD
2026-06-15,00000000-0000-0000-0000-000000000001,sub-platform-prod,rg-data-corp-004,/subscriptions/00000000-0000-0000-0000-000000000001/resourceGroups/rg-data-corp-004/providers/Microsoft.Sql/servers/databases/res00255,res00255,Azure SQL Database,Databases,General Purpose,uksouth,Usage,13.2068,1 GB,23.6052,USD
2026-06-15,00000000-0000-0000-0000-000000000011,sub-management,rg-network-prod-002,/subscriptions/00000000-0000-0000-0000-000000000011/resourceGroups/rg-network-prod-002/providers/Microsoft.ContainerRegistry/registries/res01154,res01154,Container Registry,Containers,Premium Registry,swedencentral,Usage,188.39,10 GB,9.2572,USD
2026-06-15,00000000-0000-0000-0000-000000000002,sub-platform-dev,rg-identity-hub-001,/subscriptions/00000000-0000-0000-0000-000000000002/resourceGroups/rg-identity-hub-001/providers/Microsoft.Databricks/workspaces/res01501,res01501,Azure Databricks,Analytics,Premium DBU,northeurope,Usage,213.8514,1 GB/Month,24.7967,USD
2026-06-15,00000000-0000-0000-0000-000000000005,sub-data-dev,rg-network-test-004,/subscriptions/00000000-0000-0000-0000-000000000005/resourceGroups/rg-network-test-004/providers/Microsoft.ContainerRegistry/registries/res00381,res00381,Container Registry,Containers,Build Minutes,francecentral,Usage,121.8958,1 Unit,3.9205,USD
2026-06-15,00000000-0000-0000-0000-000000000011,sub-management,rg-monitoring-prod-003,/subscriptions/00000000-0000-0000-0000-000000000011/resourceGroups/rg-monitoring-prod-003/providers/Microsoft.Web/sites/res01349,res01349,Azure App Service,Compute,P1v3,westeurope,Usage,217.4882,1 GB/Month,11.6678,USD
2026-06-15,00000000-0000-0000-0000-000000000006,sub-network-hub,rg-data-prod-004,/subscriptions/00000000-0000-0000-0000-000000000006/resourceGroups/rg-data-prod-004/providers/Microsoft.Storage/storageAccounts/res01782,res01782,Storage,Storage,Standard Page Blob,germanywestcentral,Usage,154.7276,1 GB/Month,40.3243,USD
2026-06-15,00000000-0000-0000-0000-000000000006,sub-network-hub,rg-network-hub-003,/subscriptions/00000000-0000-0000-0000-000000000006/resourceGroups/rg-network-hub-003/providers/Microsoft.Insights/components/res01833,res01833,Azure Monitor,Management and Governance,Application Insights,northeurope,Usage,151.8367,1M Operations,22.7262,USD
2026-06-15,00000000-0000-0000-0000-000000000006,sub-network-hub,rg-app-prod-001,/subscriptions/00000000-0000-0000-0000-000000000006/resourceGroups/rg-credits-001/providers/Microsoft.Billing/adjustments/res02016,credit-02016,Refund,Refund,Service Credit,global,Refund,1,1 Unit,-10.6281,USD
2026-06-15,00000000-0000-0000-0000-000000000009,sub-apps-corp,rg-identity-corp-004,/subscriptions/00000000-0000-0000-0000-000000000009/resourceGroups/rg-identity-corp-004/providers/Microsoft.Network/ddosProtectionPlans/res00731,res00731,Azure DDoS Protection,Networking,Protection Plan,uksouth,Usage,158.1036,100 Hours,32.6918,USD
2026-06-15,00000000-0000-0000-0000-000000000009,sub-apps-corp,rg-compute-corp-002,/subscriptions/00000000-0000-0000-0000-000000000009/resourceGroups/rg-compute-corp-002/providers/Microsoft.ServiceBus/namespaces/res01757,res01757,Service Bus,Integration,Operations,northeurope,Usage,45.6363,10 GB,21.2044,USD
2026-06-15,00000000-0000-0000-0000-000000000006,sub-network-hub,rg-backup-hub-004,/subscriptions/00000000-0000-0000-0000-000000000006/resourceGroups/rg-backup-hub-004/providers/Microsoft.Network/virtualNetworks/res00576,res00576,Virtual Network,Networking,Data Transfer Out,northeurope,Usage,12.7792,10 GB,2.1889,USD
2026-06-15,00000000-0000-0000-0000-000000000005,sub-data-dev,rg-reservations-001,/subscriptions/00000000-0000-0000-0000-000000000005/resourceGroups/rg-reservations-001/providers/Microsoft.Capacity/reservationOrders/res02004,reserved-02004,Reservations,Reservations,Standard_D4s_v5 Reserved,francecentral,Purchase,1,1 Unit,608.7834,USD
2026-06-15,00000000-0000-0000-0000-000000000012,sub-sandbox,rg-data-test-003,/subscriptions/00000000-0000-0000-0000-000000000012/resourceGroups/rg-data-test-003/providers/Microsoft.Network/ddosProtectionPlans/res00158,res00158,Azure DDoS Protection,Networking,Protection Plan,westeurope,Usage,154.9184,1 GB/Month,51.1337,USD
2026-06-15,00000000-0000-0000-0000-000000000011,sub-management,rg-shared-dev-003,/subscriptions/00000000-0000-0000-0000-000000000011/resourceGroups/rg-shared-dev-003/providers/Microsoft.Network/bandwidth/res01800,res01800,Bandwidth,Networking,Data Transfer Out - Zone 1,germanywestcentral,Usage,69.26,1 Unit,29.286,USD
2026-06-15,00000000-0000-0000-0000-000000000008,sub-apps-online,rg-compute-test-001,/subscriptions/00000000-0000-0000-0000-000000000008/resourceGroups/rg-compute-test-001/providers/Microsoft.Web/sites/res00479,res00479,Azure Functions,Compute,Total Executions,northeurope,Usage,39.4971,1 GB/Month,6.9033,USD
2026-06-15,00000000-0000-0000-0000-000000000003,sub-platform-test,rg-security-corp-001,/subscriptions/00000000-0000-0000-0000-000000000003/resourceGroups/rg-security-corp-001/providers/Microsoft.Storage/storageAccounts/res01196,res01196,Storage,Storage,Standard Page Blob,uksouth,Usage,66.6417,1 GB/Month,21.1683,USD
2026-06-15,00000000-0000-0000-0000-000000000011,sub-management,rg-shared-dev-001,/subscriptions/00000000-0000-0000-0000-000000000011/resourceGroups/rg-shared-dev-001/providers/Microsoft.Databricks/workspaces/res00519,res00519,Azure Databricks,Analytics,Standard DBU,germanywestcentral,Usage,96.1349,1 Unit,64.6134,USD
2026-06-15,00000000-0000-0000-0000-000000000001,sub-platform-prod,rg-monitoring-test-004,/subscriptions/00000000-0000-0000-0000-000000000001/resourceGroups/rg-monitoring-test-004/providers/Microsoft.Network/loadBalancers/res00700,res00700,Load Balancer,Networking,Standard Rules,francecentral,Usage,161.6339,1 GB/Month,9.1411,USD
2026-06-15,00000000-0000-0000-0000-000000000012,sub-sandbox,rg-network-dev-003,/subscriptions/00000000-0000-0000-0000-000000000012/resourceGroups/rg-network-dev-003/providers/Microsoft.Sql/servers/databases/res00473,res00473,Azure SQL Database,Databases,General Purpose,uksouth,Usage,200.9815,1 Hour,137.569,USD
2026-06-15,00000000-0000-0000-0000-000000000009,sub-apps-corp,rg-compute-hub-001,/subscriptions/00000000-0000-0000-0000-000000000009/resourceGroups/rg-compute-hub-001/providers/Microsoft.Network/ddosProtectionPlans/res00492,res00492,Azure DDoS Protection,Networking,Protection Plan,uksouth,Usage,14.2968,10 GB,48.5781,USD
2026-06-15,00000000-0000-0000-0000-000000000008,sub-apps-online,rg-shared-prod-004,/subscriptions/00000000-0000-0000-0000-000000000008/resourceGroups/rg-shared-prod-004/providers/Microsoft.ContainerRegistry/registries/res00929,res00929,Container Registry,Containers,Premium Registry,swedencentral,Usage,153.436,1 GB,14.4098,USD
2026-06-15,00000000-0000-0000-0000-000000000001,sub-platform-prod,rg-shared-prod-002,/subscriptions/00000000-0000-0000-0000-000000000001/resourceGroups/rg-shared-prod-002/providers/Microsoft.Sql/servers/databases/res01700,res01700,Azure SQL Database,Databases,Business Critical,northeurope,Usage,83.4155,1 GB,20.0648,USD
2026-06-15,00000000-0000-0000-0000-000000000002,sub-platform-dev,rg-data-prod-003,/subscriptions/00000000-0000-0000-0000-000000000002/resourceGroups/rg-data-prod-003/providers/Microsoft.OperationalInsights/workspaces/res01806,res01806,Log Analytics,Management and Governance,Data Retention,francecentral,Usage,111.2482,1 Unit,64.7466,USD
2026-06-15,00000000-0000-0000-0000-000000000011,sub-management,rg-data-corp-003,/subscriptions/00000000-0000-0000-0000-000000000011/resourceGroups/rg-data-corp-003/providers/Microsoft.Network/loadBalancers/res01395,res01395,Load Balancer,Networking,Standard Rules,swedencentral,Usage,88.8468,1M Operations,7.2162,USD
2026-06-15,00000000-0000-0000-0000-000000000007,sub-network-spoke,rg-security-test-001,/subscriptions/00000000-0000-0000-0000-000000000007/resourceGroups/rg-security-test-001/providers/Microsoft.Network/ddosProtectionPlans/res00643,res00643,Azure DDoS Protection,Networking,Data Processed,germanywestcentral,Usage,113.2324,1 GB,45.0724,USD
2026-06-15,00000000-0000-0000-0000-000000000007,sub-network-spoke,rg-backup-hub-002,/subscriptions/00000000-0000-0000-0000-000000000007/resourceGroups/rg-backup-hub-002/providers/Microsoft.Network/applicationGateways/res01811,res01811,Application Gateway,Networking,Capacity Unit,swedencentral,Usage,42.9068,1 GB,34.5814,USD
2026-06-15,00000000-0000-0000-0000-000000000010,sub-identity,rg-shared-hub-003,/subscriptions/00000000-0000-0000-0000-000000000010/resourceGroups/rg-shared-hub-003/providers/Microsoft.ContainerService/managedClusters/res00072,res00072,Azure Kubernetes Service,Compute,Load Balancer,westeurope,Usage,134.9341,1 GB,9.0112,USD
2026-06-15,00000000-0000-0000-0000-000000000004,sub-data-prod,rg-identity-test-004,/subscriptions/00000000-0000-0000-0000-000000000004/resourceGroups/rg-identity-test-004/providers/Microsoft.Databricks/workspaces/res00044,res00044,Azure Databricks,Analytics,Jobs Compute DBU,uksouth,Usage,189.2921,1M Operations,62.1469,USD
2026-06-15,00000000-0000-0000-0000-000000000006,sub-network-hub,rg-identity-test-001,/subscriptions/00000000-0000-0000-0000-000000000006/resourceGroups/rg-identity-test-001/providers/Microsoft.Sql/servers/databases/res01271,res01271,Azure SQL Database,Databases,General Purpose,northeurope,Usage,54.6587,1 Unit,28.5981,USD
2026-06-15,00000000-0000-0000-0000-000000000003,sub-platform-test,rg-backup-corp-003,/subscriptions/00000000-0000-0000-0000-000000000003/resourceGroups/rg-backup-corp-003/providers/Microsoft.Network/virtualNetworks/res01709,res01709,Virtual Network,Networking,Data Transfer Out,northeurope,Usage,147.6353,1 GB,9.7131,USD
2026-06-15,00000000-0000-0000-0000-000000000004,sub-data-prod,rg-compute-prod-002,/subscriptions/00000000-0000-0000-0000-000000000004/resourceGroups/rg-compute-prod-002/providers/Microsoft.KeyVault/vaults/res00534,res00534,Key Vault,Security,Operations,global,Usage,44.0623,100 Hours,4.9002,USD
2026-06-15,00000000-0000-0000-0000-000000000011,sub-management,rg-backup-corp-001,/subscriptions/00000000-0000-0000-0000-000000000011/resourceGroups/rg-backup-corp-001/providers/Microsoft.Network/bandwidth/res01285,res01285,Bandwidth,Networking,Data Transfer Out - Zone 1,westeurope,Usage,44.105,1 Hour,12.9476,USD
2026-06-15,00000000-0000-0000-0000-000000000004,sub-data-prod,rg-backup-dev-002,/subscriptions/00000000-0000-0000-0000-000000000004/resourceGroups/rg-backup-dev-002/providers/Microsoft.Network/ddosProtectionPlans/res00419,res00419,Azure DDoS Protection,Networking,Data Processed,swedencentral,Usage,231.6229,1 GB/Month,45.012,USD
2026-06-15,00000000-0000-0000-0000-000000000002,sub-platform-dev,rg-monitoring-corp-002,/subscriptions/00000000-0000-0000-0000-000000000002/resourceGroups/rg-monitoring-corp-002/providers/Microsoft.Network/azureFirewalls/res01901,res01901,Azure Firewall,Networking,Deployment Hours,francecentral,Usage,168.4887,100 Hours,37.829,USD
2026-06-15,00000000-0000-0000-0000-000000000002,sub-platform-dev,rg-identity-hub-001,/subscriptions/00000000-0000-0000-0000-000000000002/resourceGroups/rg-identity-hub-001/providers/Microsoft.RecoveryServices/vaults/res00527,res00527,Azure Backup,Storage,Backup Storage LRS,global,Usage,205.3701,1 GB,12.5449,USD
2026-06-15,00000000-0000-0000-0000-000000000009,sub-apps-corp,rg-shared-prod-002,/subscriptions/00000000-0000-0000-0000-000000000009/resourceGroups/rg-shared-prod-002/providers/Microsoft.Storage/storageAccounts/res01305,res01305,Storage,Storage,Standard Page Blob,westeurope,Usage,117.44,1 GB/Month,31.0073,USD
2026-06-15,00000000-0000-0000-0000-000000000006,sub-network-hub,rg-backup-corp-002,/subscriptions/00000000-0000-0000-0000-000000000006/resourceGroups/rg-backup-corp-002/providers/Microsoft.RecoveryServices/vaults/res00830,res00830,Azure Backup,Storage,Backup Storage LRS,swedencentral,Usage,5.6061,1 Hour,16.3812,USD
2026-06-15,00000000-0000-0000-0000-000000000006,sub-network-hub,rg-network-test-004,/subscriptions/00000000-0000-0000-0000-000000000006/resourceGroups/rg-network-test-004/providers/Microsoft.RecoveryServices/vaults/res01436,res01436,Azure Backup,Storage,Protected Instances,northeurope,Usage,96.7369,10 GB,13.9909,USD
2026-06-15,00000000-0000-0000-0000-000000000005,sub-data-dev,rg-app-dev-001,/subscriptions/00000000-0000-0000-0000-000000000005/resourceGroups/rg-app-dev-001/providers/Microsoft.Network/loadBalancers/res00742,res00742,Load Balancer,Networking,Data Processed,northeurope,Usage,112.3122,10 GB,1.0898,USD
2026-06-15,00000000-0000-0000-0000-000000000012,sub-sandbox,rg-app-test-004,/subscriptions/00000000-0000-0000-0000-000000000012/resourceGroups/rg-app-test-004/providers/Microsoft.EventHub/namespaces/res00412,res00412,Event Hubs,Analytics,Capture,germanywestcentral,Usage,44.2333,10 GB,5.9094,USD
2026-06-15,00000000-0000-0000-0000-000000000001,sub-platform-prod,rg-network-dev-003,/subscriptions/00000000-0000-0000-0000-000000000001/resourceGroups/rg-network-dev-003/providers/Microsoft.Sql/servers/databases/res00612,res00612,Azure SQL Database,Databases,General Purpose,global,Usage,146.6316,1M Operations,94.0529,USD
2026-06-15,00000000-0000-0000-0000-000000000006,sub-network-hub,rg-app-hub-003,/subscriptions/00000000-0000-0000-0000-000000000006/resourceGroups/rg-app-hub-003/providers/Microsoft.DocumentDB/databaseAccounts/res01473,res01473,Azure Cosmos DB,Databases,Serverless,global,Usage,66.6947,1 GB,24.0591,USD
2026-06-15,00000000-0000-0000-0000-000000000010,sub-identity,rg-app-test-002,/subscriptions/00000000-0000-0000-0000-000000000010/resourceGroups/rg-app-test-002/providers/Microsoft.RecoveryServices/vaults/res01648,res01648,Azure Backup,Storage,Protected Instances,francecentral,Usage,85.3696,10 GB,6.9725,USD
2026-06-15,00000000-0000-0000-0000-000000000010,sub-identity,rg-monitoring-prod-001,/subscriptions/00000000-0000-0000-0000-000000000010/resourceGroups/rg-monitoring-prod-001/providers/Microsoft.Databricks/workspaces/res01472,res01472,Azure Databricks,Analytics,Standard DBU,global,Usage,93.5644,1M Operations,64.4708,USD
2026-06-15,00000000-0000-0000-0000-000000000002,sub-platform-dev,rg-monitoring-dev-003,/subscriptions/00000000-0000-0000-0000-000000000002/resourceGroups/rg-monitoring-dev-003/providers/Microsoft.KeyVault/vaults/res01112,res01112,Key Vault,Security,Operations,swedencentral,Usage,36.2461,1 GB/Month,0.3348,USD
2026-06-15,00000000-0000-0000-0000-000000000007,sub-network-spoke,rg-network-test-001,/subscriptions/00000000-0000-0000-0000-000000000007/resourceGroups/rg-network-test-001/providers/Microsoft.EventHub/namespaces/res00917,res00917,Event Hubs,Analytics,Capture,swedencentral,Usage,187.1678,1 GB/Month,16.5094,USD
2026-06-15,00000000-0000-0000-0000-000000000006,sub-network-hub,rg-monitoring-prod-001,/subscriptions/00000000-0000-0000-0000-000000000006/resourceGroups/rg-monitoring-prod-001/providers/Microsoft.ContainerRegistry/registries/res01375,res01375,Container Registry,Containers,Premium Registry,germanywestcentral,Usage,228.5444,100 Hours,15.5974,USD
2026-06-15,00000000-0000-0000-0000-000000000006,sub-network-hub,rg-compute-hub-004,/subscriptions/00000000-0000-0000-0000-000000000006/resourceGroups/rg-compute-hub-004/providers/Microsoft.Network/ddosProtectionPlans/res01109,res01109,Azure DDoS Protection,Networking,Protection Plan,germanywestcentral,Usage,117.0555,1 Unit,34.1731,USD
2026-06-15,00000000-0000-0000-0000-000000000009,sub-apps-corp,rg-app-prod-001,/subscriptions/00000000-0000-0000-0000-000000000009/resourceGroups/rg-app-prod-001/providers/Microsoft.Network/loadBalancers/res00960,res00960,Load Balancer,Networking,Standard Rules,swedencentral,Usage,239.2847,1M Operations,5.9111,USD
2026-06-15,00000000-0000-0000-0000-000000000009,sub-apps-corp,rg-identity-prod-003,/subscriptions/00000000-0000-0000-0000-000000000009/resourceGroups/rg-identity-prod-003/providers/Microsoft.Web/sites/res01900,res01900,Azure App Service,Compute,P1v3,global,Usage,108.6187,10 GB,1.845,USD
2026-06-15,00000000-0000-0000-0000-000000000001,sub-platform-prod,rg-app-dev-004,/subscriptions/00000000-0000-0000-0000-000000000001/resourceGroups/rg-app-dev-004/providers/Microsoft.Storage/storageAccounts/res00505,res00505,Storage,Storage,Standard Page Blob,uksouth,Usage,173.9198,100 Hours,60.7919,USD
2026-06-15,00000000-0000-0000-0000-000000000011,sub-management,rg-compute-corp-003,/subscriptions/00000000-0000-0000-0000-000000000011/resourceGroups/rg-compute-corp-003/providers/Microsoft.Network/loadBalancers/res01713,res01713,Load Balancer,Networking,Data Processed,uksouth,Usage,124.1446,10 GB,17.2513,USD
2026-06-15,00000000-0000-0000-0000-000000000001,sub-platform-prod,rg-identity-dev-001,/subscriptions/00000000-0000-0000-0000-000000000001/resourceGroups/rg-identity-dev-001/providers/Microsoft.Web/sites/res00195,res00195,Azure Functions,Compute,Total Executions,germanywestcentral,Usage,29.831,1 GB,11.5138,USD
2026-06-15,00000000-0000-0000-0000-000000000011,sub-management,rg-security-prod-003,/subscriptions/00000000-0000-0000-0000-000000000011/resourceGroups/rg-security-prod-003/providers/Microsoft.ContainerRegistry/registries/res01611,res01611,Container Registry,Containers,Storage,uksouth,Usage,29.5965,10 GB,20.2539,USD
2026-06-15,00000000-0000-0000-0000-000000000006,sub-network-hub,rg-identity-test-002,/subscriptions/00000000-0000-0000-0000-000000000006/resourceGroups/rg-identity-test-002/providers/Microsoft.Sql/servers/databases/res00860,res00860,Azure SQL Database,Databases,vCore Gen5,francecentral,Usage,236.3821,100 Hours,31.1665,USD
2026-06-15,00000000-0000-0000-0000-000000000012,sub-sandbox,rg-compute-hub-002,/subscriptions/00000000-0000-0000-0000-000000000012/resourceGroups/rg-compute-hub-002/providers/Microsoft.DocumentDB/databaseAccounts/res00291,res00291,Azure Cosmos DB,Databases,Serverless,westeurope,Usage,75.4108,1 Unit,22.2063,USD
2026-06-15,00000000-0000-0000-0000-000000000001,sub-platform-prod,rg-compute-prod-001,/subscriptions/00000000-0000-0000-0000-000000000001/resourceGroups/rg-compute-prod-001/providers/Microsoft.KeyVault/vaults/res00348,res00348,Key Vault,Security,HSM Protected Keys,global,Usage,145.2074,1 Hour,1.764,USD
2026-06-15,00000000-0000-0000-0000-000000000003,sub-platform-test,rg-identity-test-002,/subscriptions/00000000-0000-0000-0000-000000000003/resourceGroups/rg-identity-test-002/providers/Microsoft.Storage/storageAccounts/res00509,res00509,Storage,Storage,General Block Blob,swedencentral,Usage,168.0926,10 GB,44.8193,USD
2026-06-15,00000000-0000-0000-0000-000000000002,sub-platform-dev,rg-backup-hub-004,/subscriptions/00000000-0000-0000-0000-000000000002/resourceGroups/rg-backup-hub-004/providers/Microsoft.DocumentDB/databaseAccounts/res01033,res01033,Azure Cosmos DB,Databases,Storage,westeurope,Usage,21.2708,1 Hour,26.9863,USD
2026-06-15,00000000-0000-0000-0000-000000000005,sub-data-dev,rg-security-hub-004,/subscriptions/00000000-0000-0000-0000-000000000005/resourceGroups/rg-security-hub-004/providers/Microsoft.Security/pricings/res00220,res00220,Microsoft Defender for Cloud,Security,Defender for Servers P2,global,Usage,41.4274,1M Operations,18.8446,USD
2026-06-15,00000000-0000-0000-0000-000000000002,sub-platform-dev,rg-network-corp-003,/subscriptions/00000000-0000-0000-0000-000000000002/resourceGroups/rg-network-corp-003/providers/Microsoft.Web/sites/res00800,res00800,Azure App Service,Compute,P2v3,global,Usage,59.2111,100 Hours,35.9773,USD
2026-06-15,00000000-0000-0000-0000-000000000008,sub-apps-online,rg-app-test-001,/subscriptions/00000000-0000-0000-0000-000000000008/resourceGroups/rg-app-test-001/providers/Microsoft.ContainerService/managedClusters/res01869,res01869,Azure Kubernetes Service,Compute,Standard Tier,germanywestcentral,Usage,178.1734,1 Hour,33.2175,USD
2026-06-15,00000000-0000-0000-0000-000000000011,sub-management,rg-monitoring-hub-004,/subscriptions/00000000-0000-0000-0000-000000000011/resourceGroups/rg-monitoring-hub-004/providers/Microsoft.ContainerService/managedClusters/res01810,res01810,Azure Kubernetes Service,Compute,Uptime SLA,swedencentral,Usage,66.8274,10 GB,45.5151,USD
2026-06-15,00000000-0000-0000-0000-000000000002,sub-platform-dev,rg-network-test-003,/subscriptions/00000000-0000-0000-0000-000000000002/resourceGroups/rg-network-test-003/providers/Microsoft.Web/sites/res01162,res01162,Azure Functions,Compute,Total Executions,westeurope,Usage,43.0093,1M Operations,8.5539,USD
2026-06-15,00000000-0000-0000-0000-000000000006,sub-network-hub,rg-shared-hub-001,/subscriptions/00000000-0000-0000-0000-000000000006/resourceGroups/rg-shared-hub-001/providers/Microsoft.ServiceBus/namespaces/res00494,res00494,Service Bus,Integration,Premium Messaging Unit,germanywestcentral,Usage,46.7179,100 Hours,15.2799,USD
2026-06-15,00000000-0000-0000-0000-000000000004,sub-data-prod,rg-shared-dev-002,/subscriptions/00000000-0000-0000-0000-000000000004/resourceGroups/rg-shared-dev-002/providers/Microsoft.ContainerRegistry/registries/res01746,res01746,Container Registry,Containers,Premium Registry,global,Usage,76.2117,1 GB/Month,17.719,USD
2026-06-15,00000000-0000-0000-0000-000000000010,sub-identity,rg-backup-prod-002,/subscriptions/00000000-0000-0000-0000-000000000010/resourceGroups/rg-backup-prod-002/providers/Microsoft.Sql/managedInstances/res01336,res01336,Azure SQL Managed Instance,Databases,vCore GP,westeurope,Usage,119.566,1M Operations,102.921,USD
2026-06-15,00000000-0000-0000-0000-000000000008,sub-apps-online,rg-data-dev-004,/subscriptions/00000000-0000-0000-0000-000000000008/resourceGroups/rg-data-dev-004/providers/Microsoft.OperationalInsights/workspaces/res01356,res01356,Log Analytics,Management and Governance,Data Retention,westeurope,Usage,137.3203,100 Hours,23.2787,USD
2026-06-15,00000000-0000-0000-0000-000000000001,sub-platform-prod,rg-network-prod-002,/subscriptions/00000000-0000-0000-0000-000000000001/resourceGroups/rg-network-prod-002/providers/Microsoft.ServiceBus/namespaces/res01062,res01062,Service Bus,Integration,Operations,germanywestcentral,Usage,27.6435,1 GB/Month,14.6869,USD
2026-06-15,00000000-0000-0000-0000-000000000003,sub-platform-test,rg-compute-prod-004,/subscriptions/00000000-0000-0000-0000-000000000003/resourceGroups/rg-compute-prod-004/providers/Microsoft.Network/applicationGateways/res01489,res01489,Application Gateway,Networking,Capacity Unit,francecentral,Usage,169.0517,100 Hours,27.7397,USD
2026-06-15,00000000-0000-0000-0000-000000000005,sub-data-dev,rg-security-hub-003,/subscriptions/00000000-0000-0000-0000-000000000005/resourceGroups/rg-security-hub-003/providers/Microsoft.Network/virtualNetworks/res00204,res00204,Virtual Network,Networking,Data Transfer Out,global,Usage,147.4356,1 GB,10.6086,USD
2026-06-15,00000000-0000-0000-0000-000000000012,sub-sandbox,rg-identity-prod-004,/subscriptions/00000000-0000-0000-0000-000000000012/resourceGroups/rg-identity-prod-004/providers/Microsoft.Network/azureFirewalls/res01912,res01912,Azure Firewall,Networking,Deployment Hours,swedencentral,Usage,68.4446,1 GB/Month,43.448,USD
2026-06-15,00000000-0000-0000-0000-000000000006,sub-network-hub,rg-compute-corp-003,/subscriptions/00000000-0000-0000-0000-000000000006/resourceGroups/rg-compute-corp-003/providers/Microsoft.Network/virtualNetworks/res01585,res01585,Virtual Network,Networking,Data Transfer Out,francecentral,Usage,196.3798,1M Operations,10.8331,USD
2026-06-15,00000000-0000-0000-0000-000000000005,sub-data-dev,rg-compute-hub-001,/subscriptions/00000000-0000-0000-0000-000000000005/resourceGroups/rg-compute-hub-001/providers/Microsoft.ContainerRegistry/registries/res01035,res01035,Container Registry,Containers,Storage,francecentral,Usage,38.2886,1 GB,24.9617,USD
2026-06-15,00000000-0000-0000-0000-000000000001,sub-platform-prod,rg-shared-corp-001,/subscriptions/00000000-0000-0000-0000-000000000001/resourceGroups/rg-shared-corp-001/providers/Microsoft.Security/pricings/res01273,res01273,Microsoft Defender for Cloud,Security,Defender for Servers P2,northeurope,Usage,113.3226,1 Hour,28.4998,USD
2026-06-15,00000000-0000-0000-0000-000000000005,sub-data-dev,rg-data-dev-002,/subscriptions/00000000-0000-0000-0000-000000000005/resourceGroups/rg-data-dev-002/providers/Microsoft.Web/sites/res01400,res01400,Azure App Service,Compute,S1,uksouth,Usage,105.2033,1 Unit,4.2194,USD
2026-06-15,00000000-0000-0000-0000-000000000001,sub-platform-prod,rg-data-hub-004,/subscriptions/00000000-0000-0000-0000-000000000001/resourceGroups/rg-data-hub-004/providers/Microsoft.KeyVault/vaults/res01701,res01701,Key Vault,Security,Operations,francecentral,Usage,35.2236,1 Unit,2.6669,USD
2026-06-15,00000000-0000-0000-0000-000000000001,sub-platform-prod,rg-monitoring-test-004,/subscriptions/00000000-0000-0000-0000-000000000001/resourceGroups/rg-monitoring-test-004/providers/Microsoft.EventHub/namespaces/res00902,res00902,Event Hubs,Analytics,Capture,francecentral,Usage,24.1246,1 GB,22.4266,USD
2026-06-15,00000000-0000-0000-0000-000000000003,sub-platform-test,rg-network-prod-004,/subscriptions/00000000-0000-0000-0000-000000000003/resourceGroups/rg-network-prod-004/providers/Microsoft.ContainerRegistry/registries/res01994,res01994,Container Registry,Containers,Premium Registry,northeurope,Usage,211.4318,1M Operations,11.7087,USD
2026-06-15,00000000-0000-0000-0000-000000000004,sub-data-prod,rg-data-hub-001,/subscriptions/00000000-0000-0000-0000-000000000004/resourceGroups/rg-data-hub-001/providers/Microsoft.Network/virtualNetworks/res01026,res01026,Virtual Network,Networking,VNet Peering,northeurope,Usage,196.0148,10 GB,4.1061,USD
2026-06-15,00000000-0000-0000-0000-000000000006,sub-network-hub,rg-monitoring-hub-002,/subscriptions/00000000-0000-0000-0000-000000000006/resourceGroups/rg-monitoring-hub-002/providers/Microsoft.Network/virtualNetworks/res01598,res01598,Virtual Network,Networking,Data Transfer Out,germanywestcentral,Usage,83.1282,100 Hours,5.063,USD
2026-06-15,00000000-0000-0000-0000-000000000004,sub-data-prod,rg-security-corp-003,/subscriptions/00000000-0000-0000-0000-000000000004/resourceGroups/rg-security-corp-003/providers/Microsoft.Compute/virtualMachines/res01483,res01483,Virtual Machines,Compute,Standard_E4s_v5,global,Usage,185.3296,100 Hours,7.4289,USD
2026-06-15,00000000-0000-0000-0000-000000000009,sub-apps-corp,rg-backup-test-001,/subscriptions/00000000-0000-0000-0000-000000000009/resourceGroups/rg-backup-test-001/providers/Microsoft.Security/pricings/res01916,res01916,Microsoft Defender for Cloud,Security,Defender for Storage,global,Usage,188.2537,10 GB,41.4481,USD
2026-06-15,00000000-0000-0000-0000-000000000011,sub-management,rg-shared-corp-001,/subscriptions/00000000-0000-0000-0000-000000000011/resourceGroups/rg-shared-corp-001/providers/Microsoft.Sql/managedInstances/res01685,res01685,Azure SQL Managed Instance,Databases,vCore GP,germanywestcentral,Usage,179.7015,10 GB,168.1936,USD
2026-06-15,00000000-0000-0000-0000-000000000011,sub-management,rg-shared-corp-001,/subscriptions/00000000-0000-0000-0000-000000000011/resourceGroups/rg-shared-corp-001/providers/Microsoft.DocumentDB/databaseAccounts/res00055,res00055,Azure Cosmos DB,Databases,RU/s Provisioned,uksouth,Usage,194.0397,1 GB,92.7909,USD
2026-06-15,00000000-0000-0000-0000-000000000009,sub-apps-corp,rg-network-dev-002,/subscriptions/00000000-0000-0000-0000-000000000009/resourceGroups/rg-network-dev-002/providers/Microsoft.RecoveryServices/vaults/res01612,res01612,Azure Backup,Storage,Protected Instances,northeurope,Usage,144.6226,1 Hour,5.6037,USD
2026-06-15,00000000-0000-0000-0000-000000000009,sub-apps-corp,rg-monitoring-dev-003,/subscriptions/00000000-0000-0000-0000-000000000009/resourceGroups/rg-monitoring-dev-003/providers/Microsoft.Network/loadBalancers/res01897,res01897,Load Balancer,Networking,Data Processed,uksouth,Usage,180.5541,10 GB,2.7118,USD
2026-06-15,00000000-0000-0000-0000-000000000005,sub-data-dev,rg-app-corp-002,/subscriptions/00000000-0000-0000-0000-000000000005/resourceGroups/rg-app-corp-002/providers/Microsoft.Network/azureFirewalls/res01381,res01381,Azure Firewall,Networking,Data Processed,global,Usage,51.3547,10 GB,24.1506,USD
2026-06-15,00000000-0000-0000-0000-000000000011,sub-management,rg-app-test-002,/subscriptions/00000000-0000-0000-0000-000000000011/resourceGroups/rg-app-test-002/providers/Microsoft.Network/applicationGateways/res01144,res01144,Application Gateway,Networking,Capacity Unit,uksouth,Usage,122.5769,1 GB/Month,41.1147,USD
2026-06-15,00000000-0000-0000-0000-000000000004,sub-data-prod,rg-security-test-002,/subscriptions/00000000-0000-0000-0000-000000000004/resourceGroups/rg-security-test-002/providers/Microsoft.ContainerService/managedClusters/res01101,res01101,Azure Kubernetes Service,Compute,Load Balancer,francecentral,Usage,7.2872,1M Operations,28.7176,USD
2026-06-15,00000000-0000-0000-0000-000000000001,sub-platform-prod,rg-security-prod-002,/subscriptions/00000000-0000-0000-0000-000000000001/resourceGroups/rg-security-prod-002/providers/Microsoft.Sql/managedInstances/res01376,res01376,Azure SQL Managed Instance,Databases,vCore GP,germanywestcentral,Usage,101.3577,1 GB,86.6968,USD
2026-06-15,00000000-0000-0000-0000-000000000010,sub-identity,rg-app-test-004,/subscriptions/00000000-0000-0000-0000-000000000010/resourceGroups/rg-app-test-004/providers/Microsoft.Network/virtualNetworks/res00827,res00827,Virtual Network,Networking,VNet Peering,uksouth,Usage,2.8079,1 GB,2.5792,USD
2026-06-15,00000000-0000-0000-0000-000000000008,sub-apps-online,rg-shared-test-001,/subscriptions/00000000-0000-0000-0000-000000000008/resourceGroups/rg-shared-test-001/providers/Microsoft.Sql/managedInstances/res01647,res01647,Azure SQL Managed Instance,Databases,vCore BC,francecentral,Usage,37.4301,1 Hour,100.9156,USD
2026-06-15,00000000-0000-0000-0000-000000000010,sub-identity,rg-app-prod-002,/subscriptions/00000000-0000-0000-0000-000000000010/resourceGroups/rg-app-prod-002/providers/Microsoft.Web/sites/res01009,res01009,Azure App Service,Compute,I1v2,francecentral,Usage,224.5188,1 Hour,30.2508,USD
2026-06-15,00000000-0000-0000-0000-000000000001,sub-platform-prod,rg-monitoring-dev-001,/subscriptions/00000000-0000-0000-0000-000000000001/resourceGroups/rg-monitoring-dev-001/providers/Microsoft.ContainerRegistry/registries/res00941,res00941,Container Registry,Containers,Build Minutes,francecentral,Usage,183.7978,1M Operations,20.8801,USD
2026-06-15,00000000-0000-0000-0000-000000000006,sub-network-hub,rg-app-dev-003,/subscriptions/00000000-0000-0000-0000-000000000006/resourceGroups/rg-app-dev-003/providers/Microsoft.Security/pricings/res01590,res01590,Microsoft Defender for Cloud,Security,Defender for Servers P2,francecentral,Usage,25.8624,10 GB,45.3871,USD
2026-06-15,00000000-0000-0000-0000-000000000009,sub-apps-corp,rg-backup-prod-003,/subscriptions/00000000-0000-0000-0000-000000000009/resourceGroups/rg-backup-prod-003/providers/Microsoft.Sql/servers/databases/res00990,res00990,Azure SQL Database,Databases,General Purpose,northeurope,Usage,155.3459,1 GB,116.9209,USD
2026-06-15,00000000-0000-0000-0000-000000000012,sub-sandbox,rg-monitoring-prod-002,/subscriptions/00000000-0000-0000-0000-000000000012/resourceGroups/rg-monitoring-prod-002/providers/Microsoft.Insights/components/res01401,res01401,Azure Monitor,Management and Governance,Alerts,swedencentral,Usage,8.777,1M Operations,2.6432,USD
2026-06-15,00000000-0000-0000-0000-000000000006,sub-network-hub,rg-identity-dev-002,/subscriptions/00000000-0000-0000-0000-000000000006/resourceGroups/rg-identity-dev-002/providers/Microsoft.Sql/servers/databases/res00499,res00499,Azure SQL Database,Databases,vCore Gen5,westeurope,Usage,31.6412,10 GB,8.5707,USD
2026-06-15,00000000-0000-0000-0000-000000000005,sub-data-dev,rg-compute-test-001,/subscriptions/00000000-0000-0000-0000-000000000005/resourceGroups/rg-compute-test-001/providers/Microsoft.OperationalInsights/workspaces/res01717,res01717,Log Analytics,Management and Governance,Data Ingestion,westeurope,Usage,62.7327,1 GB/Month,29.591,USD
2026-06-15,00000000-0000-0000-0000-000000000004,sub-data-prod,rg-compute-hub-001,/subscriptions/00000000-0000-0000-0000-000000000004/resourceGroups/rg-compute-hub-001/providers/Microsoft.DocumentDB/databaseAccounts/res00324,res00324,Azure Cosmos DB,Databases,RU/s Provisioned,westeurope,Usage,228.0455,1 Hour,12.4318,USD
2026-06-15,00000000-0000-0000-0000-000000000005,sub-data-dev,rg-identity-test-001,/subscriptions/00000000-0000-0000-0000-000000000005/resourceGroups/rg-identity-test-001/providers/Microsoft.ContainerService/managedClusters/res00524,res00524,Azure Kubernetes Service,Compute,Uptime SLA,germanywestcentral,Usage,17.7222,1 GB/Month,12.4595,USD
2026-06-15,00000000-0000-0000-0000-000000000008,sub-apps-online,rg-app-prod-004,/subscriptions/00000000-0000-0000-0000-000000000008/resourceGroups/rg-app-prod-004/providers/Microsoft.Network/loadBalancers/res01081,res01081,Load Balancer,Networking,Data Processed,uksouth,Usage,87.0817,1 Unit,3.8037,USD
2026-06-15,00000000-0000-0000-0000-000000000004,sub-data-prod,rg-security-hub-001,/subscriptions/00000000-0000-0000-0000-000000000004/resourceGroups/rg-security-hub-001/providers/Microsoft.Security/pricings/res00956,res00956,Microsoft Defender for Cloud,Security,Defender for Servers P2,germanywestcentral,Usage,4.2316,1 Hour,24.8106,USD
2026-06-15,00000000-0000-0000-0000-000000000010,sub-identity,rg-security-prod-003,/subscriptions/00000000-0000-0000-0000-000000000010/resourceGroups/rg-security-prod-003/providers/Microsoft.Insights/components/res01904,res01904,Azure Monitor,Management and Governance,Metrics,uksouth,Usage,1.95,1 GB,1.5318,USD
2026-06-15,00000000-0000-0000-0000-000000000011,sub-management,rg-security-prod-002,/subscriptions/00000000-0000-0000-0000-000000000011/resourceGroups/rg-security-prod-002/providers/Microsoft.Network/virtualNetworks/res01051,res01051,Virtual Network,Networking,VNet Peering,westeurope,Usage,147.625,100 Hours,8.8984,USD
2026-06-15,00000000-0000-0000-0000-000000000011,sub-management,rg-shared-dev-002,/subscriptions/00000000-0000-0000-0000-000000000011/resourceGroups/rg-shared-dev-002/providers/Microsoft.OperationalInsights/workspaces/res00060,res00060,Log Analytics,Management and Governance,Basic Logs,uksouth,Usage,70.5033,100 Hours,14.4327,USD
2026-06-15,00000000-0000-0000-0000-000000000003,sub-platform-test,rg-backup-corp-003,/subscriptions/00000000-0000-0000-0000-000000000003/resourceGroups/rg-backup-corp-003/providers/Microsoft.Network/ddosProtectionPlans/res01692,res01692,Azure DDoS Protection,Networking,Data Processed,global,Usage,26.5014,1 GB/Month,57.88,USD
2026-06-15,00000000-0000-0000-0000-000000000001,sub-platform-prod,rg-data-test-002,/subscriptions/00000000-0000-0000-0000-000000000001/resourceGroups/rg-data-test-002/providers/Microsoft.Sql/managedInstances/res00417,res00417,Azure SQL Managed Instance,Databases,vCore BC,westeurope,Usage,22.1454,1 GB/Month,57.2543,USD
2026-06-15,00000000-0000-0000-0000-000000000005,sub-data-dev,rg-security-dev-003,/subscriptions/00000000-0000-0000-0000-000000000005/resourceGroups/rg-security-dev-003/providers/Microsoft.Storage/storageAccounts/res00542,res00542,Storage,Storage,Cool LRS,francecentral,Usage,72.8722,1 GB,84.3289,USD
2026-06-15,00000000-0000-0000-0000-000000000012,sub-sandbox,rg-data-prod-002,/subscriptions/00000000-0000-0000-0000-000000000012/resourceGroups/rg-data-prod-002/providers/Microsoft.Databricks/workspaces/res00657,res00657,Azure Databricks,Analytics,Standard DBU,uksouth,Usage,131.4277,10 GB,24.9371,USD
2026-06-15,00000000-0000-0000-0000-000000000002,sub-platform-dev,rg-data-dev-003,/subscriptions/00000000-0000-0000-0000-000000000002/resourceGroups/rg-data-dev-003/providers/Microsoft.Network/azureFirewalls/res01344,res01344,Azure Firewall,Networking,Data Processed,uksouth,Usage,168.8024,1 Unit,25.0701,USD
2026-06-15,00000000-0000-0000-0000-000000000008,sub-apps-online,rg-network-corp-002,/subscriptions/00000000-0000-0000-0000-000000000008/resourceGroups/rg-network-corp-002/providers/Microsoft.Web/sites/res01777,res01777,Azure Functions,Compute,Execution Time,uksouth,Usage,73.7541,1 GB,1.1287,USD
2026-06-15,00000000-0000-0000-0000-000000000005,sub-data-dev,rg-network-prod-003,/subscriptions/00000000-0000-0000-0000-000000000005/resourceGroups/rg-network-prod-003/providers/Microsoft.Network/ddosProtectionPlans/res00562,res00562,Azure DDoS Protection,Networking,Data Processed,northeurope,Usage,122.2088,1M Operations,70.0082,USD
2026-06-15,00000000-0000-0000-0000-000000000010,sub-identity,rg-app-hub-002,/subscriptions/00000000-0000-0000-0000-000000000010/resourceGroups/rg-app-hub-002/providers/Microsoft.DocumentDB/databaseAccounts/res01588,res01588,Azure Cosmos DB,Databases,Serverless,germanywestcentral,Usage,64.0412,100 Hours,42.7912,USD
2026-06-15,00000000-0000-0000-0000-000000000012,sub-sandbox,rg-compute-dev-003,/subscriptions/00000000-0000-0000-0000-000000000012/resourceGroups/rg-compute-dev-003/providers/Microsoft.Sql/managedInstances/res01633,res01633,Azure SQL Managed Instance,Databases,vCore BC,westeurope,Usage,144.3514,10 GB,133.7945,USD
2026-06-15,00000000-0000-0000-0000-000000000001,sub-platform-prod,rg-identity-prod-003,/subscriptions/00000000-0000-0000-0000-000000000001/resourceGroups/rg-identity-prod-003/providers/Microsoft.ContainerService/managedClusters/res01085,res01085,Azure Kubernetes Service,Compute,Load Balancer,westeurope,Usage,170.1978,10 GB,19.6627,USD
2026-06-15,00000000-0000-0000-0000-000000000006,sub-network-hub,rg-app-prod-001,/subscriptions/00000000-0000-0000-0000-000000000006/resourceGroups/rg-app-prod-001/providers/Microsoft.Web/sites/res00230,res00230,Azure Functions,Compute,Execution Time,swedencentral,Usage,216.8505,1M Operations,6.1873,USD
2026-06-15,00000000-0000-0000-0000-000000000002,sub-platform-dev,rg-backup-dev-001,/subscriptions/00000000-0000-0000-0000-000000000002/resourceGroups/rg-backup-dev-001/providers/Microsoft.Network/virtualNetworks/res00628,res00628,Virtual Network,Networking,VNet Peering,global,Usage,64.3917,1 Unit,0.5027,USD
2026-06-15,00000000-0000-0000-0000-000000000001,sub-platform-prod,rg-monitoring-test-001,/subscriptions/00000000-0000-0000-0000-000000000001/resourceGroups/rg-monitoring-test-001/providers/Microsoft.Web/sites/res00515,res00515,Azure Functions,Compute,Execution Time,francecentral,Usage,120.57,1 GB/Month,0.1901,USD
2026-06-15,00000000-0000-0000-0000-000000000005,sub-data-dev,rg-shared-dev-003,/subscriptions/00000000-0000-0000-0000-000000000005/resourceGroups/rg-shared-dev-003/providers/Microsoft.Network/applicationGateways/res01233,res01233,Application Gateway,Networking,Capacity Unit,northeurope,Usage,119.6923,100 Hours,18.9557,USD
2026-06-15,00000000-0000-0000-0000-000000000008,sub-apps-online,rg-backup-corp-003,/subscriptions/00000000-0000-0000-0000-000000000008/resourceGroups/rg-backup-corp-003/providers/Microsoft.Network/azureFirewalls/res01903,res01903,Azure Firewall,Networking,Deployment Hours,swedencentral,Usage,102.1622,1 GB,29.8526,USD
2026-06-15,00000000-0000-0000-0000-000000000010,sub-identity,rg-identity-test-002,/subscriptions/00000000-0000-0000-0000-000000000010/resourceGroups/rg-identity-test-002/providers/Microsoft.Databricks/workspaces/res00741,res00741,Azure Databricks,Analytics,Premium DBU,germanywestcentral,Usage,87.1234,1 GB,52.9133,USD
2026-06-15,00000000-0000-0000-0000-000000000009,sub-apps-corp,rg-app-prod-002,/subscriptions/00000000-0000-0000-0000-000000000009/resourceGroups/rg-app-prod-002/providers/Microsoft.Web/sites/res01650,res01650,Azure App Service,Compute,P1v3,swedencentral,Usage,41.5141,1 Unit,22.5946,USD
2026-06-15,00000000-0000-0000-0000-000000000010,sub-identity,rg-backup-test-004,/subscriptions/00000000-0000-0000-0000-000000000010/resourceGroups/rg-backup-test-004/providers/Microsoft.Sql/managedInstances/res00944,res00944,Azure SQL Managed Instance,Databases,vCore GP,francecentral,Usage,73.5398,1 Hour,100.3512,USD
2026-06-15,00000000-0000-0000-0000-000000000012,sub-sandbox,rg-data-dev-004,/subscriptions/00000000-0000-0000-0000-000000000012/resourceGroups/rg-data-dev-004/providers/Microsoft.Network/virtualNetworks/res00993,res00993,Virtual Network,Networking,Data Transfer Out,northeurope,Usage,102.965,10 GB,10.8006,USD
2026-06-15,00000000-0000-0000-0000-000000000012,sub-sandbox,rg-security-dev-002,/subscriptions/00000000-0000-0000-0000-000000000012/resourceGroups/rg-security-dev-002/providers/Microsoft.Databricks/workspaces/res01126,res01126,Azure Databricks,Analytics,Jobs Compute DBU,global,Usage,58.168,1 Unit,112.0048,USD
2026-06-15,00000000-0000-0000-0000-000000000004,sub-data-prod,rg-identity-dev-001,/subscriptions/00000000-0000-0000-0000-000000000004/resourceGroups/rg-identity-dev-001/providers/Microsoft.Web/sites/res01354,res01354,Azure Functions,Compute,Total Executions,northeurope,Usage,232.4244,10 GB,7.9918,USD
2026-06-15,00000000-0000-0000-0000-000000000004,sub-data-prod,rg-app-hub-004,/subscriptions/00000000-0000-0000-0000-000000000004/resourceGroups/rg-app-hub-004/providers/Microsoft.EventHub/namespaces/res00983,res00983,Event Hubs,Analytics,Throughput Unit,francecentral,Usage,41.3343,1 GB/Month,28.6401,USD
2026-06-15,00000000-0000-0000-0000-000000000011,sub-management,rg-backup-prod-004,/subscriptions/00000000-0000-0000-0000-000000000011/resourceGroups/rg-backup-prod-004/providers/Microsoft.ServiceBus/namespaces/res00022,res00022,Service Bus,Integration,Premium Messaging Unit,westeurope,Usage,41.69,1 Unit,18.4752,USD
2026-06-15,00000000-0000-0000-0000-000000000003,sub-platform-test,rg-security-test-003,/subscriptions/00000000-0000-0000-0000-000000000003/resourceGroups/rg-security-test-003/providers/Microsoft.OperationalInsights/workspaces/res01577,res01577,Log Analytics,Management and Governance,Basic Logs,swedencentral,Usage,167.6975,1 GB/Month,58.8541,USD
2026-06-15,00000000-0000-0000-0000-000000000002,sub-platform-dev,rg-identity-dev-004,/subscriptions/00000000-0000-0000-0000-000000000002/resourceGroups/rg-identity-dev-004/providers/Microsoft.Web/sites/res01482,res01482,Azure Functions,Compute,Total Executions,swedencentral,Usage,231.7381,1 Hour,9.3914,USD
2026-06-15,00000000-0000-0000-0000-000000000007,sub-network-spoke,rg-identity-corp-001,/subscriptions/00000000-0000-0000-0000-000000000007/resourceGroups/rg-identity-corp-001/providers/Microsoft.Security/pricings/res01343,res01343,Microsoft Defender for Cloud,Security,Defender for Storage,global,Usage,124.3562,100 Hours,17.6638,USD
2026-06-15,00000000-0000-0000-0000-000000000005,sub-data-dev,rg-app-test-002,/subscriptions/00000000-0000-0000-0000-000000000005/resourceGroups/rg-app-test-002/providers/Microsoft.Storage/storageAccounts/res01353,res01353,Storage,Storage,Cool LRS,global,Usage,218.8032,100 Hours,55.7942,USD
2026-06-15,00000000-0000-0000-0000-000000000010,sub-identity,rg-data-test-002,/subscriptions/00000000-0000-0000-0000-000000000010/resourceGroups/rg-data-test-002/providers/Microsoft.Network/ddosProtectionPlans/res01927,res01927,Azure DDoS Protection,Networking,Data Processed,germanywestcentral,Usage,95.4411,1 GB,59.3257,USD
2026-06-15,00000000-0000-0000-0000-000000000002,sub-platform-dev,rg-network-dev-001,/subscriptions/00000000-0000-0000-0000-000000000002/resourceGroups/rg-network-dev-001/providers/Microsoft.Network/azureFirewalls/res00580,res00580,Azure Firewall,Networking,Deployment Hours,northeurope,Usage,154.0372,1 Unit,52.2117,USD
2026-06-15,00000000-0000-0000-0000-000000000010,sub-identity,rg-monitoring-prod-004,/subscriptions/00000000-0000-0000-0000-000000000010/resourceGroups/rg-monitoring-prod-004/providers/Microsoft.ContainerRegistry/registries/res01735,res01735,Container Registry,Containers,Build Minutes,westeurope,Usage,153.4608,1 Unit,4.1513,USD
2026-06-15,00000000-0000-0000-0000-000000000007,sub-network-spoke,rg-monitoring-prod-003,/subscriptions/00000000-0000-0000-0000-000000000007/resourceGroups/rg-monitoring-prod-003/providers/Microsoft.Security/pricings/res00759,res00759,Microsoft Defender for Cloud,Security,Defender for Storage,global,Usage,158.1188,100 Hours,29.9852,USD
2026-06-15,00000000-0000-0000-0000-000000000010,sub-identity,rg-monitoring-dev-003,/subscriptions/00000000-0000-0000-0000-000000000010/resourceGroups/rg-monitoring-dev-003/providers/Microsoft.ServiceBus/namespaces/res00925,res00925,Service Bus,Integration,Premium Messaging Unit,uksouth,Usage,140.8429,1 Hour,18.6901,USD
2026-06-15,00000000-0000-0000-0000-000000000012,sub-sandbox,rg-reservations-001,/subscriptions/00000000-0000-0000-0000-000000000012/resourceGroups/rg-reservations-001/providers/Microsoft.Capacity/reservationOrders/res02005,reserved-02005,Reservations,Reservations,SQL vCore Reserved,northeurope,Purchase,1,1 Unit,399.8132,USD
2026-06-15,00000000-0000-0000-0000-000000000008,sub-apps-online,rg-app-prod-002,/subscriptions/00000000-0000-0000-0000-000000000008/resourceGroups/rg-app-prod-002/providers/Microsoft.Compute/virtualMachines/res01566,res01566,Virtual Machines,Compute,Standard_B2ms,uksouth,Usage,137.566,100 Hours,88.1211,USD
2026-06-15,00000000-0000-0000-0000-000000000009,sub-apps-corp,rg-compute-dev-002,/subscriptions/00000000-0000-0000-0000-000000000009/resourceGroups/rg-compute-dev-002/providers/Microsoft.OperationalInsights/workspaces/res01084,res01084,Log Analytics,Management and Governance,Basic Logs,germanywestcentral,Usage,182.6391,100 Hours,95.3427,USD
2026-06-15,00000000-0000-0000-0000-000000000011,sub-management,rg-compute-hub-003,/subscriptions/00000000-0000-0000-0000-000000000011/resourceGroups/rg-compute-hub-003/providers/Microsoft.Web/sites/res00061,res00061,Azure App Service,Compute,I1v2,northeurope,Usage,184.1403,100 Hours,6.1303,USD
2026-06-15,00000000-0000-0000-0000-000000000009,sub-apps-corp,rg-data-corp-002,/subscriptions/00000000-0000-0000-0000-000000000009/resourceGroups/rg-data-corp-002/providers/Microsoft.Insights/components/res01971,res01971,Azure Monitor,Management and Governance,Application Insights,germanywestcentral,Usage,127.0149,100 Hours,14.8229,USD
2026-06-15,00000000-0000-0000-0000-000000000010,sub-identity,rg-data-hub-001,/subscriptions/00000000-0000-0000-0000-000000000010/resourceGroups/rg-data-hub-001/providers/Microsoft.Network/bandwidth/res00139,res00139,Bandwidth,Networking,Inter-Region,westeurope,Usage,100.4666,1 Hour,3.8725,USD
2026-06-15,00000000-0000-0000-0000-000000000001,sub-platform-prod,rg-security-dev-002,/subscriptions/00000000-0000-0000-0000-000000000001/resourceGroups/rg-security-dev-002/providers/Microsoft.Security/pricings/res00176,res00176,Microsoft Defender for Cloud,Security,Defender for SQL,germanywestcentral,Usage,118.2615,1 GB/Month,44.0377,USD
2026-06-15,00000000-0000-0000-0000-000000000011,sub-management,rg-app-test-003,/subscriptions/00000000-0000-0000-0000-000000000011/resourceGroups/rg-app-test-003/providers/Microsoft.Network/bandwidth/res00918,res00918,Bandwidth,Networking,Data Transfer Out - Zone 1,global,Usage,146.185,1 GB,25.4583,USD
2026-06-15,00000000-0000-0000-0000-000000000004,sub-data-prod,rg-security-corp-004,/subscriptions/00000000-0000-0000-0000-000000000004/resourceGroups/rg-security-corp-004/providers/Microsoft.Network/ddosProtectionPlans/res00875,res00875,Azure DDoS Protection,Networking,Protection Plan,global,Usage,86.8592,1M Operations,39.4858,USD
2026-06-15,00000000-0000-0000-0000-000000000010,sub-identity,rg-app-corp-001,/subscriptions/00000000-0000-0000-0000-000000000010/resourceGroups/rg-app-corp-001/providers/Microsoft.OperationalInsights/workspaces/res01722,res01722,Log Analytics,Management and Governance,Data Retention,swedencentral,Usage,229.7509,10 GB,33.426,USD
2026-06-15,00000000-0000-0000-0000-000000000011,sub-management,rg-backup-corp-002,/subscriptions/00000000-0000-0000-0000-000000000011/resourceGroups/rg-backup-corp-002/providers/Microsoft.Network/ddosProtectionPlans/res00062,res00062,Azure DDoS Protection,Networking,Data Processed,northeurope,Usage,14.5015,100 Hours,62.4113,USD
2026-06-15,00000000-0000-0000-0000-000000000003,sub-platform-test,rg-compute-corp-001,/subscriptions/00000000-0000-0000-0000-000000000003/resourceGroups/rg-compute-corp-001/providers/Microsoft.Storage/storageAccounts/res01966,res01966,Storage,Storage,Hot LRS,germanywestcentral,Usage,217.0488,10 GB,79.3279,USD
2026-06-15,00000000-0000-0000-0000-000000000010,sub-identity,rg-shared-dev-002,/subscriptions/00000000-0000-0000-0000-000000000010/resourceGroups/rg-shared-dev-002/providers/Microsoft.Network/loadBalancers/res00537,res00537,Load Balancer,Networking,Data Processed,northeurope,Usage,21.7234,1 GB,15.1445,USD
2026-06-15,00000000-0000-0000-0000-000000000012,sub-sandbox,rg-data-dev-004,/subscriptions/00000000-0000-0000-0000-000000000012/resourceGroups/rg-data-dev-004/providers/Microsoft.Storage/storageAccounts/res01886,res01886,Storage,Storage,General Block Blob,northeurope,Usage,195.9658,1M Operations,71.6189,USD
2026-06-15,00000000-0000-0000-0000-000000000007,sub-network-spoke,rg-compute-prod-004,/subscriptions/00000000-0000-0000-0000-000000000007/resourceGroups/rg-compute-prod-004/providers/Microsoft.Security/pricings/res01255,res01255,Microsoft Defender for Cloud,Security,Defender for Storage,swedencentral,Usage,190.4986,100 Hours,46.5774,USD
2026-06-15,00000000-0000-0000-0000-000000000006,sub-network-hub,rg-monitoring-dev-004,/subscriptions/00000000-0000-0000-0000-000000000006/resourceGroups/rg-monitoring-dev-004/providers/Microsoft.ServiceBus/namespaces/res01474,res01474,Service Bus,Integration,Premium Messaging Unit,germanywestcentral,Usage,89.1623,10 GB,13.5231,USD
2026-06-15,00000000-0000-0000-0000-000000000010,sub-identity,rg-shared-hub-002,/subscriptions/00000000-0000-0000-0000-000000000010/resourceGroups/rg-shared-hub-002/providers/Microsoft.Compute/virtualMachines/res01554,res01554,Virtual Machines,Compute,Standard_D2s_v5,uksouth,Usage,28.9269,1 GB/Month,29.7255,USD
2026-06-15,00000000-0000-0000-0000-000000000001,sub-platform-prod,rg-identity-prod-001,/subscriptions/00000000-0000-0000-0000-000000000001/resourceGroups/rg-identity-prod-001/providers/Microsoft.ServiceBus/namespaces/res01098,res01098,Service Bus,Integration,Premium Messaging Unit,global,Usage,45.6995,1 GB/Month,3.0217,USD
2026-06-15,00000000-0000-0000-0000-000000000007,sub-network-spoke,rg-shared-prod-001,/subscriptions/00000000-0000-0000-0000-000000000007/resourceGroups/rg-shared-prod-001/providers/Microsoft.ContainerService/managedClusters/res01964,res01964,Azure Kubernetes Service,Compute,Standard Tier,westeurope,Usage,230.781,10 GB,14.5748,USD
2026-06-15,00000000-0000-0000-0000-000000000003,sub-platform-test,rg-data-prod-001,/subscriptions/00000000-0000-0000-0000-000000000003/resourceGroups/rg-data-prod-001/providers/Microsoft.Databricks/workspaces/res00583,res00583,Azure Databricks,Analytics,Premium DBU,global,Usage,100.1357,1 Hour,12.1083,USD
2026-06-15,00000000-0000-0000-0000-000000000003,sub-platform-test,rg-security-dev-002,/subscriptions/00000000-0000-0000-0000-000000000003/resourceGroups/rg-security-dev-002/providers/Microsoft.ContainerRegistry/registries/res00878,res00878,Container Registry,Containers,Premium Registry,westeurope,Usage,164.8595,100 Hours,11.6093,USD
2026-06-15,00000000-0000-0000-0000-000000000007,sub-network-spoke,rg-network-test-004,/subscriptions/00000000-0000-0000-0000-000000000007/resourceGroups/rg-network-test-004/providers/Microsoft.DocumentDB/databaseAccounts/res00286,res00286,Azure Cosmos DB,Databases,RU/s Provisioned,northeurope,Usage,219.8472,1 Hour,55.5883,USD
2026-06-15,00000000-0000-0000-0000-000000000005,sub-data-dev,rg-identity-dev-003,/subscriptions/00000000-0000-0000-0000-000000000005/resourceGroups/rg-identity-dev-003/providers/Microsoft.ContainerService/managedClusters/res00283,res00283,Azure Kubernetes Service,Compute,Standard Tier,swedencentral,Usage,185.7554,1 GB/Month,51.9044,USD
2026-06-15,00000000-0000-0000-0000-000000000003,sub-platform-test,rg-app-test-001,/subscriptions/00000000-0000-0000-0000-000000000003/resourceGroups/rg-app-test-001/providers/Microsoft.ContainerRegistry/registries/res00038,res00038,Container Registry,Containers,Storage,francecentral,Usage,99.73,100 Hours,4.0311,USD
2026-06-15,00000000-0000-0000-0000-000000000012,sub-sandbox,rg-monitoring-corp-001,/subscriptions/00000000-0000-0000-0000-000000000012/resourceGroups/rg-monitoring-corp-001/providers/Microsoft.Network/virtualNetworks/res00384,res00384,Virtual Network,Networking,Private Endpoint,francecentral,Usage,68.4718,1 Hour,2.774,USD
2026-06-15,00000000-0000-0000-0000-000000000009,sub-apps-corp,rg-identity-hub-003,/subscriptions/00000000-0000-0000-0000-000000000009/resourceGroups/rg-identity-hub-003/providers/Microsoft.DocumentDB/databaseAccounts/res01763,res01763,Azure Cosmos DB,Databases,Storage,uksouth,Usage,185.6034,100 Hours,62.4728,USD
2026-06-15,00000000-0000-0000-0000-000000000001,sub-platform-prod,rg-data-test-004,/subscriptions/00000000-0000-0000-0000-000000000001/resourceGroups/rg-data-test-004/providers/Microsoft.ContainerRegistry/registries/res00424,res00424,Container Registry,Containers,Storage,uksouth,Usage,74.5041,1 Unit,24.2935,USD
2026-06-15,00000000-0000-0000-0000-000000000005,sub-data-dev,rg-security-dev-004,/subscriptions/00000000-0000-0000-0000-000000000005/resourceGroups/rg-security-dev-004/providers/Microsoft.KeyVault/vaults/res01796,res01796,Key Vault,Security,Operations,francecentral,Usage,61.9067,1M Operations,5.2184,USD
2026-06-15,00000000-0000-0000-0000-000000000007,sub-network-spoke,rg-monitoring-test-002,/subscriptions/00000000-0000-0000-0000-000000000007/resourceGroups/rg-monitoring-test-002/providers/Microsoft.ServiceBus/namespaces/res01452,res01452,Service Bus,Integration,Premium Messaging Unit,uksouth,Usage,28.1899,10 GB,10.4195,USD
2026-06-15,00000000-0000-0000-0000-000000000008,sub-apps-online,rg-data-prod-001,/subscriptions/00000000-0000-0000-0000-000000000008/resourceGroups/rg-data-prod-001/providers/Microsoft.Network/azureFirewalls/res01615,res01615,Azure Firewall,Networking,Data Processed,swedencentral,Usage,117.1217,1 Hour,39.4946,USD
2026-06-15,00000000-0000-0000-0000-000000000008,sub-apps-online,rg-network-corp-002,/subscriptions/00000000-0000-0000-0000-000000000008/resourceGroups/rg-network-corp-002/providers/Microsoft.ContainerRegistry/registries/res00144,res00144,Container Registry,Containers,Storage,westeurope,Usage,165.5651,1 Hour,19.3111,USD
2026-06-15,00000000-0000-0000-0000-000000000003,sub-platform-test,rg-compute-corp-001,/subscriptions/00000000-0000-0000-0000-000000000003/resourceGroups/rg-compute-corp-001/providers/Microsoft.Security/pricings/res00109,res00109,Microsoft Defender for Cloud,Security,Defender for SQL,global,Usage,110.0182,1 Hour,10.425,USD
2026-06-15,00000000-0000-0000-0000-000000000002,sub-platform-dev,rg-network-prod-004,/subscriptions/00000000-0000-0000-0000-000000000002/resourceGroups/rg-network-prod-004/providers/Microsoft.KeyVault/vaults/res00835,res00835,Key Vault,Security,HSM Protected Keys,global,Usage,112.677,1 Unit,2.5679,USD
2026-06-15,00000000-0000-0000-0000-000000000009,sub-apps-corp,rg-security-hub-004,/subscriptions/00000000-0000-0000-0000-000000000009/resourceGroups/rg-security-hub-004/providers/Microsoft.KeyVault/vaults/res00946,res00946,Key Vault,Security,HSM Protected Keys,germanywestcentral,Usage,31.5802,100 Hours,3.4201,USD
2026-06-15,00000000-0000-0000-0000-000000000010,sub-identity,rg-monitoring-corp-001,/subscriptions/00000000-0000-0000-0000-000000000010/resourceGroups/rg-monitoring-corp-001/providers/Microsoft.Databricks/workspaces/res00953,res00953,Azure Databricks,Analytics,Jobs Compute DBU,germanywestcentral,Usage,72.5987,1 GB,56.8411,USD
2026-06-15,00000000-0000-0000-0000-000000000007,sub-network-spoke,rg-backup-dev-002,/subscriptions/00000000-0000-0000-0000-000000000007/resourceGroups/rg-backup-dev-002/providers/Microsoft.Web/sites/res00019,res00019,Azure App Service,Compute,I1v2,germanywestcentral,Usage,93.5046,1 Hour,52.7765,USD
2026-06-15,00000000-0000-0000-0000-000000000012,sub-sandbox,rg-network-prod-002,/subscriptions/00000000-0000-0000-0000-000000000012/resourceGroups/rg-network-prod-002/providers/Microsoft.Network/azureFirewalls/res00085,res00085,Azure Firewall,Networking,Data Processed,westeurope,Usage,231.7984,100 Hours,55.9792,USD
2026-06-15,00000000-0000-0000-0000-000000000012,sub-sandbox,rg-app-dev-004,/subscriptions/00000000-0000-0000-0000-000000000012/resourceGroups/rg-app-dev-004/providers/Microsoft.Insights/components/res01881,res01881,Azure Monitor,Management and Governance,Metrics,swedencentral,Usage,226.3167,1 Hour,23.2745,USD
2026-06-15,00000000-0000-0000-0000-000000000009,sub-apps-corp,rg-backup-test-002,/subscriptions/00000000-0000-0000-0000-000000000009/resourceGroups/rg-backup-test-002/providers/Microsoft.ContainerRegistry/registries/res00287,res00287,Container Registry,Containers,Build Minutes,westeurope,Usage,141.1053,1 Unit,20.6505,USD
2026-06-15,00000000-0000-0000-0000-000000000007,sub-network-spoke,rg-shared-dev-002,/subscriptions/00000000-0000-0000-0000-000000000007/resourceGroups/rg-shared-dev-002/providers/Microsoft.Network/azureFirewalls/res00703,res00703,Azure Firewall,Networking,Data Processed,swedencentral,Usage,81.9305,100 Hours,26.3108,USD
2026-06-15,00000000-0000-0000-0000-000000000008,sub-apps-online,rg-identity-corp-004,/subscriptions/00000000-0000-0000-0000-000000000008/resourceGroups/rg-identity-corp-004/providers/Microsoft.ContainerRegistry/registries/res01182,res01182,Container Registry,Containers,Build Minutes,northeurope,Usage,39.6034,10 GB,4.0328,USD
2026-06-15,00000000-0000-0000-0000-000000000004,sub-data-prod,rg-data-dev-001,/subscriptions/00000000-0000-0000-0000-000000000004/resourceGroups/rg-data-dev-001/providers/Microsoft.Compute/virtualMachines/res01350,res01350,Virtual Machines,Compute,Standard_D2s_v5,uksouth,Usage,122.8127,1 Hour,114.5991,USD
2026-06-15,00000000-0000-0000-0000-000000000004,sub-data-prod,rg-network-hub-004,/subscriptions/00000000-0000-0000-0000-000000000004/resourceGroups/rg-network-hub-004/providers/Microsoft.EventHub/namespaces/res00110,res00110,Event Hubs,Analytics,Throughput Unit,germanywestcentral,Usage,147.1576,1 GB/Month,4.6881,USD
2026-06-15,00000000-0000-0000-0000-000000000012,sub-sandbox,rg-backup-corp-001,/subscriptions/00000000-0000-0000-0000-000000000012/resourceGroups/rg-backup-corp-001/providers/Microsoft.Sql/servers/databases/res01654,res01654,Azure SQL Database,Databases,General Purpose,germanywestcentral,Usage,44.0061,1 GB,106.2485,USD
2026-06-15,00000000-0000-0000-0000-000000000011,sub-management,rg-app-prod-001,/subscriptions/00000000-0000-0000-0000-000000000011/resourceGroups/rg-app-prod-001/providers/Microsoft.Network/virtualNetworks/res00342,res00342,Virtual Network,Networking,VNet Peering,global,Usage,15.1499,1M Operations,10.8018,USD
2026-06-15,00000000-0000-0000-0000-000000000002,sub-platform-dev,rg-monitoring-hub-003,/subscriptions/00000000-0000-0000-0000-000000000002/resourceGroups/rg-monitoring-hub-003/providers/Microsoft.DocumentDB/databaseAccounts/res00826,res00826,Azure Cosmos DB,Databases,Serverless,northeurope,Usage,63.4509,1 Hour,87.5071,USD
2026-06-15,00000000-0000-0000-0000-000000000011,sub-management,rg-security-dev-001,/subscriptions/00000000-0000-0000-0000-000000000011/resourceGroups/rg-security-dev-001/providers/Microsoft.Databricks/workspaces/res00833,res00833,Azure Databricks,Analytics,Standard DBU,francecentral,Usage,212.7721,1 GB/Month,67.3287,USD
2026-06-15,00000000-0000-0000-0000-000000000006,sub-network-hub,rg-identity-hub-002,/subscriptions/00000000-0000-0000-0000-000000000006/resourceGroups/rg-identity-hub-002/providers/Microsoft.RecoveryServices/vaults/res00862,res00862,Azure Backup,Storage,Backup Storage LRS,uksouth,Usage,115.3381,100 Hours,19.7429,USD
2026-06-15,00000000-0000-0000-0000-000000000002,sub-platform-dev,rg-compute-test-001,/subscriptions/00000000-0000-0000-0000-000000000002/resourceGroups/rg-compute-test-001/providers/Microsoft.Network/ddosProtectionPlans/res00735,res00735,Azure DDoS Protection,Networking,Data Processed,germanywestcentral,Usage,34.3952,1 Hour,33.9055,USD
2026-06-15,00000000-0000-0000-0000-000000000006,sub-network-hub,rg-monitoring-test-004,/subscriptions/00000000-0000-0000-0000-000000000006/resourceGroups/rg-monitoring-test-004/providers/Microsoft.Sql/managedInstances/res00982,res00982,Azure SQL Managed Instance,Databases,vCore BC,francecentral,Usage,42.1468,10 GB,67.8081,USD
2026-06-15,00000000-0000-0000-0000-000000000004,sub-data-prod,rg-app-test-004,/subscriptions/00000000-0000-0000-0000-000000000004/resourceGroups/rg-app-test-004/providers/Microsoft.Databricks/workspaces/res01426,res01426,Azure Databricks,Analytics,Jobs Compute DBU,westeurope,Usage,65.0512,1 GB/Month,93.659,USD
2026-06-15,00000000-0000-0000-0000-000000000004,sub-data-prod,rg-data-dev-002,/subscriptions/00000000-0000-0000-0000-000000000004/resourceGroups/rg-data-dev-002/providers/Microsoft.Storage/storageAccounts/res01506,res01506,Storage,Storage,Hot LRS,germanywestcentral,Usage,67.4234,100 Hours,32.9954,USD
2026-06-15,00000000-0000-0000-0000-000000000008,sub-apps-online,rg-network-corp-003,/subscriptions/00000000-0000-0000-0000-000000000008/resourceGroups/rg-network-corp-003/providers/Microsoft.Security/pricings/res00896,res00896,Microsoft Defender for Cloud,Security,Defender for Storage,northeurope,Usage,180.1211,1 GB/Month,32.5993,USD
2026-06-15,00000000-0000-0000-0000-000000000005,sub-data-dev,rg-data-dev-004,/subscriptions/00000000-0000-0000-0000-000000000005/resourceGroups/rg-data-dev-004/providers/Microsoft.ServiceBus/namespaces/res01324,res01324,Service Bus,Integration,Premium Messaging Unit,germanywestcentral,Usage,94.6108,1 Unit,9.2182,USD
2026-06-15,00000000-0000-0000-0000-000000000001,sub-platform-prod,rg-app-dev-001,/subscriptions/00000000-0000-0000-0000-000000000001/resourceGroups/rg-app-dev-001/providers/Microsoft.OperationalInsights/workspaces/res00370,res00370,Log Analytics,Management and Governance,Basic Logs,francecentral,Usage,127.0256,1 GB/Month,30.2103,USD
2026-06-15,00000000-0000-0000-0000-000000000002,sub-platform-dev,rg-data-corp-001,/subscriptions/00000000-0000-0000-0000-000000000002/resourceGroups/rg-data-corp-001/providers/Microsoft.Security/pricings/res00229,res00229,Microsoft Defender for Cloud,Security,Defender for Servers P2,westeurope,Usage,15.449,1 GB,40.5106,USD
2026-06-15,00000000-0000-0000-0000-000000000004,sub-data-prod,rg-monitoring-prod-004,/subscriptions/00000000-0000-0000-0000-000000000004/resourceGroups/rg-monitoring-prod-004/providers/Microsoft.Storage/storageAccounts/res01204,res01204,Storage,Storage,Cool LRS,westeurope,Usage,29.0152,1 GB/Month,63.9697,USD
2026-06-15,00000000-0000-0000-0000-000000000004,sub-data-prod,rg-monitoring-test-003,/subscriptions/00000000-0000-0000-0000-000000000004/resourceGroups/rg-monitoring-test-003/providers/Microsoft.Sql/managedInstances/res00245,res00245,Azure SQL Managed Instance,Databases,vCore BC,global,Usage,182.3649,1M Operations,98.5367,USD
2026-06-15,00000000-0000-0000-0000-000000000005,sub-data-dev,rg-backup-corp-002,/subscriptions/00000000-0000-0000-0000-000000000005/resourceGroups/rg-backup-corp-002/providers/Microsoft.ContainerRegistry/registries/res01364,res01364,Container Registry,Containers,Build Minutes,francecentral,Usage,165.9478,10 GB,10.5451,USD
2026-06-15,00000000-0000-0000-0000-000000000011,sub-management,rg-security-test-002,/subscriptions/00000000-0000-0000-0000-000000000011/resourceGroups/rg-security-test-002/providers/Microsoft.Compute/virtualMachines/res01738,res01738,Virtual Machines,Compute,Standard_B2ms,swedencentral,Usage,217.3097,1 Hour,105.4666,USD
2026-06-15,00000000-0000-0000-0000-000000000011,sub-management,rg-identity-prod-004,/subscriptions/00000000-0000-0000-0000-000000000011/resourceGroups/rg-identity-prod-004/providers/Microsoft.ContainerRegistry/registries/res01520,res01520,Container Registry,Containers,Premium Registry,francecentral,Usage,193.4605,100 Hours,5.8208,USD
2026-06-15,00000000-0000-0000-0000-000000000007,sub-network-spoke,rg-app-prod-002,/subscriptions/00000000-0000-0000-0000-000000000007/resourceGroups/rg-app-prod-002/providers/Microsoft.Network/ddosProtectionPlans/res00128,res00128,Azure DDoS Protection,Networking,Data Processed,germanywestcentral,Usage,40.6157,1 GB,47.5038,USD
2026-06-15,00000000-0000-0000-0000-000000000006,sub-network-hub,rg-backup-dev-004,/subscriptions/00000000-0000-0000-0000-000000000006/resourceGroups/rg-backup-dev-004/providers/Microsoft.EventHub/namespaces/res00886,res00886,Event Hubs,Analytics,Capture,global,Usage,51.474,1 GB/Month,29.8223,USD
2026-06-15,00000000-0000-0000-0000-000000000004,sub-data-prod,rg-network-prod-003,/subscriptions/00000000-0000-0000-0000-000000000004/resourceGroups/rg-network-prod-003/providers/Microsoft.ContainerRegistry/registries/res01938,res01938,Container Registry,Containers,Premium Registry,germanywestcentral,Usage,111.0113,1 GB/Month,6.144,USD
2026-06-15,00000000-0000-0000-0000-000000000011,sub-management,rg-shared-corp-003,/subscriptions/00000000-0000-0000-0000-000000000011/resourceGroups/rg-shared-corp-003/providers/Microsoft.Insights/components/res01463,res01463,Azure Monitor,Management and Governance,Application Insights,northeurope,Usage,84.7937,1 Hour,9.9041,USD
2026-06-15,00000000-0000-0000-0000-000000000012,sub-sandbox,rg-network-hub-003,/subscriptions/00000000-0000-0000-0000-000000000012/resourceGroups/rg-network-hub-003/providers/Microsoft.EventHub/namespaces/res00767,res00767,Event Hubs,Analytics,Capture,swedencentral,Usage,18.3735,1 GB/Month,10.7083,USD
2026-06-15,00000000-0000-0000-0000-000000000005,sub-data-dev,rg-shared-corp-002,/subscriptions/00000000-0000-0000-0000-000000000005/resourceGroups/rg-shared-corp-002/providers/Microsoft.ServiceBus/namespaces/res00876,res00876,Service Bus,Integration,Premium Messaging Unit,westeurope,Usage,34.1989,1 Hour,8.1387,USD
2026-06-15,00000000-0000-0000-0000-000000000008,sub-apps-online,rg-compute-test-001,/subscriptions/00000000-0000-0000-0000-000000000008/resourceGroups/rg-compute-test-001/providers/Microsoft.KeyVault/vaults/res00064,res00064,Key Vault,Security,Operations,global,Usage,204.469,1 GB/Month,1.0107,USD
2026-06-15,00000000-0000-0000-0000-000000000002,sub-platform-dev,rg-data-test-003,/subscriptions/00000000-0000-0000-0000-000000000002/resourceGroups/rg-data-test-003/providers/Microsoft.Compute/virtualMachines/res01572,res01572,Virtual Machines,Compute,Standard_D2s_v5,uksouth,Usage,166.0357,100 Hours,99.207,USD
2026-06-15,00000000-0000-0000-0000-000000000007,sub-network-spoke,rg-shared-dev-004,/subscriptions/00000000-0000-0000-0000-000000000007/resourceGroups/rg-shared-dev-004/providers/Microsoft.ServiceBus/namespaces/res01161,res01161,Service Bus,Integration,Premium Messaging Unit,global,Usage,79.4042,1 GB/Month,18.5538,USD
2026-06-15,00000000-0000-0000-0000-000000000012,sub-sandbox,rg-backup-test-001,/subscriptions/00000000-0000-0000-0000-000000000012/resourceGroups/rg-backup-test-001/providers/Microsoft.EventHub/namespaces/res00606,res00606,Event Hubs,Analytics,Throughput Unit,germanywestcentral,Usage,190.0972,100 Hours,21.0955,USD
2026-06-15,00000000-0000-0000-0000-000000000006,sub-network-hub,rg-shared-hub-002,/subscriptions/00000000-0000-0000-0000-000000000006/resourceGroups/rg-shared-hub-002/providers/Microsoft.Network/azureFirewalls/res00595,res00595,Azure Firewall,Networking,Data Processed,francecentral,Usage,60.2717,1 Hour,34.0297,USD
2026-06-15,00000000-0000-0000-0000-000000000006,sub-network-hub,rg-data-prod-004,/subscriptions/00000000-0000-0000-0000-000000000006/resourceGroups/rg-data-prod-004/providers/Microsoft.ContainerService/managedClusters/res01975,res01975,Azure Kubernetes Service,Compute,Standard Tier,germanywestcentral,Usage,30.0532,1 Unit,10.2475,USD
2026-06-15,00000000-0000-0000-0000-000000000010,sub-identity,rg-data-corp-003,/subscriptions/00000000-0000-0000-0000-000000000010/resourceGroups/rg-data-corp-003/providers/Microsoft.Web/sites/res01306,res01306,Azure Functions,Compute,Total Executions,northeurope,Usage,49.7231,1 Unit,8.6023,USD
2026-06-15,00000000-0000-0000-0000-000000000002,sub-platform-dev,rg-network-test-002,/subscriptions/00000000-0000-0000-0000-000000000002/resourceGroups/rg-network-test-002/providers/Microsoft.OperationalInsights/workspaces/res00894,res00894,Log Analytics,Management and Governance,Data Retention,global,Usage,200.6586,1 Unit,47.3678,USD
2026-06-15,00000000-0000-0000-0000-000000000012,sub-sandbox,rg-network-prod-002,/subscriptions/00000000-0000-0000-0000-000000000012/resourceGroups/rg-network-prod-002/providers/Microsoft.Compute/virtualMachines/res01617,res01617,Virtual Machines,Compute,Standard_B2ms,germanywestcentral,Usage,15.0799,1 GB,4.4463,USD
2026-06-15,00000000-0000-0000-0000-000000000011,sub-management,rg-identity-corp-001,/subscriptions/00000000-0000-0000-0000-000000000011/resourceGroups/rg-identity-corp-001/providers/Microsoft.OperationalInsights/workspaces/res01200,res01200,Log Analytics,Management and Governance,Basic Logs,global,Usage,25.3163,100 Hours,19.7662,USD
2026-06-15,00000000-0000-0000-0000-000000000004,sub-data-prod,rg-network-prod-004,/subscriptions/00000000-0000-0000-0000-000000000004/resourceGroups/rg-network-prod-004/providers/Microsoft.KeyVault/vaults/res00180,res00180,Key Vault,Security,Operations,francecentral,Usage,88.3369,1 GB,3.385,USD
2026-06-15,00000000-0000-0000-0000-000000000009,sub-apps-corp,rg-network-corp-001,/subscriptions/00000000-0000-0000-0000-000000000009/resourceGroups/rg-network-corp-001/providers/Microsoft.Network/bandwidth/res01592,res01592,Bandwidth,Networking,Data Transfer Out - Zone 1,swedencentral,Usage,26.511,1 Unit,16.529,USD
2026-06-15,00000000-0000-0000-0000-000000000010,sub-identity,rg-app-corp-004,/subscriptions/00000000-0000-0000-0000-000000000010/resourceGroups/rg-app-corp-004/providers/Microsoft.Web/sites/res01432,res01432,Azure App Service,Compute,P2v3,swedencentral,Usage,145.0408,100 Hours,50.8733,USD
2026-06-15,00000000-0000-0000-0000-000000000003,sub-platform-test,rg-app-prod-001,/subscriptions/00000000-0000-0000-0000-000000000003/resourceGroups/rg-app-prod-001/providers/Microsoft.Network/applicationGateways/res00409,res00409,Application Gateway,Networking,Capacity Unit,northeurope,Usage,108.3541,1 Unit,7.6322,USD
2026-06-15,00000000-0000-0000-0000-000000000008,sub-apps-online,rg-data-dev-003,/subscriptions/00000000-0000-0000-0000-000000000008/resourceGroups/rg-data-dev-003/providers/Microsoft.ContainerRegistry/registries/res01088,res01088,Container Registry,Containers,Premium Registry,swedencentral,Usage,13.0894,1M Operations,18.7084,USD
2026-06-15,00000000-0000-0000-0000-000000000008,sub-apps-online,rg-monitoring-test-001,/subscriptions/00000000-0000-0000-0000-000000000008/resourceGroups/rg-monitoring-test-001/providers/Microsoft.ContainerService/managedClusters/res00564,res00564,Azure Kubernetes Service,Compute,Standard Tier,germanywestcentral,Usage,141.005,1 Unit,44.0899,USD
2026-06-15,00000000-0000-0000-0000-000000000004,sub-data-prod,rg-compute-corp-001,/subscriptions/00000000-0000-0000-0000-000000000004/resourceGroups/rg-compute-corp-001/providers/Microsoft.KeyVault/vaults/res00822,res00822,Key Vault,Security,Operations,francecentral,Usage,22.913,100 Hours,2.9632,USD
2026-06-15,00000000-0000-0000-0000-000000000001,sub-platform-prod,rg-app-hub-001,/subscriptions/00000000-0000-0000-0000-000000000001/resourceGroups/rg-app-hub-001/providers/Microsoft.Storage/storageAccounts/res00380,res00380,Storage,Storage,Standard Page Blob,westeurope,Usage,84.5265,100 Hours,58.0795,USD
2026-06-15,00000000-0000-0000-0000-000000000008,sub-apps-online,rg-monitoring-dev-004,/subscriptions/00000000-0000-0000-0000-000000000008/resourceGroups/rg-monitoring-dev-004/providers/Microsoft.RecoveryServices/vaults/res01120,res01120,Azure Backup,Storage,Protected Instances,global,Usage,139.8334,1 GB,34.0551,USD
2026-06-15,00000000-0000-0000-0000-000000000006,sub-network-hub,rg-identity-hub-003,/subscriptions/00000000-0000-0000-0000-000000000006/resourceGroups/rg-identity-hub-003/providers/Microsoft.Sql/managedInstances/res00978,res00978,Azure SQL Managed Instance,Databases,vCore GP,swedencentral,Usage,50.6126,1 Hour,140.2314,USD
2026-06-15,00000000-0000-0000-0000-000000000010,sub-identity,rg-monitoring-hub-003,/subscriptions/00000000-0000-0000-0000-000000000010/resourceGroups/rg-monitoring-hub-003/providers/Microsoft.OperationalInsights/workspaces/res01159,res01159,Log Analytics,Management and Governance,Data Retention,francecentral,Usage,14.2725,100 Hours,83.0414,USD
2026-06-15,00000000-0000-0000-0000-000000000003,sub-platform-test,rg-reservations-001,/subscriptions/00000000-0000-0000-0000-000000000003/resourceGroups/rg-reservations-001/providers/Microsoft.Capacity/reservationOrders/res02009,reserved-02009,Reservations,Reservations,SQL vCore Reserved,francecentral,Purchase,1,1 Unit,725.3332,USD
2026-06-15,00000000-0000-0000-0000-000000000005,sub-data-dev,rg-compute-prod-004,/subscriptions/00000000-0000-0000-0000-000000000005/resourceGroups/rg-compute-prod-004/providers/Microsoft.Sql/servers/databases/res01721,res01721,Azure SQL Database,Databases,Business Critical,francecentral,Usage,133.4936,1 Unit,101.6372,USD
2026-06-15,00000000-0000-0000-0000-000000000008,sub-apps-online,rg-security-dev-002,/subscriptions/00000000-0000-0000-0000-000000000008/resourceGroups/rg-security-dev-002/providers/Microsoft.Network/loadBalancers/res00074,res00074,Load Balancer,Networking,Standard Rules,uksouth,Usage,186.2108,1 Unit,17.2956,USD
2026-06-15,00000000-0000-0000-0000-000000000003,sub-platform-test,rg-security-corp-002,/subscriptions/00000000-0000-0000-0000-000000000003/resourceGroups/rg-security-corp-002/providers/Microsoft.Storage/storageAccounts/res00629,res00629,Storage,Storage,Standard Page Blob,northeurope,Usage,62.5149,10 GB,78.5967,USD
2026-06-15,00000000-0000-0000-0000-000000000012,sub-sandbox,rg-monitoring-prod-003,/subscriptions/00000000-0000-0000-0000-000000000012/resourceGroups/rg-monitoring-prod-003/providers/Microsoft.OperationalInsights/workspaces/res01734,res01734,Log Analytics,Management and Governance,Data Ingestion,westeurope,Usage,134.244,1 Hour,58.3448,USD
2026-06-15,00000000-0000-0000-0000-000000000011,sub-management,rg-app-prod-001,/subscriptions/00000000-0000-0000-0000-000000000011/resourceGroups/rg-app-prod-001/providers/Microsoft.Web/sites/res01192,res01192,Azure Functions,Compute,Execution Time,uksouth,Usage,20.3528,1 Hour,8.9243,USD
2026-06-15,00000000-0000-0000-0000-000000000001,sub-platform-prod,rg-app-dev-002,/subscriptions/00000000-0000-0000-0000-000000000001/resourceGroups/rg-app-dev-002/providers/Microsoft.DocumentDB/databaseAccounts/res01791,res01791,Azure Cosmos DB,Databases,Serverless,global,Usage,169.8834,100 Hours,86.7028,USD
2026-06-15,00000000-0000-0000-0000-000000000005,sub-data-dev,rg-monitoring-dev-002,/subscriptions/00000000-0000-0000-0000-000000000005/resourceGroups/rg-monitoring-dev-002/providers/Microsoft.Sql/servers/databases/res01784,res01784,Azure SQL Database,Databases,General Purpose,global,Usage,109.4024,1M Operations,114.7731,USD
2026-06-15,00000000-0000-0000-0000-000000000002,sub-platform-dev,rg-monitoring-dev-003,/subscriptions/00000000-0000-0000-0000-000000000002/resourceGroups/rg-monitoring-dev-003/providers/Microsoft.Web/sites/res01479,res01479,Azure Functions,Compute,Total Executions,global,Usage,68.8409,1 GB,2.0942,USD
2026-06-15,00000000-0000-0000-0000-000000000004,sub-data-prod,rg-backup-test-002,/subscriptions/00000000-0000-0000-0000-000000000004/resourceGroups/rg-backup-test-002/providers/Microsoft.Databricks/workspaces/res00571,res00571,Azure Databricks,Analytics,Standard DBU,germanywestcentral,Usage,8.0703,1 GB/Month,80.513,USD
2026-06-15,00000000-0000-0000-0000-000000000008,sub-apps-online,rg-shared-hub-003,/subscriptions/00000000-0000-0000-0000-000000000008/resourceGroups/rg-shared-hub-003/providers/Microsoft.Web/sites/res01505,res01505,Azure Functions,Compute,Execution Time,swedencentral,Usage,77.0657,10 GB,3.4965,USD
2026-06-15,00000000-0000-0000-0000-000000000008,sub-apps-online,rg-monitoring-dev-004,/subscriptions/00000000-0000-0000-0000-000000000008/resourceGroups/rg-monitoring-dev-004/providers/Microsoft.DocumentDB/databaseAccounts/res00613,res00613,Azure Cosmos DB,Databases,Serverless,germanywestcentral,Usage,195.0466,100 Hours,47.4635,USD
2026-06-15,00000000-0000-0000-0000-000000000005,sub-data-dev,rg-compute-corp-003,/subscriptions/00000000-0000-0000-0000-000000000005/resourceGroups/rg-compute-corp-003/providers/Microsoft.Web/sites/res00736,res00736,Azure Functions,Compute,Execution Time,northeurope,Usage,154.6601,1 GB/Month,1.8727,USD
2026-06-15,00000000-0000-0000-0000-000000000012,sub-sandbox,rg-monitoring-corp-001,/subscriptions/00000000-0000-0000-0000-000000000012/resourceGroups/rg-monitoring-corp-001/providers/Microsoft.Network/bandwidth/res01986,res01986,Bandwidth,Networking,Data Transfer Out - Zone 1,francecentral,Usage,223.8358,1 GB/Month,29.6665,USD
2026-06-15,00000000-0000-0000-0000-000000000005,sub-data-dev,rg-app-test-001,/subscriptions/00000000-0000-0000-0000-000000000005/resourceGroups/rg-app-test-001/providers/Microsoft.ServiceBus/namespaces/res00036,res00036,Service Bus,Integration,Operations,uksouth,Usage,140.5869,1 Hour,12.2492,USD
2026-06-15,00000000-0000-0000-0000-000000000005,sub-data-dev,rg-monitoring-corp-004,/subscriptions/00000000-0000-0000-0000-000000000005/resourceGroups/rg-monitoring-corp-004/providers/Microsoft.Network/ddosProtectionPlans/res00252,res00252,Azure DDoS Protection,Networking,Data Processed,germanywestcentral,Usage,173.675,1M Operations,57.0349,USD
2026-06-15,00000000-0000-0000-0000-000000000010,sub-identity,rg-reservations-001,/subscriptions/00000000-0000-0000-0000-000000000010/resourceGroups/rg-reservations-001/providers/Microsoft.Capacity/reservationOrders/res02006,reserved-02006,Reservations,Reservations,SQL vCore Reserved,francecentral,Purchase,1,1 Unit,722.9601,USD
2026-06-15,00000000-0000-0000-0000-000000000011,sub-management,rg-shared-dev-002,/subscriptions/00000000-0000-0000-0000-000000000011/resourceGroups/rg-shared-dev-002/providers/Microsoft.Network/bandwidth/res00991,res00991,Bandwidth,Networking,Data Transfer Out - Zone 1,francecentral,Usage,227.9705,1 GB,16.7384,USD
2026-06-15,00000000-0000-0000-0000-000000000005,sub-data-dev,rg-data-corp-001,/subscriptions/00000000-0000-0000-0000-000000000005/resourceGroups/rg-data-corp-001/providers/Microsoft.Web/sites/res01391,res01391,Azure Functions,Compute,Execution Time,francecentral,Usage,69.2046,1 GB/Month,7.136,USD
2026-06-15,00000000-0000-0000-0000-000000000003,sub-platform-test,rg-app-corp-002,/subscriptions/00000000-0000-0000-0000-000000000003/resourceGroups/rg-app-corp-002/providers/Microsoft.ServiceBus/namespaces/res01222,res01222,Service Bus,Integration,Operations,germanywestcentral,Usage,231.5111,1 Unit,10.7295,USD
2026-06-15,00000000-0000-0000-0000-000000000005,sub-data-dev,rg-backup-test-003,/subscriptions/00000000-0000-0000-0000-000000000005/resourceGroups/rg-backup-test-003/providers/Microsoft.Network/bandwidth/res01632,res01632,Bandwidth,Networking,Inter-Region,uksouth,Usage,5.8428,1 Hour,19.8403,USD
2026-06-15,00000000-0000-0000-0000-000000000012,sub-sandbox,rg-monitoring-dev-004,/subscriptions/00000000-0000-0000-0000-000000000012/resourceGroups/rg-monitoring-dev-004/providers/Microsoft.Insights/components/res00638,res00638,Azure Monitor,Management and Governance,Metrics,global,Usage,207.2074,100 Hours,1.4593,USD
2026-06-15,00000000-0000-0000-0000-000000000011,sub-management,rg-network-prod-001,/subscriptions/00000000-0000-0000-0000-000000000011/resourceGroups/rg-network-prod-001/providers/Microsoft.Sql/managedInstances/res01787,res01787,Azure SQL Managed Instance,Databases,vCore GP,global,Usage,199.2612,1 Unit,94.8276,USD
2026-06-15,00000000-0000-0000-0000-000000000001,sub-platform-prod,rg-monitoring-dev-001,/subscriptions/00000000-0000-0000-0000-000000000001/resourceGroups/rg-monitoring-dev-001/providers/Microsoft.Databricks/workspaces/res01317,res01317,Azure Databricks,Analytics,Standard DBU,global,Usage,84.2075,1 Unit,80.407,USD
2026-06-15,00000000-0000-0000-0000-000000000003,sub-platform-test,rg-data-hub-002,/subscriptions/00000000-0000-0000-0000-000000000003/resourceGroups/rg-data-hub-002/providers/Microsoft.Databricks/workspaces/res00149,res00149,Azure Databricks,Analytics,Jobs Compute DBU,northeurope,Usage,191.5823,1 Hour,97.8149,USD
2026-06-15,00000000-0000-0000-0000-000000000010,sub-identity,rg-security-hub-001,/subscriptions/00000000-0000-0000-0000-000000000010/resourceGroups/rg-security-hub-001/providers/Microsoft.KeyVault/vaults/res01530,res01530,Key Vault,Security,Operations,swedencentral,Usage,40.1071,1 GB/Month,5.534,USD
2026-06-15,00000000-0000-0000-0000-000000000010,sub-identity,rg-data-hub-002,/subscriptions/00000000-0000-0000-0000-000000000010/resourceGroups/rg-data-hub-002/providers/Microsoft.ContainerRegistry/registries/res00772,res00772,Container Registry,Containers,Storage,francecentral,Usage,38.7734,100 Hours,6.1743,USD
2026-06-15,00000000-0000-0000-0000-000000000002,sub-platform-dev,rg-identity-hub-002,/subscriptions/00000000-0000-0000-0000-000000000002/resourceGroups/rg-identity-hub-002/providers/Microsoft.Sql/managedInstances/res01533,res01533,Azure SQL Managed Instance,Databases,vCore GP,francecentral,Usage,28.4638,1M Operations,61.8695,USD
2026-06-15,00000000-0000-0000-0000-000000000005,sub-data-dev,rg-compute-test-004,/subscriptions/00000000-0000-0000-0000-000000000005/resourceGroups/rg-compute-test-004/providers/Microsoft.Network/ddosProtectionPlans/res00477,res00477,Azure DDoS Protection,Networking,Data Processed,germanywestcentral,Usage,138.9801,1 GB/Month,34.579,USD
2026-06-15,00000000-0000-0000-0000-000000000003,sub-platform-test,rg-app-hub-001,/subscriptions/00000000-0000-0000-0000-000000000003/resourceGroups/rg-app-hub-001/providers/Microsoft.EventHub/namespaces/res00480,res00480,Event Hubs,Analytics,Capture,francecentral,Usage,179.5398,1 Hour,29.3819,USD
2026-06-15,00000000-0000-0000-0000-000000000011,sub-management,rg-app-dev-004,/subscriptions/00000000-0000-0000-0000-000000000011/resourceGroups/rg-app-dev-004/providers/Microsoft.Web/sites/res00601,res00601,Azure App Service,Compute,P2v3,northeurope,Usage,124.6616,100 Hours,2.5153,USD
2026-06-15,00000000-0000-0000-0000-000000000011,sub-management,rg-shared-dev-001,/subscriptions/00000000-0000-0000-0000-000000000011/resourceGroups/rg-shared-dev-001/providers/Microsoft.DocumentDB/databaseAccounts/res01557,res01557,Azure Cosmos DB,Databases,RU/s Provisioned,uksouth,Usage,121.0719,1 Hour,67.6738,USD
2026-06-15,00000000-0000-0000-0000-000000000011,sub-management,rg-identity-hub-004,/subscriptions/00000000-0000-0000-0000-000000000011/resourceGroups/rg-identity-hub-004/providers/Microsoft.ContainerService/managedClusters/res00912,res00912,Azure Kubernetes Service,Compute,Load Balancer,westeurope,Usage,36.5883,10 GB,41.3039,USD
2026-06-15,00000000-0000-0000-0000-000000000010,sub-identity,rg-network-hub-003,/subscriptions/00000000-0000-0000-0000-000000000010/resourceGroups/rg-network-hub-003/providers/Microsoft.Sql/servers/databases/res00681,res00681,Azure SQL Database,Databases,vCore Gen5,global,Usage,46.4594,10 GB,45.2004,USD
2026-06-15,00000000-0000-0000-0000-000000000005,sub-data-dev,rg-network-corp-001,/subscriptions/00000000-0000-0000-0000-000000000005/resourceGroups/rg-network-corp-001/providers/Microsoft.Web/sites/res00796,res00796,Azure App Service,Compute,I1v2,northeurope,Usage,205.2917,10 GB,39.5347,USD
2026-06-15,00000000-0000-0000-0000-000000000005,sub-data-dev,rg-identity-test-003,/subscriptions/00000000-0000-0000-0000-000000000005/resourceGroups/rg-identity-test-003/providers/Microsoft.Compute/virtualMachines/res00811,res00811,Virtual Machines,Compute,Standard_D4s_v5,uksouth,Usage,105.7512,100 Hours,117.2767,USD
2026-06-15,00000000-0000-0000-0000-000000000009,sub-apps-corp,rg-shared-dev-001,/subscriptions/00000000-0000-0000-0000-000000000009/resourceGroups/rg-shared-dev-001/providers/Microsoft.Web/sites/res00617,res00617,Azure App Service,Compute,I1v2,germanywestcentral,Usage,178.2121,1M Operations,8.9142,USD
2026-06-15,00000000-0000-0000-0000-000000000003,sub-platform-test,rg-shared-hub-004,/subscriptions/00000000-0000-0000-0000-000000000003/resourceGroups/rg-shared-hub-004/providers/Microsoft.OperationalInsights/workspaces/res00888,res00888,Log Analytics,Management and Governance,Data Ingestion,global,Usage,163.959,100 Hours,14.3901,USD
2026-06-15,00000000-0000-0000-0000-000000000009,sub-apps-corp,rg-data-corp-002,/subscriptions/00000000-0000-0000-0000-000000000009/resourceGroups/rg-data-corp-002/providers/Microsoft.ContainerRegistry/registries/res01826,res01826,Container Registry,Containers,Storage,westeurope,Usage,107.8923,10 GB,21.8622,USD
2026-06-15,00000000-0000-0000-0000-000000000001,sub-platform-prod,rg-backup-test-003,/subscriptions/00000000-0000-0000-0000-000000000001/resourceGroups/rg-backup-test-003/providers/Microsoft.Insights/components/res00631,res00631,Azure Monitor,Management and Governance,Metrics,northeurope,Usage,148.867,1 Hour,13.6573,USD
2026-06-15,00000000-0000-0000-0000-000000000004,sub-data-prod,rg-data-hub-002,/subscriptions/00000000-0000-0000-0000-000000000004/resourceGroups/rg-data-hub-002/providers/Microsoft.ContainerService/managedClusters/res00771,res00771,Azure Kubernetes Service,Compute,Load Balancer,francecentral,Usage,98.8914,1 GB,73.187,USD
2026-06-15,00000000-0000-0000-0000-000000000001,sub-platform-prod,rg-monitoring-corp-001,/subscriptions/00000000-0000-0000-0000-000000000001/resourceGroups/rg-monitoring-corp-001/providers/Microsoft.Network/applicationGateways/res01388,res01388,Application Gateway,Networking,Capacity Unit,westeurope,Usage,71.1877,1 Unit,29.9544,USD
2026-06-15,00000000-0000-0000-0000-000000000002,sub-platform-dev,rg-monitoring-test-002,/subscriptions/00000000-0000-0000-0000-000000000002/resourceGroups/rg-monitoring-test-002/providers/Microsoft.Network/ddosProtectionPlans/res00241,res00241,Azure DDoS Protection,Networking,Protection Plan,swedencentral,Usage,218.6563,1 GB/Month,60.6023,USD
2026-06-15,00000000-0000-0000-0000-000000000002,sub-platform-dev,rg-identity-test-004,/subscriptions/00000000-0000-0000-0000-000000000002/resourceGroups/rg-identity-test-004/providers/Microsoft.Sql/servers/databases/res00520,res00520,Azure SQL Database,Databases,DTU,uksouth,Usage,173.8152,1 Hour,35.9205,USD
2026-06-15,00000000-0000-0000-0000-000000000004,sub-data-prod,rg-backup-test-002,/subscriptions/00000000-0000-0000-0000-000000000004/resourceGroups/rg-backup-test-002/providers/Microsoft.ContainerService/managedClusters/res00275,res00275,Azure Kubernetes Service,Compute,Load Balancer,northeurope,Usage,74.0174,1 GB/Month,41.3596,USD
2026-06-15,00000000-0000-0000-0000-000000000010,sub-identity,rg-backup-prod-003,/subscriptions/00000000-0000-0000-0000-000000000010/resourceGroups/rg-backup-prod-003/providers/Microsoft.Sql/managedInstances/res01915,res01915,Azure SQL Managed Instance,Databases,vCore GP,westeurope,Usage,114.2349,1 GB,84.2661,USD
2026-06-15,00000000-0000-0000-0000-000000000008,sub-apps-online,rg-app-hub-003,/subscriptions/00000000-0000-0000-0000-000000000008/resourceGroups/rg-app-hub-003/providers/Microsoft.Network/loadBalancers/res01677,res01677,Load Balancer,Networking,Data Processed,northeurope,Usage,207.5901,10 GB,1.2488,USD
2026-06-15,00000000-0000-0000-0000-000000000006,sub-network-hub,rg-identity-test-003,/subscriptions/00000000-0000-0000-0000-000000000006/resourceGroups/rg-identity-test-003/providers/Microsoft.Network/azureFirewalls/res01658,res01658,Azure Firewall,Networking,Deployment Hours,westeurope,Usage,64.079,1 Hour,40.3238,USD
2026-06-15,00000000-0000-0000-0000-000000000008,sub-apps-online,rg-identity-prod-004,/subscriptions/00000000-0000-0000-0000-000000000008/resourceGroups/rg-identity-prod-004/providers/Microsoft.Network/azureFirewalls/res00784,res00784,Azure Firewall,Networking,Data Processed,swedencentral,Usage,97.8662,1 Hour,30.6384,USD
2026-06-15,00000000-0000-0000-0000-000000000002,sub-platform-dev,rg-security-hub-003,/subscriptions/00000000-0000-0000-0000-000000000002/resourceGroups/rg-security-hub-003/providers/Microsoft.DocumentDB/databaseAccounts/res01318,res01318,Azure Cosmos DB,Databases,RU/s Provisioned,uksouth,Usage,43.1439,10 GB,17.8275,USD
2026-06-15,00000000-0000-0000-0000-000000000005,sub-data-dev,rg-shared-dev-001,/subscriptions/00000000-0000-0000-0000-000000000005/resourceGroups/rg-shared-dev-001/providers/Microsoft.Network/azureFirewalls/res01698,res01698,Azure Firewall,Networking,Data Processed,francecentral,Usage,207.7218,1M Operations,24.9713,USD
2026-06-15,00000000-0000-0000-0000-000000000008,sub-apps-online,rg-backup-test-001,/subscriptions/00000000-0000-0000-0000-000000000008/resourceGroups/rg-backup-test-001/providers/Microsoft.OperationalInsights/workspaces/res01762,res01762,Log Analytics,Management and Governance,Data Ingestion,francecentral,Usage,28.3822,1 Unit,1.5371,USD
2026-06-15,00000000-0000-0000-0000-000000000011,sub-management,rg-data-dev-002,/subscriptions/00000000-0000-0000-0000-000000000011/resourceGroups/rg-data-dev-002/providers/Microsoft.Sql/servers/databases/res01605,res01605,Azure SQL Database,Databases,DTU,germanywestcentral,Usage,210.5204,1 Hour,32.5734,USD
2026-06-15,00000000-0000-0000-0000-000000000010,sub-identity,rg-monitoring-hub-004,/subscriptions/00000000-0000-0000-0000-000000000010/resourceGroups/rg-monitoring-hub-004/providers/Microsoft.KeyVault/vaults/res01360,res01360,Key Vault,Security,Operations,francecentral,Usage,64.3217,1 Hour,5.8697,USD
2026-06-15,00000000-0000-0000-0000-000000000004,sub-data-prod,rg-shared-corp-002,/subscriptions/00000000-0000-0000-0000-000000000004/resourceGroups/rg-shared-corp-002/providers/Microsoft.OperationalInsights/workspaces/res00665,res00665,Log Analytics,Management and Governance,Basic Logs,uksouth,Usage,180.2453,1 Unit,77.8609,USD
2026-06-15,00000000-0000-0000-0000-000000000001,sub-platform-prod,rg-data-prod-002,/subscriptions/00000000-0000-0000-0000-000000000001/resourceGroups/rg-data-prod-002/providers/Microsoft.Databricks/workspaces/res00717,res00717,Azure Databricks,Analytics,Jobs Compute DBU,westeurope,Usage,70.6563,1M Operations,98.8552,USD
2026-06-15,00000000-0000-0000-0000-000000000009,sub-apps-corp,rg-identity-prod-004,/subscriptions/00000000-0000-0000-0000-000000000009/resourceGroups/rg-identity-prod-004/providers/Microsoft.Network/azureFirewalls/res01845,res01845,Azure Firewall,Networking,Data Processed,global,Usage,113.4489,1 Unit,52.0112,USD
2026-06-15,00000000-0000-0000-0000-000000000011,sub-management,rg-app-corp-004,/subscriptions/00000000-0000-0000-0000-000000000011/resourceGroups/rg-app-corp-004/providers/Microsoft.EventHub/namespaces/res00392,res00392,Event Hubs,Analytics,Capture,germanywestcentral,Usage,96.0312,1 Hour,6.1224,USD
2026-06-15,00000000-0000-0000-0000-000000000004,sub-data-prod,rg-identity-test-004,/subscriptions/00000000-0000-0000-0000-000000000004/resourceGroups/rg-identity-test-004/providers/Microsoft.ServiceBus/namespaces/res00334,res00334,Service Bus,Integration,Premium Messaging Unit,francecentral,Usage,77.8855,1 Hour,23.8945,USD
2026-06-15,00000000-0000-0000-0000-000000000005,sub-data-dev,rg-data-hub-001,/subscriptions/00000000-0000-0000-0000-000000000005/resourceGroups/rg-data-hub-001/providers/Microsoft.Security/pricings/res00798,res00798,Microsoft Defender for Cloud,Security,Defender for Storage,francecentral,Usage,156.5836,100 Hours,10.2706,USD
2026-06-15,00000000-0000-0000-0000-000000000011,sub-management,rg-data-hub-004,/subscriptions/00000000-0000-0000-0000-000000000011/resourceGroups/rg-data-hub-004/providers/Microsoft.ContainerService/managedClusters/res00879,res00879,Azure Kubernetes Service,Compute,Standard Tier,westeurope,Usage,13.0918,100 Hours,48.6602,USD
2026-06-15,00000000-0000-0000-0000-000000000012,sub-sandbox,rg-backup-prod-001,/subscriptions/00000000-0000-0000-0000-000000000012/resourceGroups/rg-backup-prod-001/providers/Microsoft.Sql/servers/databases/res01801,res01801,Azure SQL Database,Databases,Business Critical,northeurope,Usage,74.1781,1 Hour,21.204,USD
2026-06-15,00000000-0000-0000-0000-000000000006,sub-network-hub,rg-compute-corp-002,/subscriptions/00000000-0000-0000-0000-000000000006/resourceGroups/rg-compute-corp-002/providers/Microsoft.Network/applicationGateways/res01312,res01312,Application Gateway,Networking,WAF v2 Fixed,francecentral,Usage,178.0509,1 Hour,19.9497,USD
2026-06-15,00000000-0000-0000-0000-000000000008,sub-apps-online,rg-app-hub-001,/subscriptions/00000000-0000-0000-0000-000000000008/resourceGroups/rg-app-hub-001/providers/Microsoft.OperationalInsights/workspaces/res01066,res01066,Log Analytics,Management and Governance,Data Ingestion,northeurope,Usage,62.8174,1 Hour,25.9403,USD
2026-06-15,00000000-0000-0000-0000-000000000010,sub-identity,rg-monitoring-corp-003,/subscriptions/00000000-0000-0000-0000-000000000010/resourceGroups/rg-monitoring-corp-003/providers/Microsoft.Network/bandwidth/res01206,res01206,Bandwidth,Networking,Inter-Region,germanywestcentral,Usage,145.5152,1 GB/Month,31.0872,USD
2026-06-15,00000000-0000-0000-0000-000000000006,sub-network-hub,rg-data-corp-003,/subscriptions/00000000-0000-0000-0000-000000000006/resourceGroups/rg-data-corp-003/providers/Microsoft.Sql/managedInstances/res01765,res01765,Azure SQL Managed Instance,Databases,vCore GP,global,Usage,205.0187,1 Unit,129.3203,USD
2026-06-15,00000000-0000-0000-0000-000000000011,sub-management,rg-backup-hub-002,/subscriptions/00000000-0000-0000-0000-000000000011/resourceGroups/rg-backup-hub-002/providers/Microsoft.ContainerRegistry/registries/res01231,res01231,Container Registry,Containers,Premium Registry,westeurope,Usage,66.1627,1M Operations,4.2303,USD
2026-06-15,00000000-0000-0000-0000-000000000001,sub-platform-prod,rg-monitoring-test-003,/subscriptions/00000000-0000-0000-0000-000000000001/resourceGroups/rg-monitoring-test-003/providers/Microsoft.ContainerService/managedClusters/res00416,res00416,Azure Kubernetes Service,Compute,Load Balancer,westeurope,Usage,22.7527,10 GB,27.9317,USD
2026-06-15,00000000-0000-0000-0000-000000000010,sub-identity,rg-backup-hub-003,/subscriptions/00000000-0000-0000-0000-000000000010/resourceGroups/rg-backup-hub-003/providers/Microsoft.Security/pricings/res00753,res00753,Microsoft Defender for Cloud,Security,Defender for Servers P2,swedencentral,Usage,92.3744,1M Operations,41.2269,USD
2026-06-15,00000000-0000-0000-0000-000000000009,sub-apps-corp,rg-security-prod-002,/subscriptions/00000000-0000-0000-0000-000000000009/resourceGroups/rg-security-prod-002/providers/Microsoft.Security/pricings/res00018,res00018,Microsoft Defender for Cloud,Security,Defender for Servers P2,uksouth,Usage,140.6884,1M Operations,39.5557,USD
2026-06-15,00000000-0000-0000-0000-000000000004,sub-data-prod,rg-identity-prod-004,/subscriptions/00000000-0000-0000-0000-000000000004/resourceGroups/rg-identity-prod-004/providers/Microsoft.Network/azureFirewalls/res00425,res00425,Azure Firewall,Networking,Data Processed,global,Usage,61.807,1 Hour,29.9217,USD
2026-06-15,00000000-0000-0000-0000-000000000005,sub-data-dev,rg-identity-prod-002,/subscriptions/00000000-0000-0000-0000-000000000005/resourceGroups/rg-identity-prod-002/providers/Microsoft.Network/azureFirewalls/res01527,res01527,Azure Firewall,Networking,Data Processed,francecentral,Usage,110.1325,10 GB,55.9566,USD
2026-06-15,00000000-0000-0000-0000-000000000004,sub-data-prod,rg-app-corp-001,/subscriptions/00000000-0000-0000-0000-000000000004/resourceGroups/rg-app-corp-001/providers/Microsoft.Network/azureFirewalls/res00117,res00117,Azure Firewall,Networking,Deployment Hours,northeurope,Usage,103.3792,1M Operations,26.7934,USD
2026-06-15,00000000-0000-0000-0000-000000000011,sub-management,rg-monitoring-dev-001,/subscriptions/00000000-0000-0000-0000-000000000011/resourceGroups/rg-monitoring-dev-001/providers/Microsoft.Network/ddosProtectionPlans/res01067,res01067,Azure DDoS Protection,Networking,Protection Plan,francecentral,Usage,5.5149,1 GB,54.9263,USD
2026-06-15,00000000-0000-0000-0000-000000000008,sub-apps-online,rg-app-corp-003,/subscriptions/00000000-0000-0000-0000-000000000008/resourceGroups/rg-app-corp-003/providers/Microsoft.Network/applicationGateways/res01393,res01393,Application Gateway,Networking,WAF v2 Fixed,francecentral,Usage,108.7524,1 GB/Month,36.1871,USD
2026-06-15,00000000-0000-0000-0000-000000000009,sub-apps-corp,rg-data-hub-004,/subscriptions/00000000-0000-0000-0000-000000000009/resourceGroups/rg-data-hub-004/providers/Microsoft.Web/sites/res01563,res01563,Azure App Service,Compute,I1v2,westeurope,Usage,104.1972,100 Hours,15.1338,USD
2026-06-15,00000000-0000-0000-0000-000000000008,sub-apps-online,rg-security-prod-002,/subscriptions/00000000-0000-0000-0000-000000000008/resourceGroups/rg-security-prod-002/providers/Microsoft.Network/azureFirewalls/res00507,res00507,Azure Firewall,Networking,Data Processed,westeurope,Usage,224.0097,100 Hours,49.872,USD
2026-06-15,00000000-0000-0000-0000-000000000007,sub-network-spoke,rg-compute-prod-002,/subscriptions/00000000-0000-0000-0000-000000000007/resourceGroups/rg-compute-prod-002/providers/Microsoft.Storage/storageAccounts/res01836,res01836,Storage,Storage,Standard Page Blob,global,Usage,7.5708,1 Hour,18.6389,USD
2026-06-15,00000000-0000-0000-0000-000000000003,sub-platform-test,rg-shared-hub-001,/subscriptions/00000000-0000-0000-0000-000000000003/resourceGroups/rg-shared-hub-001/providers/Microsoft.Network/bandwidth/res01298,res01298,Bandwidth,Networking,Data Transfer Out - Zone 1,uksouth,Usage,221.0959,100 Hours,31.7062,USD
2026-06-15,00000000-0000-0000-0000-000000000003,sub-platform-test,rg-compute-dev-003,/subscriptions/00000000-0000-0000-0000-000000000003/resourceGroups/rg-compute-dev-003/providers/Microsoft.Sql/managedInstances/res00363,res00363,Azure SQL Managed Instance,Databases,vCore GP,swedencentral,Usage,155.3558,1 Hour,164.569,USD
2026-06-15,00000000-0000-0000-0000-000000000003,sub-platform-test,rg-data-corp-002,/subscriptions/00000000-0000-0000-0000-000000000003/resourceGroups/rg-data-corp-002/providers/Microsoft.OperationalInsights/workspaces/res01064,res01064,Log Analytics,Management and Governance,Data Ingestion,francecentral,Usage,235.8255,1 Hour,5.3745,USD
2026-06-15,00000000-0000-0000-0000-000000000005,sub-data-dev,rg-monitoring-dev-001,/subscriptions/00000000-0000-0000-0000-000000000005/resourceGroups/rg-monitoring-dev-001/providers/Microsoft.Compute/virtualMachines/res00138,res00138,Virtual Machines,Compute,Standard_D2s_v5,westeurope,Usage,170.1256,1 GB,22.8323,USD
2026-06-15,00000000-0000-0000-0000-000000000005,sub-data-dev,rg-network-prod-002,/subscriptions/00000000-0000-0000-0000-000000000005/resourceGroups/rg-network-prod-002/providers/Microsoft.Web/sites/res01919,res01919,Azure Functions,Compute,Total Executions,uksouth,Usage,89.5441,1 GB/Month,5.0664,USD
2026-06-15,00000000-0000-0000-0000-000000000004,sub-data-prod,rg-backup-dev-004,/subscriptions/00000000-0000-0000-0000-000000000004/resourceGroups/rg-backup-dev-004/providers/Microsoft.Network/azureFirewalls/res01304,res01304,Azure Firewall,Networking,Data Processed,germanywestcentral,Usage,76.1671,1 Unit,36.0902,USD
2026-06-15,00000000-0000-0000-0000-000000000010,sub-identity,rg-monitoring-dev-003,/subscriptions/00000000-0000-0000-0000-000000000010/resourceGroups/rg-monitoring-dev-003/providers/Microsoft.Insights/components/res00493,res00493,Azure Monitor,Management and Governance,Alerts,swedencentral,Usage,128.8512,1 GB/Month,14.7039,USD
2026-06-15,00000000-0000-0000-0000-000000000008,sub-apps-online,rg-shared-hub-003,/subscriptions/00000000-0000-0000-0000-000000000008/resourceGroups/rg-shared-hub-003/providers/Microsoft.OperationalInsights/workspaces/res00839,res00839,Log Analytics,Management and Governance,Basic Logs,swedencentral,Usage,176.1213,1 GB,15.2765,USD
2026-06-15,00000000-0000-0000-0000-000000000012,sub-sandbox,rg-monitoring-hub-002,/subscriptions/00000000-0000-0000-0000-000000000012/resourceGroups/rg-monitoring-hub-002/providers/Microsoft.Databricks/workspaces/res01427,res01427,Azure Databricks,Analytics,Jobs Compute DBU,uksouth,Usage,74.2145,1 Hour,106.7496,USD
2026-06-15,00000000-0000-0000-0000-000000000011,sub-management,rg-identity-prod-002,/subscriptions/00000000-0000-0000-0000-000000000011/resourceGroups/rg-identity-prod-002/providers/Microsoft.Insights/components/res00620,res00620,Azure Monitor,Management and Governance,Metrics,swedencentral,Usage,41.845,1 Unit,5.1989,USD
2026-06-15,00000000-0000-0000-0000-000000000008,sub-apps-online,rg-data-prod-002,/subscriptions/00000000-0000-0000-0000-000000000008/resourceGroups/rg-data-prod-002/providers/Microsoft.Network/azureFirewalls/res01639,res01639,Azure Firewall,Networking,Deployment Hours,global,Usage,23.3062,10 GB,46.3836,USD
2026-06-15,00000000-0000-0000-0000-000000000002,sub-platform-dev,rg-monitoring-dev-002,/subscriptions/00000000-0000-0000-0000-000000000002/resourceGroups/rg-monitoring-dev-002/providers/Microsoft.Web/sites/res01987,res01987,Azure Functions,Compute,Execution Time,global,Usage,111.7492,10 GB,9.8924,USD
2026-06-15,00000000-0000-0000-0000-000000000010,sub-identity,rg-backup-test-004,/subscriptions/00000000-0000-0000-0000-000000000010/resourceGroups/rg-backup-test-004/providers/Microsoft.KeyVault/vaults/res01420,res01420,Key Vault,Security,Operations,uksouth,Usage,193.3473,1 Hour,2.1204,USD
2026-06-15,00000000-0000-0000-0000-000000000005,sub-data-dev,rg-monitoring-corp-002,/subscriptions/00000000-0000-0000-0000-000000000005/resourceGroups/rg-monitoring-corp-002/providers/Microsoft.Storage/storageAccounts/res00049,res00049,Storage,Storage,Cool LRS,northeurope,Usage,85.7979,100 Hours,48.9343,USD
2026-06-15,00000000-0000-0000-0000-000000000012,sub-sandbox,rg-app-corp-002,/subscriptions/00000000-0000-0000-0000-000000000012/resourceGroups/rg-app-corp-002/providers/Microsoft.EventHub/namespaces/res01609,res01609,Event Hubs,Analytics,Throughput Unit,uksouth,Usage,202.6344,1 Unit,15.0472,USD
2026-06-15,00000000-0000-0000-0000-000000000002,sub-platform-dev,rg-shared-dev-001,/subscriptions/00000000-0000-0000-0000-000000000002/resourceGroups/rg-shared-dev-001/providers/Microsoft.ContainerRegistry/registries/res00644,res00644,Container Registry,Containers,Build Minutes,germanywestcentral,Usage,186.2403,100 Hours,17.0212,USD
2026-06-15,00000000-0000-0000-0000-000000000007,sub-network-spoke,rg-backup-prod-002,/subscriptions/00000000-0000-0000-0000-000000000007/resourceGroups/rg-backup-prod-002/providers/Microsoft.Web/sites/res01569,res01569,Azure App Service,Compute,S1,northeurope,Usage,228.6978,1 Unit,45.1872,USD
2026-06-15,00000000-0000-0000-0000-000000000009,sub-apps-corp,rg-data-hub-001,/subscriptions/00000000-0000-0000-0000-000000000009/resourceGroups/rg-data-hub-001/providers/Microsoft.ContainerRegistry/registries/res01199,res01199,Container Registry,Containers,Premium Registry,northeurope,Usage,221.952,1M Operations,16.4989,USD
2026-06-15,00000000-0000-0000-0000-000000000004,sub-data-prod,rg-data-test-003,/subscriptions/00000000-0000-0000-0000-000000000004/resourceGroups/rg-data-test-003/providers/Microsoft.Compute/virtualMachines/res01844,res01844,Virtual Machines,Compute,Standard_B2ms,westeurope,Usage,131.5284,10 GB,18.4602,USD
2026-06-15,00000000-0000-0000-0000-000000000003,sub-platform-test,rg-identity-dev-001,/subscriptions/00000000-0000-0000-0000-000000000003/resourceGroups/rg-identity-dev-001/providers/Microsoft.ContainerRegistry/registries/res00187,res00187,Container Registry,Containers,Build Minutes,uksouth,Usage,167.8427,1 Hour,15.254,USD
2026-06-15,00000000-0000-0000-0000-000000000001,sub-platform-prod,rg-app-corp-004,/subscriptions/00000000-0000-0000-0000-000000000001/resourceGroups/rg-app-corp-004/providers/Microsoft.EventHub/namespaces/res01962,res01962,Event Hubs,Analytics,Capture,francecentral,Usage,77.2482,1 Hour,20.4705,USD
2026-06-15,00000000-0000-0000-0000-000000000001,sub-platform-prod,rg-backup-prod-001,/subscriptions/00000000-0000-0000-0000-000000000001/resourceGroups/rg-credits-001/providers/Microsoft.Billing/adjustments/res02015,credit-02015,Refund,Refund,Service Credit,global,Refund,1,1 Unit,-99.5366,USD
2026-06-15,00000000-0000-0000-0000-000000000003,sub-platform-test,rg-backup-prod-003,/subscriptions/00000000-0000-0000-0000-000000000003/resourceGroups/rg-backup-prod-003/providers/Microsoft.OperationalInsights/workspaces/res00661,res00661,Log Analytics,Management and Governance,Basic Logs,francecentral,Usage,129.7394,1 GB/Month,38.304,USD
2026-06-15,00000000-0000-0000-0000-000000000001,sub-platform-prod,rg-network-test-003,/subscriptions/00000000-0000-0000-0000-000000000001/resourceGroups/rg-network-test-003/providers/Microsoft.Compute/virtualMachines/res00383,res00383,Virtual Machines,Compute,Standard_D2s_v5,germanywestcentral,Usage,183.9037,1 GB/Month,57.2732,USD
2026-06-15,00000000-0000-0000-0000-000000000007,sub-network-spoke,rg-app-test-004,/subscriptions/00000000-0000-0000-0000-000000000007/resourceGroups/rg-app-test-004/providers/Microsoft.KeyVault/vaults/res01367,res01367,Key Vault,Security,HSM Protected Keys,swedencentral,Usage,232.8807,1 Hour,5.1866,USD
2026-06-15,00000000-0000-0000-0000-000000000004,sub-data-prod,rg-backup-corp-003,/subscriptions/00000000-0000-0000-0000-000000000004/resourceGroups/rg-backup-corp-003/providers/Microsoft.Network/bandwidth/res01825,res01825,Bandwidth,Networking,Data Transfer Out - Zone 1,francecentral,Usage,59.7568,1 Unit,32.1532,USD
2026-06-15,00000000-0000-0000-0000-000000000003,sub-platform-test,rg-monitoring-hub-001,/subscriptions/00000000-0000-0000-0000-000000000003/resourceGroups/rg-monitoring-hub-001/providers/Microsoft.Network/bandwidth/res01574,res01574,Bandwidth,Networking,Inter-Region,germanywestcentral,Usage,51.1022,10 GB,26.7465,USD
2026-06-15,00000000-0000-0000-0000-000000000010,sub-identity,rg-shared-corp-002,/subscriptions/00000000-0000-0000-0000-000000000010/resourceGroups/rg-shared-corp-002/providers/Microsoft.Web/sites/res00193,res00193,Azure App Service,Compute,S1,westeurope,Usage,71.0196,100 Hours,7.8291,USD
2026-06-15,00000000-0000-0000-0000-000000000002,sub-platform-dev,rg-monitoring-prod-004,/subscriptions/00000000-0000-0000-0000-000000000002/resourceGroups/rg-monitoring-prod-004/providers/Microsoft.DocumentDB/databaseAccounts/res00277,res00277,Azure Cosmos DB,Databases,RU/s Provisioned,global,Usage,133.4202,10 GB,22.1564,USD
2026-06-15,00000000-0000-0000-0000-000000000008,sub-apps-online,rg-monitoring-hub-002,/subscriptions/00000000-0000-0000-0000-000000000008/resourceGroups/rg-monitoring-hub-002/providers/Microsoft.RecoveryServices/vaults/res00820,res00820,Azure Backup,Storage,Backup Storage LRS,francecentral,Usage,188.7737,1 GB/Month,29.4853,USD
2026-06-15,00000000-0000-0000-0000-000000000010,sub-identity,rg-shared-test-004,/subscriptions/00000000-0000-0000-0000-000000000010/resourceGroups/rg-shared-test-004/providers/Microsoft.Insights/components/res01366,res01366,Azure Monitor,Management and Governance,Application Insights,global,Usage,117.6309,10 GB,22.6253,USD
2026-06-15,00000000-0000-0000-0000-000000000010,sub-identity,rg-monitoring-prod-003,/subscriptions/00000000-0000-0000-0000-000000000010/resourceGroups/rg-monitoring-prod-003/providers/Microsoft.Sql/managedInstances/res00112,res00112,Azure SQL Managed Instance,Databases,vCore BC,uksouth,Usage,92.5109,1 GB/Month,41.6036,USD
2026-06-15,00000000-0000-0000-0000-000000000009,sub-apps-corp,rg-app-hub-002,/subscriptions/00000000-0000-0000-0000-000000000009/resourceGroups/rg-app-hub-002/providers/Microsoft.Web/sites/res00905,res00905,Azure App Service,Compute,I1v2,uksouth,Usage,82.8694,1 Unit,49.3347,USD
2026-06-15,00000000-0000-0000-0000-000000000006,sub-network-hub,rg-identity-dev-003,/subscriptions/00000000-0000-0000-0000-000000000006/resourceGroups/rg-identity-dev-003/providers/Microsoft.Compute/virtualMachines/res00065,res00065,Virtual Machines,Compute,Standard_B2ms,germanywestcentral,Usage,45.1179,1 GB,67.5803,USD
2026-06-15,00000000-0000-0000-0000-000000000001,sub-platform-prod,rg-identity-hub-004,/subscriptions/00000000-0000-0000-0000-000000000001/resourceGroups/rg-identity-hub-004/providers/Microsoft.Network/virtualNetworks/res01676,res01676,Virtual Network,Networking,Data Transfer Out,global,Usage,65.8387,10 GB,0.28,USD
2026-06-15,00000000-0000-0000-0000-000000000008,sub-apps-online,rg-backup-hub-002,/subscriptions/00000000-0000-0000-0000-000000000008/resourceGroups/rg-backup-hub-002/providers/Microsoft.DocumentDB/databaseAccounts/res01498,res01498,Azure Cosmos DB,Databases,Serverless,northeurope,Usage,29.218,1 Unit,68.3829,USD
2026-06-15,00000000-0000-0000-0000-000000000005,sub-data-dev,rg-network-hub-001,/subscriptions/00000000-0000-0000-0000-000000000005/resourceGroups/rg-network-hub-001/providers/Microsoft.ServiceBus/namespaces/res01853,res01853,Service Bus,Integration,Operations,swedencentral,Usage,56.185,1M Operations,27.7434,USD
2026-06-15,00000000-0000-0000-0000-000000000002,sub-platform-dev,rg-monitoring-corp-002,/subscriptions/00000000-0000-0000-0000-000000000002/resourceGroups/rg-monitoring-corp-002/providers/Microsoft.OperationalInsights/workspaces/res01339,res01339,Log Analytics,Management and Governance,Data Retention,swedencentral,Usage,195.9371,1M Operations,107.0434,USD
2026-06-15,00000000-0000-0000-0000-000000000004,sub-data-prod,rg-identity-prod-004,/subscriptions/00000000-0000-0000-0000-000000000004/resourceGroups/rg-identity-prod-004/providers/Microsoft.Security/pricings/res00345,res00345,Microsoft Defender for Cloud,Security,Defender for SQL,germanywestcentral,Usage,71.8692,100 Hours,19.4624,USD
2026-06-15,00000000-0000-0000-0000-000000000005,sub-data-dev,rg-identity-hub-001,/subscriptions/00000000-0000-0000-0000-000000000005/resourceGroups/rg-identity-hub-001/providers/Microsoft.Databricks/workspaces/res00795,res00795,Azure Databricks,Analytics,Jobs Compute DBU,global,Usage,45.6161,1M Operations,108.9984,USD
2026-06-15,00000000-0000-0000-0000-000000000008,sub-apps-online,rg-compute-test-003,/subscriptions/00000000-0000-0000-0000-000000000008/resourceGroups/rg-compute-test-003/providers/Microsoft.Security/pricings/res00646,res00646,Microsoft Defender for Cloud,Security,Defender for Storage,uksouth,Usage,122.3371,1 GB/Month,47.7123,USD
2026-06-15,00000000-0000-0000-0000-000000000002,sub-platform-dev,rg-backup-dev-001,/subscriptions/00000000-0000-0000-0000-000000000002/resourceGroups/rg-backup-dev-001/providers/Microsoft.ContainerRegistry/registries/res01363,res01363,Container Registry,Containers,Premium Registry,uksouth,Usage,12.1164,1 GB/Month,19.7354,USD
2026-06-15,00000000-0000-0000-0000-000000000010,sub-identity,rg-monitoring-prod-002,/subscriptions/00000000-0000-0000-0000-000000000010/resourceGroups/rg-monitoring-prod-002/providers/Microsoft.Insights/components/res00221,res00221,Azure Monitor,Management and Governance,Alerts,germanywestcentral,Usage,103.7617,100 Hours,4.2536,USD
2026-06-15,00000000-0000-0000-0000-000000000010,sub-identity,rg-identity-dev-001,/subscriptions/00000000-0000-0000-0000-000000000010/resourceGroups/rg-identity-dev-001/providers/Microsoft.Storage/storageAccounts/res01500,res01500,Storage,Storage,General Block Blob,global,Usage,58.7579,1 Unit,30.1555,USD
2026-06-15,00000000-0000-0000-0000-000000000002,sub-platform-dev,rg-network-corp-001,/subscriptions/00000000-0000-0000-0000-000000000002/resourceGroups/rg-network-corp-001/providers/Microsoft.Storage/storageAccounts/res01080,res01080,Storage,Storage,Cool LRS,westeurope,Usage,20.3187,10 GB,2.1721,USD
2026-06-15,00000000-0000-0000-0000-000000000003,sub-platform-test,rg-backup-test-004,/subscriptions/00000000-0000-0000-0000-000000000003/resourceGroups/rg-backup-test-004/providers/Microsoft.Compute/virtualMachines/res01370,res01370,Virtual Machines,Compute,Standard_D2s_v5,uksouth,Usage,123.6063,100 Hours,102.5576,USD
2026-06-15,00000000-0000-0000-0000-000000000008,sub-apps-online,rg-compute-hub-003,/subscriptions/00000000-0000-0000-0000-000000000008/resourceGroups/rg-compute-hub-003/providers/Microsoft.ContainerRegistry/registries/res00279,res00279,Container Registry,Containers,Build Minutes,uksouth,Usage,163.8163,1 Unit,3.7253,USD
2026-06-15,00000000-0000-0000-0000-000000000003,sub-platform-test,rg-shared-test-001,/subscriptions/00000000-0000-0000-0000-000000000003/resourceGroups/rg-shared-test-001/providers/Microsoft.Storage/storageAccounts/res00726,res00726,Storage,Storage,Standard Page Blob,northeurope,Usage,222.8684,100 Hours,71.865,USD
2026-06-15,00000000-0000-0000-0000-000000000005,sub-data-dev,rg-monitoring-dev-001,/subscriptions/00000000-0000-0000-0000-000000000005/resourceGroups/rg-monitoring-dev-001/providers/Microsoft.ContainerRegistry/registries/res01672,res01672,Container Registry,Containers,Build Minutes,swedencentral,Usage,123.4466,10 GB,1.3375,USD
2026-06-15,00000000-0000-0000-0000-000000000001,sub-platform-prod,rg-data-dev-004,/subscriptions/00000000-0000-0000-0000-000000000001/resourceGroups/rg-data-dev-004/providers/Microsoft.KeyVault/vaults/res00904,res00904,Key Vault,Security,HSM Protected Keys,germanywestcentral,Usage,164.4306,1 Unit,3.1608,USD
2026-06-15,00000000-0000-0000-0000-000000000007,sub-network-spoke,rg-security-dev-003,/subscriptions/00000000-0000-0000-0000-000000000007/resourceGroups/rg-security-dev-003/providers/Microsoft.KeyVault/vaults/res01771,res01771,Key Vault,Security,Operations,francecentral,Usage,7.7325,1M Operations,3.5673,USD
2026-06-15,00000000-0000-0000-0000-000000000010,sub-identity,rg-shared-hub-001,/subscriptions/00000000-0000-0000-0000-000000000010/resourceGroups/rg-shared-hub-001/providers/Microsoft.Security/pricings/res01232,res01232,Microsoft Defender for Cloud,Security,Defender for Servers P2,francecentral,Usage,191.4064,1 Hour,7.5793,USD
2026-06-15,00000000-0000-0000-0000-000000000001,sub-platform-prod,rg-compute-dev-004,/subscriptions/00000000-0000-0000-0000-000000000001/resourceGroups/rg-compute-dev-004/providers/Microsoft.Security/pricings/res00263,res00263,Microsoft Defender for Cloud,Security,Defender for SQL,westeurope,Usage,74.2613,1 GB,26.9564,USD
2026-06-15,00000000-0000-0000-0000-000000000011,sub-management,rg-data-dev-003,/subscriptions/00000000-0000-0000-0000-000000000011/resourceGroups/rg-data-dev-003/providers/Microsoft.Network/azureFirewalls/res01261,res01261,Azure Firewall,Networking,Data Processed,westeurope,Usage,79.3168,100 Hours,24.2328,USD
2026-06-15,00000000-0000-0000-0000-000000000012,sub-sandbox,rg-network-hub-002,/subscriptions/00000000-0000-0000-0000-000000000012/resourceGroups/rg-network-hub-002/providers/Microsoft.Web/sites/res00185,res00185,Azure Functions,Compute,Execution Time,global,Usage,190.2593,10 GB,10.318,USD
2026-06-15,00000000-0000-0000-0000-000000000003,sub-platform-test,rg-shared-corp-001,/subscriptions/00000000-0000-0000-0000-000000000003/resourceGroups/rg-shared-corp-001/providers/Microsoft.Sql/managedInstances/res01446,res01446,Azure SQL Managed Instance,Databases,vCore GP,swedencentral,Usage,81.1093,1 Unit,94.5424,USD
2026-06-15,00000000-0000-0000-0000-000000000006,sub-network-hub,rg-backup-corp-004,/subscriptions/00000000-0000-0000-0000-000000000006/resourceGroups/rg-backup-corp-004/providers/Microsoft.Network/ddosProtectionPlans/res01705,res01705,Azure DDoS Protection,Networking,Data Processed,global,Usage,140.8399,1M Operations,36.9984,USD
2026-06-15,00000000-0000-0000-0000-000000000011,sub-management,rg-network-test-003,/subscriptions/00000000-0000-0000-0000-000000000011/resourceGroups/rg-network-test-003/providers/Microsoft.Web/sites/res01003,res01003,Azure Functions,Compute,Total Executions,westeurope,Usage,25.3064,1 GB/Month,1.8856,USD
2026-06-15,00000000-0000-0000-0000-000000000012,sub-sandbox,rg-identity-prod-002,/subscriptions/00000000-0000-0000-0000-000000000012/resourceGroups/rg-identity-prod-002/providers/Microsoft.ContainerService/managedClusters/res00405,res00405,Azure Kubernetes Service,Compute,Uptime SLA,uksouth,Usage,195.2015,10 GB,16.4296,USD
2026-06-15,00000000-0000-0000-0000-000000000003,sub-platform-test,rg-identity-dev-003,/subscriptions/00000000-0000-0000-0000-000000000003/resourceGroups/rg-identity-dev-003/providers/Microsoft.Network/applicationGateways/res00831,res00831,Application Gateway,Networking,Capacity Unit,swedencentral,Usage,99.3378,1 GB/Month,26.1952,USD
2026-06-15,00000000-0000-0000-0000-000000000007,sub-network-spoke,rg-compute-dev-002,/subscriptions/00000000-0000-0000-0000-000000000007/resourceGroups/rg-compute-dev-002/providers/Microsoft.Sql/servers/databases/res01024,res01024,Azure SQL Database,Databases,DTU,germanywestcentral,Usage,202.9101,100 Hours,132.9712,USD
2026-06-15,00000000-0000-0000-0000-000000000010,sub-identity,rg-compute-dev-003,/subscriptions/00000000-0000-0000-0000-000000000010/resourceGroups/rg-compute-dev-003/providers/Microsoft.OperationalInsights/workspaces/res01025,res01025,Log Analytics,Management and Governance,Data Ingestion,uksouth,Usage,64.5543,1 Hour,108.2515,USD
2026-06-15,00000000-0000-0000-0000-000000000011,sub-management,rg-app-hub-003,/subscriptions/00000000-0000-0000-0000-000000000011/resourceGroups/rg-app-hub-003/providers/Microsoft.Network/loadBalancers/res00841,res00841,Load Balancer,Networking,Data Processed,germanywestcentral,Usage,25.9644,1 Hour,15.4124,USD
2026-06-15,00000000-0000-0000-0000-000000000012,sub-sandbox,rg-security-test-002,/subscriptions/00000000-0000-0000-0000-000000000012/resourceGroups/rg-security-test-002/providers/Microsoft.Storage/storageAccounts/res01136,res01136,Storage,Storage,General Block Blob,germanywestcentral,Usage,185.8847,1M Operations,54.3374,USD
2026-06-15,00000000-0000-0000-0000-000000000006,sub-network-hub,rg-shared-test-001,/subscriptions/00000000-0000-0000-0000-000000000006/resourceGroups/rg-shared-test-001/providers/Microsoft.Databricks/workspaces/res01805,res01805,Azure Databricks,Analytics,Premium DBU,global,Usage,81.6089,1 Unit,16.8338,USD
2026-06-15,00000000-0000-0000-0000-000000000006,sub-network-hub,rg-network-test-001,/subscriptions/00000000-0000-0000-0000-000000000006/resourceGroups/rg-network-test-001/providers/Microsoft.Network/virtualNetworks/res01330,res01330,Virtual Network,Networking,Private Endpoint,global,Usage,154.9896,1M Operations,7.9354,USD
2026-06-15,00000000-0000-0000-0000-000000000012,sub-sandbox,rg-monitoring-corp-003,/subscriptions/00000000-0000-0000-0000-000000000012/resourceGroups/rg-monitoring-corp-003/providers/Microsoft.Storage/storageAccounts/res01668,res01668,Storage,Storage,Cool LRS,uksouth,Usage,15.2393,1 GB,76.4401,USD
2026-06-15,00000000-0000-0000-0000-000000000006,sub-network-hub,rg-monitoring-dev-002,/subscriptions/00000000-0000-0000-0000-000000000006/resourceGroups/rg-monitoring-dev-002/providers/Microsoft.Network/applicationGateways/res01378,res01378,Application Gateway,Networking,Capacity Unit,global,Usage,119.4377,10 GB,7.9915,USD
2026-06-15,00000000-0000-0000-0000-000000000003,sub-platform-test,rg-compute-test-003,/subscriptions/00000000-0000-0000-0000-000000000003/resourceGroups/rg-compute-test-003/providers/Microsoft.Storage/storageAccounts/res00859,res00859,Storage,Storage,Standard Page Blob,germanywestcentral,Usage,130.6559,1 Hour,17.5733,USD
2026-06-15,00000000-0000-0000-0000-000000000010,sub-identity,rg-data-test-001,/subscriptions/00000000-0000-0000-0000-000000000010/resourceGroups/rg-data-test-001/providers/Microsoft.Sql/servers/databases/res00685,res00685,Azure SQL Database,Databases,DTU,northeurope,Usage,125.6337,1 GB/Month,134.5859,USD
2026-06-15,00000000-0000-0000-0000-000000000001,sub-platform-prod,rg-monitoring-dev-003,/subscriptions/00000000-0000-0000-0000-000000000001/resourceGroups/rg-monitoring-dev-003/providers/Microsoft.ContainerRegistry/registries/res00167,res00167,Container Registry,Containers,Build Minutes,northeurope,Usage,63.7357,1 Unit,23.7802,USD
2026-06-15,00000000-0000-0000-0000-000000000004,sub-data-prod,rg-app-prod-001,/subscriptions/00000000-0000-0000-0000-000000000004/resourceGroups/rg-app-prod-001/providers/Microsoft.Network/virtualNetworks/res01480,res01480,Virtual Network,Networking,Data Transfer Out,germanywestcentral,Usage,233.4437,100 Hours,2.9611,USD
2026-06-15,00000000-0000-0000-0000-000000000005,sub-data-dev,rg-shared-corp-001,/subscriptions/00000000-0000-0000-0000-000000000005/resourceGroups/rg-shared-corp-001/providers/Microsoft.ContainerService/managedClusters/res00042,res00042,Azure Kubernetes Service,Compute,Uptime SLA,uksouth,Usage,234.7531,100 Hours,3.8785,USD
2026-06-15,00000000-0000-0000-0000-000000000008,sub-apps-online,rg-shared-corp-001,/subscriptions/00000000-0000-0000-0000-000000000008/resourceGroups/rg-shared-corp-001/providers/Microsoft.ServiceBus/namespaces/res01775,res01775,Service Bus,Integration,Operations,northeurope,Usage,208.3754,100 Hours,26.9441,USD
2026-06-15,00000000-0000-0000-0000-000000000004,sub-data-prod,rg-security-test-001,/subscriptions/00000000-0000-0000-0000-000000000004/resourceGroups/rg-security-test-001/providers/Microsoft.Insights/components/res01567,res01567,Azure Monitor,Management and Governance,Metrics,francecentral,Usage,48.173,1 Unit,10.6472,USD
2026-06-15,00000000-0000-0000-0000-000000000009,sub-apps-corp,rg-network-dev-004,/subscriptions/00000000-0000-0000-0000-000000000009/resourceGroups/rg-network-dev-004/providers/Microsoft.Network/bandwidth/res00330,res00330,Bandwidth,Networking,Data Transfer Out - Zone 1,swedencentral,Usage,178.9656,10 GB,34.5564,USD
2026-06-15,00000000-0000-0000-0000-000000000005,sub-data-dev,rg-monitoring-hub-002,/subscriptions/00000000-0000-0000-0000-000000000005/resourceGroups/rg-monitoring-hub-002/providers/Microsoft.Web/sites/res00843,res00843,Azure App Service,Compute,P2v3,germanywestcentral,Usage,49.26,1 GB,26.6889,USD
2026-06-15,00000000-0000-0000-0000-000000000009,sub-apps-corp,rg-backup-prod-004,/subscriptions/00000000-0000-0000-0000-000000000009/resourceGroups/rg-backup-prod-004/providers/Microsoft.Web/sites/res01142,res01142,Azure Functions,Compute,Total Executions,northeurope,Usage,126.175,1 Hour,8.1628,USD
2026-06-15,00000000-0000-0000-0000-000000000001,sub-platform-prod,rg-security-hub-003,/subscriptions/00000000-0000-0000-0000-000000000001/resourceGroups/rg-security-hub-003/providers/Microsoft.Network/bandwidth/res00900,res00900,Bandwidth,Networking,Data Transfer Out - Zone 1,uksouth,Usage,163.3246,1 Hour,21.8352,USD
2026-06-15,00000000-0000-0000-0000-000000000006,sub-network-hub,rg-network-prod-004,/subscriptions/00000000-0000-0000-0000-000000000006/resourceGroups/rg-network-prod-004/providers/Microsoft.ServiceBus/namespaces/res00694,res00694,Service Bus,Integration,Operations,francecentral,Usage,36.3768,1 GB/Month,3.8726,USD
2026-06-15,00000000-0000-0000-0000-000000000003,sub-platform-test,rg-monitoring-hub-004,/subscriptions/00000000-0000-0000-0000-000000000003/resourceGroups/rg-monitoring-hub-004/providers/Microsoft.Network/azureFirewalls/res00679,res00679,Azure Firewall,Networking,Data Processed,westeurope,Usage,81.3735,1 Hour,26.0196,USD
2026-06-15,00000000-0000-0000-0000-000000000006,sub-network-hub,rg-identity-corp-004,/subscriptions/00000000-0000-0000-0000-000000000006/resourceGroups/rg-identity-corp-004/providers/Microsoft.OperationalInsights/workspaces/res01980,res01980,Log Analytics,Management and Governance,Data Ingestion,northeurope,Usage,46.9607,1 GB/Month,73.6824,USD
2026-06-15,00000000-0000-0000-0000-000000000006,sub-network-hub,rg-security-test-003,/subscriptions/00000000-0000-0000-0000-000000000006/resourceGroups/rg-security-test-003/providers/Microsoft.ServiceBus/namespaces/res01850,res01850,Service Bus,Integration,Premium Messaging Unit,global,Usage,138.1195,1 GB/Month,24.4598,USD
2026-06-15,00000000-0000-0000-0000-000000000004,sub-data-prod,rg-compute-test-001,/subscriptions/00000000-0000-0000-0000-000000000004/resourceGroups/rg-compute-test-001/providers/Microsoft.KeyVault/vaults/res00476,res00476,Key Vault,Security,Operations,northeurope,Usage,144.2788,1 GB,0.3132,USD
2026-06-15,00000000-0000-0000-0000-000000000001,sub-platform-prod,rg-network-prod-002,/subscriptions/00000000-0000-0000-0000-000000000001/resourceGroups/rg-network-prod-002/providers/Microsoft.ContainerService/managedClusters/res01536,res01536,Azure Kubernetes Service,Compute,Load Balancer,northeurope,Usage,170.8842,10 GB,44.62,USD
2026-06-15,00000000-0000-0000-0000-000000000002,sub-platform-dev,rg-app-hub-004,/subscriptions/00000000-0000-0000-0000-000000000002/resourceGroups/rg-app-hub-004/providers/Microsoft.Compute/virtualMachines/res00032,res00032,Virtual Machines,Compute,Standard_D2s_v5,germanywestcentral,Usage,5.6124,1 Hour,13.3811,USD
2026-06-15,00000000-0000-0000-0000-000000000007,sub-network-spoke,rg-shared-corp-004,/subscriptions/00000000-0000-0000-0000-000000000007/resourceGroups/rg-shared-corp-004/providers/Microsoft.Web/sites/res01424,res01424,Azure Functions,Compute,Execution Time,germanywestcentral,Usage,54.7262,1 GB,11.9343,USD
2026-06-15,00000000-0000-0000-0000-000000000007,sub-network-spoke,rg-security-test-003,/subscriptions/00000000-0000-0000-0000-000000000007/resourceGroups/rg-security-test-003/providers/Microsoft.Storage/storageAccounts/res00484,res00484,Storage,Storage,Hot LRS,uksouth,Usage,117.3069,100 Hours,61.4226,USD
2026-06-15,00000000-0000-0000-0000-000000000007,sub-network-spoke,rg-monitoring-test-001,/subscriptions/00000000-0000-0000-0000-000000000007/resourceGroups/rg-monitoring-test-001/providers/Microsoft.Network/virtualNetworks/res01440,res01440,Virtual Network,Networking,VNet Peering,francecentral,Usage,178.3642,1 GB,14.7142,USD
2026-06-15,00000000-0000-0000-0000-000000000004,sub-data-prod,rg-monitoring-hub-003,/subscriptions/00000000-0000-0000-0000-000000000004/resourceGroups/rg-monitoring-hub-003/providers/Microsoft.Sql/servers/databases/res01688,res01688,Azure SQL Database,Databases,DTU,swedencentral,Usage,232.1958,10 GB,106.2562,USD
2026-06-15,00000000-0000-0000-0000-000000000007,sub-network-spoke,rg-backup-hub-001,/subscriptions/00000000-0000-0000-0000-000000000007/resourceGroups/rg-backup-hub-001/providers/Microsoft.Sql/servers/databases/res01894,res01894,Azure SQL Database,Databases,DTU,global,Usage,52.4943,1 GB/Month,70.8463,USD
2026-06-15,00000000-0000-0000-0000-000000000009,sub-apps-corp,rg-security-prod-004,/subscriptions/00000000-0000-0000-0000-000000000009/resourceGroups/rg-security-prod-004/providers/Microsoft.KeyVault/vaults/res00006,res00006,Key Vault,Security,HSM Protected Keys,francecentral,Usage,100.8499,100 Hours,2.1062,USD
2026-06-15,00000000-0000-0000-0000-000000000006,sub-network-hub,rg-backup-prod-001,/subscriptions/00000000-0000-0000-0000-000000000006/resourceGroups/rg-backup-prod-001/providers/Microsoft.Sql/servers/databases/res01861,res01861,Azure SQL Database,Databases,DTU,uksouth,Usage,179.8725,1 GB,23.2441,USD
2026-06-15,00000000-0000-0000-0000-000000000007,sub-network-spoke,rg-monitoring-corp-004,/subscriptions/00000000-0000-0000-0000-000000000007/resourceGroups/rg-monitoring-corp-004/providers/Microsoft.ContainerService/managedClusters/res00034,res00034,Azure Kubernetes Service,Compute,Load Balancer,global,Usage,164.7826,1 GB,70.637,USD
2026-06-15,00000000-0000-0000-0000-000000000006,sub-network-hub,rg-security-corp-002,/subscriptions/00000000-0000-0000-0000-000000000006/resourceGroups/rg-security-corp-002/providers/Microsoft.KeyVault/vaults/res00719,res00719,Key Vault,Security,HSM Protected Keys,westeurope,Usage,163.8398,1 GB,1.308,USD
2026-06-15,00000000-0000-0000-0000-000000000001,sub-platform-prod,rg-network-test-004,/subscriptions/00000000-0000-0000-0000-000000000001/resourceGroups/rg-network-test-004/providers/Microsoft.Insights/components/res01740,res01740,Azure Monitor,Management and Governance,Alerts,uksouth,Usage,20.4276,1M Operations,19.8018,USD
2026-06-15,00000000-0000-0000-0000-000000000006,sub-network-hub,rg-identity-prod-002,/subscriptions/00000000-0000-0000-0000-000000000006/resourceGroups/rg-identity-prod-002/providers/Microsoft.Storage/storageAccounts/res00435,res00435,Storage,Storage,Hot LRS,swedencentral,Usage,60.0244,10 GB,58.1595,USD
2026-06-15,00000000-0000-0000-0000-000000000008,sub-apps-online,rg-backup-hub-001,/subscriptions/00000000-0000-0000-0000-000000000008/resourceGroups/rg-backup-hub-001/providers/Microsoft.Network/azureFirewalls/res01314,res01314,Azure Firewall,Networking,Data Processed,germanywestcentral,Usage,215.8162,1M Operations,44.3896,USD
2026-06-15,00000000-0000-0000-0000-000000000011,sub-management,rg-data-dev-003,/subscriptions/00000000-0000-0000-0000-000000000011/resourceGroups/rg-data-dev-003/providers/Microsoft.EventHub/namespaces/res01253,res01253,Event Hubs,Analytics,Capture,francecentral,Usage,233.1176,1 GB/Month,10.7054,USD
2026-06-15,00000000-0000-0000-0000-000000000003,sub-platform-test,rg-compute-dev-004,/subscriptions/00000000-0000-0000-0000-000000000003/resourceGroups/rg-compute-dev-004/providers/Microsoft.Network/azureFirewalls/res01301,res01301,Azure Firewall,Networking,Data Processed,uksouth,Usage,95.1389,1 Unit,54.0701,USD
2026-06-15,00000000-0000-0000-0000-000000000010,sub-identity,rg-backup-test-004,/subscriptions/00000000-0000-0000-0000-000000000010/resourceGroups/rg-backup-test-004/providers/Microsoft.ServiceBus/namespaces/res01043,res01043,Service Bus,Integration,Premium Messaging Unit,francecentral,Usage,216.529,10 GB,24.3748,USD
2026-06-15,00000000-0000-0000-0000-000000000009,sub-apps-corp,rg-backup-hub-001,/subscriptions/00000000-0000-0000-0000-000000000009/resourceGroups/rg-backup-hub-001/providers/Microsoft.Network/ddosProtectionPlans/res00197,res00197,Azure DDoS Protection,Networking,Protection Plan,northeurope,Usage,26.0845,1 Hour,42.6855,USD
2026-06-15,00000000-0000-0000-0000-000000000003,sub-platform-test,rg-identity-dev-002,/subscriptions/00000000-0000-0000-0000-000000000003/resourceGroups/rg-identity-dev-002/providers/Microsoft.Network/bandwidth/res00919,res00919,Bandwidth,Networking,Data Transfer Out - Zone 1,northeurope,Usage,234.5302,1M Operations,14.1015,USD
2026-06-15,00000000-0000-0000-0000-000000000004,sub-data-prod,rg-network-prod-002,/subscriptions/00000000-0000-0000-0000-000000000004/resourceGroups/rg-network-prod-002/providers/Microsoft.Insights/components/res01310,res01310,Azure Monitor,Management and Governance,Metrics,swedencentral,Usage,112.9634,1M Operations,6.4246,USD
2026-06-15,00000000-0000-0000-0000-000000000007,sub-network-spoke,rg-monitoring-test-002,/subscriptions/00000000-0000-0000-0000-000000000007/resourceGroups/rg-monitoring-test-002/providers/Microsoft.ContainerService/managedClusters/res00483,res00483,Azure Kubernetes Service,Compute,Load Balancer,northeurope,Usage,89.0188,100 Hours,52.9518,USD
2026-06-15,00000000-0000-0000-0000-000000000008,sub-apps-online,rg-monitoring-hub-003,/subscriptions/00000000-0000-0000-0000-000000000008/resourceGroups/rg-monitoring-hub-003/providers/Microsoft.Sql/managedInstances/res01058,res01058,Azure SQL Managed Instance,Databases,vCore GP,northeurope,Usage,138.7588,100 Hours,127.3827,USD
2026-06-15,00000000-0000-0000-0000-000000000012,sub-sandbox,rg-identity-test-003,/subscriptions/00000000-0000-0000-0000-000000000012/resourceGroups/rg-identity-test-003/providers/Microsoft.Network/azureFirewalls/res00281,res00281,Azure Firewall,Networking,Deployment Hours,swedencentral,Usage,177.2084,10 GB,21.4283,USD
2026-06-15,00000000-0000-0000-0000-000000000010,sub-identity,rg-data-test-001,/subscriptions/00000000-0000-0000-0000-000000000010/resourceGroups/rg-data-test-001/providers/Microsoft.ContainerRegistry/registries/res01131,res01131,Container Registry,Containers,Premium Registry,northeurope,Usage,197.5476,100 Hours,16.6394,USD
2026-06-15,00000000-0000-0000-0000-000000000002,sub-platform-dev,rg-shared-hub-002,/subscriptions/00000000-0000-0000-0000-000000000002/resourceGroups/rg-shared-hub-002/providers/Microsoft.Network/azureFirewalls/res01351,res01351,Azure Firewall,Networking,Data Processed,swedencentral,Usage,36.6077,10 GB,39.3155,USD
2026-06-15,00000000-0000-0000-0000-000000000009,sub-apps-corp,rg-identity-prod-003,/subscriptions/00000000-0000-0000-0000-000000000009/resourceGroups/rg-identity-prod-003/providers/Microsoft.ContainerRegistry/registries/res01430,res01430,Container Registry,Containers,Premium Registry,francecentral,Usage,124.9234,100 Hours,14.7519,USD
2026-06-15,00000000-0000-0000-0000-000000000005,sub-data-dev,rg-compute-prod-003,/subscriptions/00000000-0000-0000-0000-000000000005/resourceGroups/rg-compute-prod-003/providers/Microsoft.ServiceBus/namespaces/res00165,res00165,Service Bus,Integration,Operations,northeurope,Usage,16.2469,100 Hours,19.7748,USD
2026-06-15,00000000-0000-0000-0000-000000000002,sub-platform-dev,rg-shared-prod-001,/subscriptions/00000000-0000-0000-0000-000000000002/resourceGroups/rg-shared-prod-001/providers/Microsoft.ContainerService/managedClusters/res00478,res00478,Azure Kubernetes Service,Compute,Standard Tier,swedencentral,Usage,74.6174,1 Unit,51.1311,USD
2026-06-15,00000000-0000-0000-0000-000000000006,sub-network-hub,rg-app-hub-003,/subscriptions/00000000-0000-0000-0000-000000000006/resourceGroups/rg-app-hub-003/providers/Microsoft.EventHub/namespaces/res01931,res01931,Event Hubs,Analytics,Throughput Unit,germanywestcentral,Usage,103.8027,10 GB,2.6099,USD
2026-06-15,00000000-0000-0000-0000-000000000005,sub-data-dev,rg-data-dev-003,/subscriptions/00000000-0000-0000-0000-000000000005/resourceGroups/rg-data-dev-003/providers/Microsoft.ContainerService/managedClusters/res01946,res01946,Azure Kubernetes Service,Compute,Load Balancer,germanywestcentral,Usage,1.6075,1 Unit,58.5692,USD
2026-06-15,00000000-0000-0000-0000-000000000003,sub-platform-test,rg-compute-hub-003,/subscriptions/00000000-0000-0000-0000-000000000003/resourceGroups/rg-compute-hub-003/providers/Microsoft.Insights/components/res00670,res00670,Azure Monitor,Management and Governance,Metrics,global,Usage,223.8764,1 Unit,10.6551,USD
2026-06-15,00000000-0000-0000-0000-000000000011,sub-management,rg-network-corp-003,/subscriptions/00000000-0000-0000-0000-000000000011/resourceGroups/rg-network-corp-003/providers/Microsoft.Network/bandwidth/res01148,res01148,Bandwidth,Networking,Inter-Region,swedencentral,Usage,75.6924,1 Unit,11.0685,USD
2026-06-15,00000000-0000-0000-0000-000000000006,sub-network-hub,rg-compute-corp-004,/subscriptions/00000000-0000-0000-0000-000000000006/resourceGroups/rg-compute-corp-004/providers/Microsoft.Network/virtualNetworks/res00080,res00080,Virtual Network,Networking,Data Transfer Out,germanywestcentral,Usage,140.6838,1 Unit,1.5104,USD
2026-06-15,00000000-0000-0000-0000-000000000010,sub-identity,rg-security-corp-001,/subscriptions/00000000-0000-0000-0000-000000000010/resourceGroups/rg-security-corp-001/providers/Microsoft.ServiceBus/namespaces/res01744,res01744,Service Bus,Integration,Premium Messaging Unit,germanywestcentral,Usage,161.434,1 GB,17.7452,USD
2026-06-15,00000000-0000-0000-0000-000000000011,sub-management,rg-monitoring-hub-004,/subscriptions/00000000-0000-0000-0000-000000000011/resourceGroups/rg-monitoring-hub-004/providers/Microsoft.Web/sites/res01583,res01583,Azure Functions,Compute,Total Executions,global,Usage,202.0749,1M Operations,4.1055,USD
2026-06-15,00000000-0000-0000-0000-000000000011,sub-management,rg-security-dev-001,/subscriptions/00000000-0000-0000-0000-000000000011/resourceGroups/rg-security-dev-001/providers/Microsoft.EventHub/namespaces/res00892,res00892,Event Hubs,Analytics,Capture,germanywestcentral,Usage,149.8768,100 Hours,17.8148,USD
2026-06-15,00000000-0000-0000-0000-000000000007,sub-network-spoke,rg-compute-hub-003,/subscriptions/00000000-0000-0000-0000-000000000007/resourceGroups/rg-compute-hub-003/providers/Microsoft.Databricks/workspaces/res01008,res01008,Azure Databricks,Analytics,Standard DBU,swedencentral,Usage,165.521,1 Unit,88.5794,USD
2026-06-15,00000000-0000-0000-0000-000000000009,sub-apps-corp,rg-security-corp-001,/subscriptions/00000000-0000-0000-0000-000000000009/resourceGroups/rg-security-corp-001/providers/Microsoft.Network/azureFirewalls/res00142,res00142,Azure Firewall,Networking,Deployment Hours,swedencentral,Usage,99.0796,100 Hours,58.6265,USD
2026-06-15,00000000-0000-0000-0000-000000000006,sub-network-hub,rg-identity-dev-001,/subscriptions/00000000-0000-0000-0000-000000000006/resourceGroups/rg-identity-dev-001/providers/Microsoft.DocumentDB/databaseAccounts/res01408,res01408,Azure Cosmos DB,Databases,RU/s Provisioned,germanywestcentral,Usage,76.6145,1 Hour,57.217,USD
2026-06-15,00000000-0000-0000-0000-000000000001,sub-platform-prod,rg-backup-prod-002,/subscriptions/00000000-0000-0000-0000-000000000001/resourceGroups/rg-backup-prod-002/providers/Microsoft.EventHub/namespaces/res00809,res00809,Event Hubs,Analytics,Throughput Unit,westeurope,Usage,144.4041,1 Hour,1.9827,USD
2026-06-15,00000000-0000-0000-0000-000000000008,sub-apps-online,rg-backup-corp-004,/subscriptions/00000000-0000-0000-0000-000000000008/resourceGroups/rg-backup-corp-004/providers/Microsoft.Network/azureFirewalls/res01723,res01723,Azure Firewall,Networking,Deployment Hours,francecentral,Usage,173.4091,1M Operations,59.498,USD
2026-06-15,00000000-0000-0000-0000-000000000002,sub-platform-dev,rg-network-dev-003,/subscriptions/00000000-0000-0000-0000-000000000002/resourceGroups/rg-network-dev-003/providers/Microsoft.Network/azureFirewalls/res01683,res01683,Azure Firewall,Networking,Deployment Hours,northeurope,Usage,70.9941,100 Hours,52.1555,USD
2026-06-15,00000000-0000-0000-0000-000000000005,sub-data-dev,rg-data-dev-003,/subscriptions/00000000-0000-0000-0000-000000000005/resourceGroups/rg-data-dev-003/providers/Microsoft.Network/bandwidth/res01018,res01018,Bandwidth,Networking,Inter-Region,westeurope,Usage,218.2383,1 Hour,7.5325,USD
2026-06-15,00000000-0000-0000-0000-000000000003,sub-platform-test,rg-security-test-003,/subscriptions/00000000-0000-0000-0000-000000000003/resourceGroups/rg-security-test-003/providers/Microsoft.DocumentDB/databaseAccounts/res01055,res01055,Azure Cosmos DB,Databases,Storage,westeurope,Usage,205.2089,1M Operations,33.7717,USD
2026-06-15,00000000-0000-0000-0000-000000000006,sub-network-hub,rg-data-dev-002,/subscriptions/00000000-0000-0000-0000-000000000006/resourceGroups/rg-data-dev-002/providers/Microsoft.Network/applicationGateways/res01470,res01470,Application Gateway,Networking,WAF v2 Fixed,francecentral,Usage,145.6675,1 GB/Month,30.3139,USD
2026-06-15,00000000-0000-0000-0000-000000000006,sub-network-hub,rg-app-hub-004,/subscriptions/00000000-0000-0000-0000-000000000006/resourceGroups/rg-app-hub-004/providers/Microsoft.Network/bandwidth/res00671,res00671,Bandwidth,Networking,Data Transfer Out - Zone 1,global,Usage,49.1531,1 Unit,11.7493,USD
2026-06-15,00000000-0000-0000-0000-000000000001,sub-platform-prod,rg-app-prod-001,/subscriptions/00000000-0000-0000-0000-000000000001/resourceGroups/rg-app-prod-001/providers/Microsoft.Sql/servers/databases/res01488,res01488,Azure SQL Database,Databases,vCore Gen5,francecentral,Usage,228.8851,1 Hour,26.4723,USD
2026-06-15,00000000-0000-0000-0000-000000000006,sub-network-hub,rg-monitoring-corp-003,/subscriptions/00000000-0000-0000-0000-000000000006/resourceGroups/rg-monitoring-corp-003/providers/Microsoft.Sql/managedInstances/res00487,res00487,Azure SQL Managed Instance,Databases,vCore GP,francecentral,Usage,188.2194,10 GB,81.8922,USD
2026-06-15,00000000-0000-0000-0000-000000000011,sub-management,rg-security-prod-001,/subscriptions/00000000-0000-0000-0000-000000000011/resourceGroups/rg-security-prod-001/providers/Microsoft.Network/applicationGateways/res00739,res00739,Application Gateway,Networking,Capacity Unit,global,Usage,34.71,1 Hour,10.9021,USD
2026-06-15,00000000-0000-0000-0000-000000000003,sub-platform-test,rg-monitoring-dev-003,/subscriptions/00000000-0000-0000-0000-000000000003/resourceGroups/rg-monitoring-dev-003/providers/Microsoft.Storage/storageAccounts/res00607,res00607,Storage,Storage,Hot LRS,uksouth,Usage,230.5443,1M Operations,24.285,USD
2026-06-15,00000000-0000-0000-0000-000000000002,sub-platform-dev,rg-identity-test-003,/subscriptions/00000000-0000-0000-0000-000000000002/resourceGroups/rg-identity-test-003/providers/Microsoft.Sql/managedInstances/res00967,res00967,Azure SQL Managed Instance,Databases,vCore BC,uksouth,Usage,171.7013,100 Hours,134.9644,USD
2026-06-15,00000000-0000-0000-0000-000000000006,sub-network-hub,rg-data-corp-004,/subscriptions/00000000-0000-0000-0000-000000000006/resourceGroups/rg-data-corp-004/providers/Microsoft.Web/sites/res01616,res01616,Azure Functions,Compute,Total Executions,swedencentral,Usage,49.8455,100 Hours,6.1339,USD
2026-06-15,00000000-0000-0000-0000-000000000006,sub-network-hub,rg-security-dev-002,/subscriptions/00000000-0000-0000-0000-000000000006/resourceGroups/rg-security-dev-002/providers/Microsoft.Network/virtualNetworks/res00649,res00649,Virtual Network,Networking,Private Endpoint,westeurope,Usage,80.7827,1 Hour,12.3944,USD
2026-06-15,00000000-0000-0000-0000-000000000011,sub-management,rg-data-test-004,/subscriptions/00000000-0000-0000-0000-000000000011/resourceGroups/rg-data-test-004/providers/Microsoft.Web/sites/res00300,res00300,Azure Functions,Compute,Total Executions,uksouth,Usage,174.8544,1 GB,6.0313,USD
2026-06-15,00000000-0000-0000-0000-000000000007,sub-network-spoke,rg-identity-test-004,/subscriptions/00000000-0000-0000-0000-000000000007/resourceGroups/rg-identity-test-004/providers/Microsoft.Sql/managedInstances/res01469,res01469,Azure SQL Managed Instance,Databases,vCore BC,westeurope,Usage,236.5826,1 GB,107.6047,USD
2026-06-15,00000000-0000-0000-0000-000000000005,sub-data-dev,rg-data-corp-004,/subscriptions/00000000-0000-0000-0000-000000000005/resourceGroups/rg-data-corp-004/providers/Microsoft.Network/azureFirewalls/res00877,res00877,Azure Firewall,Networking,Deployment Hours,westeurope,Usage,82.5226,1 GB,35.8074,USD
2026-06-15,00000000-0000-0000-0000-000000000009,sub-apps-corp,rg-backup-hub-004,/subscriptions/00000000-0000-0000-0000-000000000009/resourceGroups/rg-backup-hub-004/providers/Microsoft.Network/virtualNetworks/res00776,res00776,Virtual Network,Networking,Data Transfer Out,northeurope,Usage,154.8178,1 GB,5.7741,USD
2026-06-15,00000000-0000-0000-0000-000000000005,sub-data-dev,rg-compute-hub-004,/subscriptions/00000000-0000-0000-0000-000000000005/resourceGroups/rg-compute-hub-004/providers/Microsoft.Security/pricings/res01778,res01778,Microsoft Defender for Cloud,Security,Defender for Servers P2,swedencentral,Usage,187.4565,100 Hours,13.6098,USD
2026-06-15,00000000-0000-0000-0000-000000000012,sub-sandbox,rg-app-test-002,/subscriptions/00000000-0000-0000-0000-000000000012/resourceGroups/rg-app-test-002/providers/Microsoft.Security/pricings/res01896,res01896,Microsoft Defender for Cloud,Security,Defender for Servers P2,uksouth,Usage,35.4306,1 GB/Month,5.3663,USD
2026-06-15,00000000-0000-0000-0000-000000000011,sub-management,rg-shared-dev-004,/subscriptions/00000000-0000-0000-0000-000000000011/resourceGroups/rg-shared-dev-004/providers/Microsoft.Sql/servers/databases/res01945,res01945,Azure SQL Database,Databases,vCore Gen5,westeurope,Usage,67.0518,1M Operations,67.0623,USD
2026-06-15,00000000-0000-0000-0000-000000000001,sub-platform-prod,rg-monitoring-test-001,/subscriptions/00000000-0000-0000-0000-000000000001/resourceGroups/rg-monitoring-test-001/providers/Microsoft.Network/azureFirewalls/res01309,res01309,Azure Firewall,Networking,Data Processed,uksouth,Usage,93.7855,1 GB/Month,26.474,USD
2026-06-15,00000000-0000-0000-0000-000000000002,sub-platform-dev,rg-backup-corp-003,/subscriptions/00000000-0000-0000-0000-000000000002/resourceGroups/rg-backup-corp-003/providers/Microsoft.OperationalInsights/workspaces/res00408,res00408,Log Analytics,Management and Governance,Data Ingestion,francecentral,Usage,50.4851,1 Unit,101.203,USD
2026-06-15,00000000-0000-0000-0000-000000000001,sub-platform-prod,rg-network-hub-003,/subscriptions/00000000-0000-0000-0000-000000000001/resourceGroups/rg-network-hub-003/providers/Microsoft.Network/loadBalancers/res01963,res01963,Load Balancer,Networking,Data Processed,francecentral,Usage,11.862,1 Unit,14.3002,USD
2026-06-15,00000000-0000-0000-0000-000000000002,sub-platform-dev,rg-backup-dev-003,/subscriptions/00000000-0000-0000-0000-000000000002/resourceGroups/rg-backup-dev-003/providers/Microsoft.ServiceBus/namespaces/res01535,res01535,Service Bus,Integration,Premium Messaging Unit,northeurope,Usage,31.7402,10 GB,24.0859,USD
2026-06-15,00000000-0000-0000-0000-000000000002,sub-platform-dev,rg-shared-corp-003,/subscriptions/00000000-0000-0000-0000-000000000002/resourceGroups/rg-shared-corp-003/providers/Microsoft.RecoveryServices/vaults/res00276,res00276,Azure Backup,Storage,Protected Instances,global,Usage,39.8849,1M Operations,25.1317,USD
2026-06-15,00000000-0000-0000-0000-000000000002,sub-platform-dev,rg-backup-dev-002,/subscriptions/00000000-0000-0000-0000-000000000002/resourceGroups/rg-backup-dev-002/providers/Microsoft.RecoveryServices/vaults/res00627,res00627,Azure Backup,Storage,Backup Storage LRS,uksouth,Usage,52.5627,100 Hours,6.7348,USD
2026-06-15,00000000-0000-0000-0000-000000000003,sub-platform-test,rg-identity-dev-003,/subscriptions/00000000-0000-0000-0000-000000000003/resourceGroups/rg-identity-dev-003/providers/Microsoft.Sql/managedInstances/res00939,res00939,Azure SQL Managed Instance,Databases,vCore GP,northeurope,Usage,65.1972,1 GB,135.4704,USD
2026-06-15,00000000-0000-0000-0000-000000000002,sub-platform-dev,rg-identity-dev-002,/subscriptions/00000000-0000-0000-0000-000000000002/resourceGroups/rg-identity-dev-002/providers/Microsoft.ServiceBus/namespaces/res01083,res01083,Service Bus,Integration,Operations,swedencentral,Usage,86.7478,1 GB,19.0849,USD
2026-06-15,00000000-0000-0000-0000-000000000004,sub-data-prod,rg-monitoring-hub-004,/subscriptions/00000000-0000-0000-0000-000000000004/resourceGroups/rg-monitoring-hub-004/providers/Microsoft.Network/applicationGateways/res01989,res01989,Application Gateway,Networking,WAF v2 Fixed,northeurope,Usage,175.2405,10 GB,40.1086,USD
2026-06-15,00000000-0000-0000-0000-000000000007,sub-network-spoke,rg-reservations-001,/subscriptions/00000000-0000-0000-0000-000000000007/resourceGroups/rg-reservations-001/providers/Microsoft.Capacity/reservationOrders/res02008,reserved-02008,Reservations,Reservations,SQL vCore Reserved,germanywestcentral,Purchase,1,1 Unit,745.3314,USD
2026-06-15,00000000-0000-0000-0000-000000000012,sub-sandbox,rg-app-test-002,/subscriptions/00000000-0000-0000-0000-000000000012/resourceGroups/rg-app-test-002/providers/Microsoft.KeyVault/vaults/res01320,res01320,Key Vault,Security,Operations,westeurope,Usage,128.8893,100 Hours,3.3871,USD
2026-06-15,00000000-0000-0000-0000-000000000012,sub-sandbox,rg-security-prod-004,/subscriptions/00000000-0000-0000-0000-000000000012/resourceGroups/rg-security-prod-004/providers/Microsoft.Network/loadBalancers/res00895,res00895,Load Balancer,Networking,Data Processed,swedencentral,Usage,76.2178,1 GB/Month,15.1076,USD
2026-06-15,00000000-0000-0000-0000-000000000001,sub-platform-prod,rg-backup-prod-001,/subscriptions/00000000-0000-0000-0000-000000000001/resourceGroups/rg-backup-prod-001/providers/Microsoft.Storage/storageAccounts/res01145,res01145,Storage,Storage,Cool LRS,global,Usage,32.2235,1 GB,61.8464,USD
2026-06-15,00000000-0000-0000-0000-000000000002,sub-platform-dev,rg-data-corp-003,/subscriptions/00000000-0000-0000-0000-000000000002/resourceGroups/rg-data-corp-003/providers/Microsoft.Network/virtualNetworks/res00181,res00181,Virtual Network,Networking,VNet Peering,germanywestcentral,Usage,113.0454,1 GB/Month,10.0114,USD
2026-06-15,00000000-0000-0000-0000-000000000007,sub-network-spoke,rg-shared-prod-001,/subscriptions/00000000-0000-0000-0000-000000000007/resourceGroups/rg-shared-prod-001/providers/Microsoft.Web/sites/res00997,res00997,Azure App Service,Compute,P2v3,northeurope,Usage,89.5896,10 GB,10.5306,USD
2026-06-15,00000000-0000-0000-0000-000000000002,sub-platform-dev,rg-network-test-004,/subscriptions/00000000-0000-0000-0000-000000000002/resourceGroups/rg-network-test-004/providers/Microsoft.Sql/servers/databases/res00124,res00124,Azure SQL Database,Databases,DTU,germanywestcentral,Usage,198.4331,10 GB,91.8922,USD
2026-06-15,00000000-0000-0000-0000-000000000007,sub-network-spoke,rg-backup-hub-003,/subscriptions/00000000-0000-0000-0000-000000000007/resourceGroups/rg-backup-hub-003/providers/Microsoft.ContainerService/managedClusters/res01365,res01365,Azure Kubernetes Service,Compute,Load Balancer,global,Usage,44.6666,100 Hours,22.9217,USD
2026-06-15,00000000-0000-0000-0000-000000000003,sub-platform-test,rg-monitoring-prod-004,/subscriptions/00000000-0000-0000-0000-000000000003/resourceGroups/rg-monitoring-prod-004/providers/Microsoft.Network/virtualNetworks/res01238,res01238,Virtual Network,Networking,Data Transfer Out,germanywestcentral,Usage,14.6372,100 Hours,13.076,USD
2026-06-15,00000000-0000-0000-0000-000000000001,sub-platform-prod,rg-identity-hub-003,/subscriptions/00000000-0000-0000-0000-000000000001/resourceGroups/rg-identity-hub-003/providers/Microsoft.EventHub/namespaces/res01513,res01513,Event Hubs,Analytics,Throughput Unit,uksouth,Usage,86.5502,1 GB,6.675,USD
2026-06-15,00000000-0000-0000-0000-000000000006,sub-network-hub,rg-security-test-002,/subscriptions/00000000-0000-0000-0000-000000000006/resourceGroups/rg-security-test-002/providers/Microsoft.Network/bandwidth/res00119,res00119,Bandwidth,Networking,Inter-Region,uksouth,Usage,229.6349,1M Operations,23.3026,USD
2026-06-15,00000000-0000-0000-0000-000000000004,sub-data-prod,rg-app-corp-001,/subscriptions/00000000-0000-0000-0000-000000000004/resourceGroups/rg-app-corp-001/providers/Microsoft.OperationalInsights/workspaces/res01379,res01379,Log Analytics,Management and Governance,Basic Logs,germanywestcentral,Usage,100.2013,1 Unit,107.1644,USD
2026-06-15,00000000-0000-0000-0000-000000000012,sub-sandbox,rg-data-prod-001,/subscriptions/00000000-0000-0000-0000-000000000012/resourceGroups/rg-data-prod-001/providers/Microsoft.OperationalInsights/workspaces/res01596,res01596,Log Analytics,Management and Governance,Data Retention,northeurope,Usage,60.0339,1 GB,6.8843,USD
2026-06-15,00000000-0000-0000-0000-000000000003,sub-platform-test,rg-security-corp-004,/subscriptions/00000000-0000-0000-0000-000000000003/resourceGroups/rg-security-corp-004/providers/Microsoft.RecoveryServices/vaults/res00403,res00403,Azure Backup,Storage,Backup Storage LRS,germanywestcentral,Usage,190.1472,1 GB/Month,10.9406,USD
2026-06-15,00000000-0000-0000-0000-000000000001,sub-platform-prod,rg-app-dev-003,/subscriptions/00000000-0000-0000-0000-000000000001/resourceGroups/rg-app-dev-003/providers/Microsoft.KeyVault/vaults/res01237,res01237,Key Vault,Security,Operations,westeurope,Usage,96.9721,1 Hour,2.222,USD
2026-06-15,00000000-0000-0000-0000-000000000002,sub-platform-dev,rg-compute-dev-001,/subscriptions/00000000-0000-0000-0000-000000000002/resourceGroups/rg-compute-dev-001/providers/Microsoft.DocumentDB/databaseAccounts/res00774,res00774,Azure Cosmos DB,Databases,Serverless,northeurope,Usage,76.6048,1 GB/Month,39.9693,USD
2026-06-15,00000000-0000-0000-0000-000000000002,sub-platform-dev,rg-data-corp-004,/subscriptions/00000000-0000-0000-0000-000000000002/resourceGroups/rg-data-corp-004/providers/Microsoft.Sql/servers/databases/res01303,res01303,Azure SQL Database,Databases,General Purpose,westeurope,Usage,122.6694,10 GB,11.3485,USD
2026-06-15,00000000-0000-0000-0000-000000000008,sub-apps-online,rg-shared-corp-003,/subscriptions/00000000-0000-0000-0000-000000000008/resourceGroups/rg-shared-corp-003/providers/Microsoft.Network/azureFirewalls/res00482,res00482,Azure Firewall,Networking,Data Processed,global,Usage,37.8183,1 GB,22.2512,USD
2026-06-15,00000000-0000-0000-0000-000000000008,sub-apps-online,rg-network-hub-004,/subscriptions/00000000-0000-0000-0000-000000000008/resourceGroups/rg-network-hub-004/providers/Microsoft.EventHub/namespaces/res00411,res00411,Event Hubs,Analytics,Throughput Unit,swedencentral,Usage,20.5413,100 Hours,2.361,USD
2026-06-15,00000000-0000-0000-0000-000000000010,sub-identity,rg-backup-test-003,/subscriptions/00000000-0000-0000-0000-000000000010/resourceGroups/rg-backup-test-003/providers/Microsoft.ContainerRegistry/registries/res00449,res00449,Container Registry,Containers,Premium Registry,germanywestcentral,Usage,32.4416,10 GB,13.4451,USD
2026-06-15,00000000-0000-0000-0000-000000000006,sub-network-hub,rg-network-corp-002,/subscriptions/00000000-0000-0000-0000-000000000006/resourceGroups/rg-network-corp-002/providers/Microsoft.Network/applicationGateways/res01623,res01623,Application Gateway,Networking,Capacity Unit,francecentral,Usage,185.327,1 GB,13.671,USD
2026-06-15,00000000-0000-0000-0000-000000000003,sub-platform-test,rg-data-dev-001,/subscriptions/00000000-0000-0000-0000-000000000003/resourceGroups/rg-data-dev-001/providers/Microsoft.RecoveryServices/vaults/res00874,res00874,Azure Backup,Storage,Backup Storage LRS,uksouth,Usage,152.9229,1 GB,32.8522,USD
2026-06-15,00000000-0000-0000-0000-000000000003,sub-platform-test,rg-shared-prod-004,/subscriptions/00000000-0000-0000-0000-000000000003/resourceGroups/rg-shared-prod-004/providers/Microsoft.Network/applicationGateways/res01504,res01504,Application Gateway,Networking,Capacity Unit,uksouth,Usage,99.2442,1 GB/Month,37.2997,USD
2026-06-15,00000000-0000-0000-0000-000000000011,sub-management,rg-app-test-002,/subscriptions/00000000-0000-0000-0000-000000000011/resourceGroups/rg-app-test-002/providers/Microsoft.Storage/storageAccounts/res00077,res00077,Storage,Storage,Hot LRS,northeurope,Usage,166.3388,10 GB,86.6976,USD
2026-06-15,00000000-0000-0000-0000-000000000002,sub-platform-dev,rg-compute-dev-003,/subscriptions/00000000-0000-0000-0000-000000000002/resourceGroups/rg-compute-dev-003/providers/Microsoft.Network/azureFirewalls/res01663,res01663,Azure Firewall,Networking,Data Processed,westeurope,Usage,62.9146,1 Hour,40.5701,USD
2026-06-15,00000000-0000-0000-0000-000000000011,sub-management,rg-backup-dev-003,/subscriptions/00000000-0000-0000-0000-000000000011/resourceGroups/rg-backup-dev-003/providers/Microsoft.Network/azureFirewalls/res00371,res00371,Azure Firewall,Networking,Deployment Hours,francecentral,Usage,234.988,1M Operations,33.309,USD
2026-06-15,00000000-0000-0000-0000-000000000011,sub-management,rg-network-prod-004,/subscriptions/00000000-0000-0000-0000-000000000011/resourceGroups/rg-network-prod-004/providers/Microsoft.Network/ddosProtectionPlans/res00645,res00645,Azure DDoS Protection,Networking,Protection Plan,global,Usage,166.4162,10 GB,74.0961,USD
2026-06-15,00000000-0000-0000-0000-000000000009,sub-apps-corp,rg-shared-corp-001,/subscriptions/00000000-0000-0000-0000-000000000009/resourceGroups/rg-shared-corp-001/providers/Microsoft.OperationalInsights/workspaces/res00755,res00755,Log Analytics,Management and Governance,Data Retention,northeurope,Usage,179.6947,10 GB,101.7351,USD
2026-06-15,00000000-0000-0000-0000-000000000005,sub-data-dev,rg-network-hub-003,/subscriptions/00000000-0000-0000-0000-000000000005/resourceGroups/rg-network-hub-003/providers/Microsoft.Network/azureFirewalls/res01858,res01858,Azure Firewall,Networking,Data Processed,germanywestcentral,Usage,226.4109,1 Unit,43.5642,USD
2026-06-15,00000000-0000-0000-0000-000000000011,sub-management,rg-monitoring-test-001,/subscriptions/00000000-0000-0000-0000-000000000011/resourceGroups/rg-monitoring-test-001/providers/Microsoft.Security/pricings/res01649,res01649,Microsoft Defender for Cloud,Security,Defender for Servers P2,westeurope,Usage,136.0849,1 Hour,3.2603,USD
2026-06-15,00000000-0000-0000-0000-000000000012,sub-sandbox,rg-network-hub-003,/subscriptions/00000000-0000-0000-0000-000000000012/resourceGroups/rg-network-hub-003/providers/Microsoft.Storage/storageAccounts/res01397,res01397,Storage,Storage,Hot LRS,westeurope,Usage,195.4302,1 GB/Month,86.8763,USD
2026-06-15,00000000-0000-0000-0000-000000000012,sub-sandbox,rg-security-hub-001,/subscriptions/00000000-0000-0000-0000-000000000012/resourceGroups/rg-security-hub-001/providers/Microsoft.Network/virtualNetworks/res01133,res01133,Virtual Network,Networking,Data Transfer Out,westeurope,Usage,221.7618,1 GB,10.6311,USD
2026-06-15,00000000-0000-0000-0000-000000000011,sub-management,rg-shared-dev-001,/subscriptions/00000000-0000-0000-0000-000000000011/resourceGroups/rg-shared-dev-001/providers/Microsoft.Network/ddosProtectionPlans/res01268,res01268,Azure DDoS Protection,Networking,Data Processed,francecentral,Usage,52.5098,100 Hours,41.0108,USD
2026-06-15,00000000-0000-0000-0000-000000000001,sub-platform-prod,rg-backup-hub-004,/subscriptions/00000000-0000-0000-0000-000000000001/resourceGroups/rg-backup-hub-004/providers/Microsoft.Sql/managedInstances/res01063,res01063,Azure SQL Managed Instance,Databases,vCore BC,germanywestcentral,Usage,106.6057,1 GB,99.1262,USD
2026-06-15,00000000-0000-0000-0000-000000000009,sub-apps-corp,rg-monitoring-prod-002,/subscriptions/00000000-0000-0000-0000-000000000009/resourceGroups/rg-monitoring-prod-002/providers/Microsoft.ContainerRegistry/registries/res00007,res00007,Container Registry,Containers,Premium Registry,global,Usage,160.9489,1 Unit,13.5572,USD
2026-06-15,00000000-0000-0000-0000-000000000011,sub-management,rg-network-hub-004,/subscriptions/00000000-0000-0000-0000-000000000011/resourceGroups/rg-network-hub-004/providers/Microsoft.Network/applicationGateways/res00444,res00444,Application Gateway,Networking,WAF v2 Fixed,uksouth,Usage,9.2435,1 GB/Month,13.0381,USD
2026-06-15,00000000-0000-0000-0000-000000000004,sub-data-prod,rg-shared-prod-004,/subscriptions/00000000-0000-0000-0000-000000000004/resourceGroups/rg-shared-prod-004/providers/Microsoft.Web/sites/res01417,res01417,Azure App Service,Compute,P2v3,global,Usage,238.7787,100 Hours,10.9493,USD
2026-06-15,00000000-0000-0000-0000-000000000012,sub-sandbox,rg-network-corp-001,/subscriptions/00000000-0000-0000-0000-000000000012/resourceGroups/rg-network-corp-001/providers/Microsoft.Storage/storageAccounts/res00234,res00234,Storage,Storage,General Block Blob,northeurope,Usage,79.5489,1 Hour,52.9272,USD
2026-06-15,00000000-0000-0000-0000-000000000005,sub-data-dev,rg-shared-prod-002,/subscriptions/00000000-0000-0000-0000-000000000005/resourceGroups/rg-shared-prod-002/providers/Microsoft.Web/sites/res01079,res01079,Azure App Service,Compute,S1,westeurope,Usage,53.6753,1 GB/Month,36.0616,USD
2026-06-15,00000000-0000-0000-0000-000000000007,sub-network-spoke,rg-monitoring-test-003,/subscriptions/00000000-0000-0000-0000-000000000007/resourceGroups/rg-monitoring-test-003/providers/Microsoft.Security/pricings/res00788,res00788,Microsoft Defender for Cloud,Security,Defender for Servers P2,swedencentral,Usage,100.9003,100 Hours,49.9806,USD
2026-06-15,00000000-0000-0000-0000-000000000007,sub-network-spoke,rg-security-prod-001,/subscriptions/00000000-0000-0000-0000-000000000007/resourceGroups/rg-security-prod-001/providers/Microsoft.KeyVault/vaults/res00808,res00808,Key Vault,Security,HSM Protected Keys,uksouth,Usage,173.6481,1 Unit,2.4081,USD
2026-06-15,00000000-0000-0000-0000-000000000008,sub-apps-online,rg-compute-prod-001,/subscriptions/00000000-0000-0000-0000-000000000008/resourceGroups/rg-compute-prod-001/providers/Microsoft.DocumentDB/databaseAccounts/res00903,res00903,Azure Cosmos DB,Databases,Serverless,global,Usage,32.0881,100 Hours,74.4635,USD
2026-06-15,00000000-0000-0000-0000-000000000012,sub-sandbox,rg-data-dev-001,/subscriptions/00000000-0000-0000-0000-000000000012/resourceGroups/rg-data-dev-001/providers/Microsoft.Web/sites/res00317,res00317,Azure Functions,Compute,Total Executions,francecentral,Usage,56.6767,1 GB/Month,1.4422,USD
2026-06-15,00000000-0000-0000-0000-000000000010,sub-identity,rg-security-test-001,/subscriptions/00000000-0000-0000-0000-000000000010/resourceGroups/rg-security-test-001/providers/Microsoft.ContainerRegistry/registries/res01121,res01121,Container Registry,Containers,Build Minutes,swedencentral,Usage,130.7586,1 Hour,24.7829,USD
2026-06-15,00000000-0000-0000-0000-000000000003,sub-platform-test,rg-shared-test-002,/subscriptions/00000000-0000-0000-0000-000000000003/resourceGroups/rg-shared-test-002/providers/Microsoft.Network/bandwidth/res01044,res01044,Bandwidth,Networking,Data Transfer Out - Zone 1,northeurope,Usage,71.8273,1 Hour,23.5329,USD
2026-06-15,00000000-0000-0000-0000-000000000003,sub-platform-test,rg-network-test-002,/subscriptions/00000000-0000-0000-0000-000000000003/resourceGroups/rg-network-test-002/providers/Microsoft.KeyVault/vaults/res01104,res01104,Key Vault,Security,HSM Protected Keys,swedencentral,Usage,46.8711,100 Hours,2.6509,USD
2026-06-15,00000000-0000-0000-0000-000000000005,sub-data-dev,rg-identity-hub-001,/subscriptions/00000000-0000-0000-0000-000000000005/resourceGroups/rg-identity-hub-001/providers/Microsoft.Network/loadBalancers/res01984,res01984,Load Balancer,Networking,Data Processed,francecentral,Usage,140.1476,1M Operations,9.5677,USD
2026-06-15,00000000-0000-0000-0000-000000000006,sub-network-hub,rg-security-corp-003,/subscriptions/00000000-0000-0000-0000-000000000006/resourceGroups/rg-security-corp-003/providers/Microsoft.Storage/storageAccounts/res00647,res00647,Storage,Storage,Cool LRS,uksouth,Usage,3.621,1 GB,55.6879,USD
2026-06-15,00000000-0000-0000-0000-000000000006,sub-network-hub,rg-security-dev-002,/subscriptions/00000000-0000-0000-0000-000000000006/resourceGroups/rg-security-dev-002/providers/Microsoft.Sql/managedInstances/res00014,res00014,Azure SQL Managed Instance,Databases,vCore BC,germanywestcentral,Usage,108.3502,1M Operations,45.6687,USD
2026-06-15,00000000-0000-0000-0000-000000000003,sub-platform-test,rg-data-corp-002,/subscriptions/00000000-0000-0000-0000-000000000003/resourceGroups/rg-data-corp-002/providers/Microsoft.Network/ddosProtectionPlans/res00041,res00041,Azure DDoS Protection,Networking,Protection Plan,global,Usage,197.7259,1 GB,73.3063,USD
2026-06-15,00000000-0000-0000-0000-000000000005,sub-data-dev,rg-network-dev-001,/subscriptions/00000000-0000-0000-0000-000000000005/resourceGroups/rg-network-dev-001/providers/Microsoft.Web/sites/res01185,res01185,Azure Functions,Compute,Total Executions,northeurope,Usage,2.0466,1 GB/Month,7.7877,USD
2026-06-15,00000000-0000-0000-0000-000000000004,sub-data-prod,rg-security-dev-002,/subscriptions/00000000-0000-0000-0000-000000000004/resourceGroups/rg-security-dev-002/providers/Microsoft.ServiceBus/namespaces/res01565,res01565,Service Bus,Integration,Operations,northeurope,Usage,127.8041,10 GB,4.2825,USD
2026-06-15,00000000-0000-0000-0000-000000000009,sub-apps-corp,rg-app-test-002,/subscriptions/00000000-0000-0000-0000-000000000009/resourceGroups/rg-app-test-002/providers/Microsoft.Security/pricings/res00423,res00423,Microsoft Defender for Cloud,Security,Defender for Servers P2,francecentral,Usage,144.3147,1 GB,32.0139,USD
2026-06-15,00000000-0000-0000-0000-000000000011,sub-management,rg-backup-prod-003,/subscriptions/00000000-0000-0000-0000-000000000011/resourceGroups/rg-backup-prod-003/providers/Microsoft.Web/sites/res01620,res01620,Azure App Service,Compute,P1v3,westeurope,Usage,40.7088,1 GB/Month,36.8581,USD
2026-06-15,00000000-0000-0000-0000-000000000001,sub-platform-prod,rg-backup-dev-002,/subscriptions/00000000-0000-0000-0000-000000000001/resourceGroups/rg-backup-dev-002/providers/Microsoft.Web/sites/res01263,res01263,Azure App Service,Compute,S1,swedencentral,Usage,94.005,1 Hour,1.3228,USD
2026-06-15,00000000-0000-0000-0000-000000000009,sub-apps-corp,rg-security-hub-001,/subscriptions/00000000-0000-0000-0000-000000000009/resourceGroups/rg-security-hub-001/providers/Microsoft.OperationalInsights/workspaces/res01425,res01425,Log Analytics,Management and Governance,Basic Logs,germanywestcentral,Usage,46.5343,1 GB/Month,98.4994,USD
2026-06-15,00000000-0000-0000-0000-000000000011,sub-management,rg-network-dev-002,/subscriptions/00000000-0000-0000-0000-000000000011/resourceGroups/rg-network-dev-002/providers/Microsoft.OperationalInsights/workspaces/res00976,res00976,Log Analytics,Management and Governance,Data Retention,francecentral,Usage,15.872,1 Unit,4.7063,USD
2026-06-15,00000000-0000-0000-0000-000000000002,sub-platform-dev,rg-backup-test-002,/subscriptions/00000000-0000-0000-0000-000000000002/resourceGroups/rg-backup-test-002/providers/Microsoft.Web/sites/res00855,res00855,Azure Functions,Compute,Execution Time,germanywestcentral,Usage,183.597,10 GB,8.9189,USD
2026-06-15,00000000-0000-0000-0000-000000000007,sub-network-spoke,rg-shared-test-003,/subscriptions/00000000-0000-0000-0000-000000000007/resourceGroups/rg-shared-test-003/providers/Microsoft.ContainerService/managedClusters/res01830,res01830,Azure Kubernetes Service,Compute,Load Balancer,global,Usage,131.6408,10 GB,48.7511,USD
2026-06-15,00000000-0000-0000-0000-000000000009,sub-apps-corp,rg-shared-corp-002,/subscriptions/00000000-0000-0000-0000-000000000009/resourceGroups/rg-shared-corp-002/providers/Microsoft.ServiceBus/namespaces/res01275,res01275,Service Bus,Integration,Operations,uksouth,Usage,196.2765,1M Operations,5.4072,USD
2026-06-15,00000000-0000-0000-0000-000000000010,sub-identity,rg-monitoring-prod-004,/subscriptions/00000000-0000-0000-0000-000000000010/resourceGroups/rg-monitoring-prod-004/providers/Microsoft.KeyVault/vaults/res00952,res00952,Key Vault,Security,HSM Protected Keys,francecentral,Usage,63.3236,1M Operations,6.4029,USD
2026-06-15,00000000-0000-0000-0000-000000000004,sub-data-prod,rg-monitoring-dev-004,/subscriptions/00000000-0000-0000-0000-000000000004/resourceGroups/rg-monitoring-dev-004/providers/Microsoft.Network/bandwidth/res01213,res01213,Bandwidth,Networking,Inter-Region,germanywestcentral,Usage,104.2997,1M Operations,17.8276,USD
2026-06-15,00000000-0000-0000-0000-000000000008,sub-apps-online,rg-identity-corp-004,/subscriptions/00000000-0000-0000-0000-000000000008/resourceGroups/rg-identity-corp-004/providers/Microsoft.Storage/storageAccounts/res00310,res00310,Storage,Storage,General Block Blob,global,Usage,80.9732,1 GB/Month,21.5294,USD
2026-06-15,00000000-0000-0000-0000-000000000006,sub-network-hub,rg-compute-prod-002,/subscriptions/00000000-0000-0000-0000-000000000006/resourceGroups/rg-compute-prod-002/providers/Microsoft.Databricks/workspaces/res00775,res00775,Azure Databricks,Analytics,Jobs Compute DBU,northeurope,Usage,138.0313,1 GB,114.2925,USD
2026-06-15,00000000-0000-0000-0000-000000000007,sub-network-spoke,rg-identity-dev-001,/subscriptions/00000000-0000-0000-0000-000000000007/resourceGroups/rg-identity-dev-001/providers/Microsoft.ContainerRegistry/registries/res01326,res01326,Container Registry,Containers,Storage,swedencentral,Usage,100.3247,10 GB,8.039,USD
2026-06-15,00000000-0000-0000-0000-000000000002,sub-platform-dev,rg-security-dev-003,/subscriptions/00000000-0000-0000-0000-000000000002/resourceGroups/rg-security-dev-003/providers/Microsoft.OperationalInsights/workspaces/res01000,res01000,Log Analytics,Management and Governance,Data Retention,swedencentral,Usage,185.1126,1 Unit,105.8702,USD
2026-06-15,00000000-0000-0000-0000-000000000010,sub-identity,rg-network-prod-004,/subscriptions/00000000-0000-0000-0000-000000000010/resourceGroups/rg-network-prod-004/providers/Microsoft.Sql/servers/databases/res00869,res00869,Azure SQL Database,Databases,DTU,global,Usage,106.8394,1 GB,100.8289,USD
2026-06-15,00000000-0000-0000-0000-000000000012,sub-sandbox,rg-network-hub-001,/subscriptions/00000000-0000-0000-0000-000000000012/resourceGroups/rg-network-hub-001/providers/Microsoft.ServiceBus/namespaces/res00329,res00329,Service Bus,Integration,Premium Messaging Unit,westeurope,Usage,81.0687,1 Unit,22.3193,USD
2026-06-15,00000000-0000-0000-0000-000000000002,sub-platform-dev,rg-monitoring-prod-002,/subscriptions/00000000-0000-0000-0000-000000000002/resourceGroups/rg-monitoring-prod-002/providers/Microsoft.Security/pricings/res00783,res00783,Microsoft Defender for Cloud,Security,Defender for SQL,northeurope,Usage,168.2209,1 GB/Month,36.2231,USD
2026-06-15,00000000-0000-0000-0000-000000000012,sub-sandbox,rg-shared-test-003,/subscriptions/00000000-0000-0000-0000-000000000012/resourceGroups/rg-shared-test-003/providers/Microsoft.KeyVault/vaults/res00313,res00313,Key Vault,Security,Operations,francecentral,Usage,150.6629,1 GB/Month,5.3046,USD
2026-06-15,00000000-0000-0000-0000-000000000001,sub-platform-prod,rg-compute-corp-002,/subscriptions/00000000-0000-0000-0000-000000000001/resourceGroups/rg-compute-corp-002/providers/Microsoft.ServiceBus/namespaces/res00910,res00910,Service Bus,Integration,Operations,francecentral,Usage,167.9969,1M Operations,4.107,USD
2026-06-15,00000000-0000-0000-0000-000000000012,sub-sandbox,rg-app-test-001,/subscriptions/00000000-0000-0000-0000-000000000012/resourceGroups/rg-app-test-001/providers/Microsoft.ContainerService/managedClusters/res01448,res01448,Azure Kubernetes Service,Compute,Standard Tier,francecentral,Usage,222.6298,1 Hour,56.7683,USD
2026-06-15,00000000-0000-0000-0000-000000000011,sub-management,rg-network-prod-004,/subscriptions/00000000-0000-0000-0000-000000000011/resourceGroups/rg-network-prod-004/providers/Microsoft.Network/bandwidth/res00963,res00963,Bandwidth,Networking,Data Transfer Out - Zone 1,swedencentral,Usage,22.0484,1 Unit,13.7536,USD
2026-06-15,00000000-0000-0000-0000-000000000012,sub-sandbox,rg-shared-hub-002,/subscriptions/00000000-0000-0000-0000-000000000012/resourceGroups/rg-shared-hub-002/providers/Microsoft.Network/bandwidth/res01503,res01503,Bandwidth,Networking,Data Transfer Out - Zone 1,francecentral,Usage,113.3117,100 Hours,20.3692,USD
2026-06-15,00000000-0000-0000-0000-000000000010,sub-identity,rg-backup-test-004,/subscriptions/00000000-0000-0000-0000-000000000010/resourceGroups/rg-backup-test-004/providers/Microsoft.KeyVault/vaults/res01936,res01936,Key Vault,Security,HSM Protected Keys,westeurope,Usage,28.0442,1 Unit,1.8566,USD
2026-06-15,00000000-0000-0000-0000-000000000008,sub-apps-online,rg-app-dev-002,/subscriptions/00000000-0000-0000-0000-000000000008/resourceGroups/rg-app-dev-002/providers/Microsoft.Security/pricings/res01665,res01665,Microsoft Defender for Cloud,Security,Defender for SQL,westeurope,Usage,70.8262,1 GB/Month,4.6814,USD
2026-06-15,00000000-0000-0000-0000-000000000001,sub-platform-prod,rg-compute-dev-004,/subscriptions/00000000-0000-0000-0000-000000000001/resourceGroups/rg-compute-dev-004/providers/Microsoft.Network/azureFirewalls/res01106,res01106,Azure Firewall,Networking,Data Processed,westeurope,Usage,21.8435,1 Unit,44.5238,USD
2026-06-15,00000000-0000-0000-0000-000000000005,sub-data-dev,rg-monitoring-corp-003,/subscriptions/00000000-0000-0000-0000-000000000005/resourceGroups/rg-monitoring-corp-003/providers/Microsoft.DocumentDB/databaseAccounts/res01291,res01291,Azure Cosmos DB,Databases,Storage,global,Usage,56.138,1 Hour,31.9571,USD
2026-06-15,00000000-0000-0000-0000-000000000001,sub-platform-prod,rg-app-hub-004,/subscriptions/00000000-0000-0000-0000-000000000001/resourceGroups/rg-app-hub-004/providers/Microsoft.Databricks/workspaces/res00407,res00407,Azure Databricks,Analytics,Premium DBU,francecentral,Usage,100.1864,10 GB,56.3712,USD
2026-06-15,00000000-0000-0000-0000-000000000008,sub-apps-online,rg-security-prod-002,/subscriptions/00000000-0000-0000-0000-000000000008/resourceGroups/rg-security-prod-002/providers/Microsoft.Security/pricings/res01599,res01599,Microsoft Defender for Cloud,Security,Defender for Storage,global,Usage,39.7692,1 GB/Month,3.618,USD
2026-06-15,00000000-0000-0000-0000-000000000002,sub-platform-dev,rg-identity-dev-004,/subscriptions/00000000-0000-0000-0000-000000000002/resourceGroups/rg-identity-dev-004/providers/Microsoft.Network/bandwidth/res00097,res00097,Bandwidth,Networking,Data Transfer Out - Zone 1,uksouth,Usage,237.5866,100 Hours,3.7875,USD
2026-06-15,00000000-0000-0000-0000-000000000009,sub-apps-corp,rg-data-hub-001,/subscriptions/00000000-0000-0000-0000-000000000009/resourceGroups/rg-data-hub-001/providers/Microsoft.ServiceBus/namespaces/res00818,res00818,Service Bus,Integration,Premium Messaging Unit,northeurope,Usage,209.0566,1 Hour,20.0896,USD
2026-06-15,00000000-0000-0000-0000-000000000007,sub-network-spoke,rg-monitoring-dev-001,/subscriptions/00000000-0000-0000-0000-000000000007/resourceGroups/rg-monitoring-dev-001/providers/Microsoft.Network/bandwidth/res00789,res00789,Bandwidth,Networking,Data Transfer Out - Zone 1,swedencentral,Usage,12.9691,100 Hours,25.2632,USD
2026-06-15,00000000-0000-0000-0000-000000000012,sub-sandbox,rg-security-dev-001,/subscriptions/00000000-0000-0000-0000-000000000012/resourceGroups/rg-security-dev-001/providers/Microsoft.DocumentDB/databaseAccounts/res00525,res00525,Azure Cosmos DB,Databases,Serverless,global,Usage,190.9089,1 GB/Month,23.0818,USD
2026-06-15,00000000-0000-0000-0000-000000000004,sub-data-prod,rg-identity-prod-004,/subscriptions/00000000-0000-0000-0000-000000000004/resourceGroups/rg-identity-prod-004/providers/Microsoft.Network/ddosProtectionPlans/res00050,res00050,Azure DDoS Protection,Networking,Data Processed,uksouth,Usage,186.3764,1M Operations,68.6185,USD
2026-06-15,00000000-0000-0000-0000-000000000011,sub-management,rg-backup-test-002,/subscriptions/00000000-0000-0000-0000-000000000011/resourceGroups/rg-backup-test-002/providers/Microsoft.Storage/storageAccounts/res00642,res00642,Storage,Storage,Standard Page Blob,uksouth,Usage,100.1367,10 GB,50.8958,USD
2026-06-15,00000000-0000-0000-0000-000000000006,sub-network-hub,rg-shared-corp-004,/subscriptions/00000000-0000-0000-0000-000000000006/resourceGroups/rg-shared-corp-004/providers/Microsoft.Network/applicationGateways/res00724,res00724,Application Gateway,Networking,WAF v2 Fixed,francecentral,Usage,221.1657,1 Hour,5.0162,USD
2026-06-15,00000000-0000-0000-0000-000000000002,sub-platform-dev,rg-identity-hub-002,/subscriptions/00000000-0000-0000-0000-000000000002/resourceGroups/rg-identity-hub-002/providers/Microsoft.Network/virtualNetworks/res00652,res00652,Virtual Network,Networking,Data Transfer Out,swedencentral,Usage,78.8117,100 Hours,2.9358,USD
2026-06-15,00000000-0000-0000-0000-000000000007,sub-network-spoke,rg-monitoring-prod-003,/subscriptions/00000000-0000-0000-0000-000000000007/resourceGroups/rg-monitoring-prod-003/providers/Microsoft.ContainerRegistry/registries/res01697,res01697,Container Registry,Containers,Premium Registry,francecentral,Usage,231.2324,10 GB,3.175,USD
2026-06-15,00000000-0000-0000-0000-000000000008,sub-apps-online,rg-backup-test-003,/subscriptions/00000000-0000-0000-0000-000000000008/resourceGroups/rg-backup-test-003/providers/Microsoft.EventHub/namespaces/res01028,res01028,Event Hubs,Analytics,Capture,northeurope,Usage,40.4387,1 Hour,24.3619,USD
2026-06-15,00000000-0000-0000-0000-000000000005,sub-data-dev,rg-backup-prod-003,/subscriptions/00000000-0000-0000-0000-000000000005/resourceGroups/rg-backup-prod-003/providers/Microsoft.DocumentDB/databaseAccounts/res00306,res00306,Azure Cosmos DB,Databases,Storage,uksouth,Usage,131.631,100 Hours,71.7848,USD
2026-06-15,00000000-0000-0000-0000-000000000006,sub-network-hub,rg-identity-corp-004,/subscriptions/00000000-0000-0000-0000-000000000006/resourceGroups/rg-identity-corp-004/providers/Microsoft.Insights/components/res01619,res01619,Azure Monitor,Management and Governance,Metrics,swedencentral,Usage,76.3032,1M Operations,19.8697,USD
2026-06-15,00000000-0000-0000-0000-000000000010,sub-identity,rg-backup-hub-001,/subscriptions/00000000-0000-0000-0000-000000000010/resourceGroups/rg-backup-hub-001/providers/Microsoft.Sql/servers/databases/res01453,res01453,Azure SQL Database,Databases,vCore Gen5,westeurope,Usage,188.2826,1 Hour,33.7771,USD
2026-06-15,00000000-0000-0000-0000-000000000004,sub-data-prod,rg-app-hub-004,/subscriptions/00000000-0000-0000-0000-000000000004/resourceGroups/rg-app-hub-004/providers/Microsoft.Databricks/workspaces/res01077,res01077,Azure Databricks,Analytics,Jobs Compute DBU,swedencentral,Usage,110.5662,1 Unit,81.7606,USD
2026-06-15,00000000-0000-0000-0000-000000000003,sub-platform-test,rg-network-test-001,/subscriptions/00000000-0000-0000-0000-000000000003/resourceGroups/rg-network-test-001/providers/Microsoft.Network/applicationGateways/res00546,res00546,Application Gateway,Networking,Capacity Unit,germanywestcentral,Usage,225.2759,100 Hours,38.2632,USD
2026-06-15,00000000-0000-0000-0000-000000000004,sub-data-prod,rg-shared-corp-003,/subscriptions/00000000-0000-0000-0000-000000000004/resourceGroups/rg-shared-corp-003/providers/Microsoft.Web/sites/res01249,res01249,Azure Functions,Compute,Execution Time,germanywestcentral,Usage,0.7776,100 Hours,0.5786,USD
2026-06-15,00000000-0000-0000-0000-000000000009,sub-apps-corp,rg-shared-test-001,/subscriptions/00000000-0000-0000-0000-000000000009/resourceGroups/rg-shared-test-001/providers/Microsoft.Databricks/workspaces/res01670,res01670,Azure Databricks,Analytics,Premium DBU,uksouth,Usage,77.5159,10 GB,33.4466,USD
2026-06-15,00000000-0000-0000-0000-000000000010,sub-identity,rg-data-prod-003,/subscriptions/00000000-0000-0000-0000-000000000010/resourceGroups/rg-data-prod-003/providers/Microsoft.Web/sites/res01014,res01014,Azure App Service,Compute,P1v3,germanywestcentral,Usage,15.0593,1 Hour,32.3544,USD
2026-06-15,00000000-0000-0000-0000-000000000007,sub-network-spoke,rg-shared-prod-002,/subscriptions/00000000-0000-0000-0000-000000000007/resourceGroups/rg-shared-prod-002/providers/Microsoft.Insights/components/res00096,res00096,Azure Monitor,Management and Governance,Application Insights,germanywestcentral,Usage,193.4211,1M Operations,17.1011,USD
2026-06-15,00000000-0000-0000-0000-000000000007,sub-network-spoke,rg-network-test-001,/subscriptions/00000000-0000-0000-0000-000000000007/resourceGroups/rg-network-test-001/providers/Microsoft.Network/loadBalancers/res00115,res00115,Load Balancer,Networking,Standard Rules,swedencentral,Usage,80.5237,1M Operations,3.0048,USD
2026-06-15,00000000-0000-0000-0000-000000000012,sub-sandbox,rg-app-corp-001,/subscriptions/00000000-0000-0000-0000-000000000012/resourceGroups/rg-app-corp-001/providers/Microsoft.ServiceBus/namespaces/res00005,res00005,Service Bus,Integration,Operations,northeurope,Usage,21.8551,1M Operations,13.449,USD
2026-06-15,00000000-0000-0000-0000-000000000001,sub-platform-prod,rg-monitoring-corp-001,/subscriptions/00000000-0000-0000-0000-000000000001/resourceGroups/rg-monitoring-corp-001/providers/Microsoft.Network/loadBalancers/res00175,res00175,Load Balancer,Networking,Standard Rules,uksouth,Usage,151.2055,1 Hour,6.4555,USD
2026-06-15,00000000-0000-0000-0000-000000000010,sub-identity,rg-identity-dev-001,/subscriptions/00000000-0000-0000-0000-000000000010/resourceGroups/rg-identity-dev-001/providers/Microsoft.ServiceBus/namespaces/res00464,res00464,Service Bus,Integration,Premium Messaging Unit,uksouth,Usage,207.2401,1 Unit,26.0608,USD
2026-06-15,00000000-0000-0000-0000-000000000002,sub-platform-dev,rg-compute-test-002,/subscriptions/00000000-0000-0000-0000-000000000002/resourceGroups/rg-compute-test-002/providers/Microsoft.EventHub/namespaces/res01049,res01049,Event Hubs,Analytics,Throughput Unit,westeurope,Usage,23.5037,1 GB/Month,4.3177,USD
2026-06-15,00000000-0000-0000-0000-000000000008,sub-apps-online,rg-compute-dev-003,/subscriptions/00000000-0000-0000-0000-000000000008/resourceGroups/rg-compute-dev-003/providers/Microsoft.Network/ddosProtectionPlans/res00143,res00143,Azure DDoS Protection,Networking,Protection Plan,uksouth,Usage,46.0872,1 Unit,36.439,USD
2026-06-15,00000000-0000-0000-0000-000000000011,sub-management,rg-compute-hub-004,/subscriptions/00000000-0000-0000-0000-000000000011/resourceGroups/rg-compute-hub-004/providers/Microsoft.Network/virtualNetworks/res00821,res00821,Virtual Network,Networking,VNet Peering,swedencentral,Usage,119.5699,1 GB/Month,3.9273,USD
2026-06-15,00000000-0000-0000-0000-000000000003,sub-platform-test,rg-backup-test-003,/subscriptions/00000000-0000-0000-0000-000000000003/resourceGroups/rg-backup-test-003/providers/Microsoft.ContainerRegistry/registries/res00248,res00248,Container Registry,Containers,Premium Registry,global,Usage,197.2704,1 Hour,24.6222,USD
2026-06-15,00000000-0000-0000-0000-000000000012,sub-sandbox,rg-backup-corp-003,/subscriptions/00000000-0000-0000-0000-000000000012/resourceGroups/rg-backup-corp-003/providers/Microsoft.ContainerService/managedClusters/res01369,res01369,Azure Kubernetes Service,Compute,Load Balancer,francecentral,Usage,109.2898,10 GB,32.8385,USD
2026-06-15,00000000-0000-0000-0000-000000000004,sub-data-prod,rg-identity-test-003,/subscriptions/00000000-0000-0000-0000-000000000004/resourceGroups/rg-identity-test-003/providers/Microsoft.Network/ddosProtectionPlans/res01181,res01181,Azure DDoS Protection,Networking,Protection Plan,global,Usage,49.8383,1 GB,45.421,USD
2026-06-15,00000000-0000-0000-0000-000000000009,sub-apps-corp,rg-data-hub-001,/subscriptions/00000000-0000-0000-0000-000000000009/resourceGroups/rg-data-hub-001/providers/Microsoft.ContainerRegistry/registries/res00243,res00243,Container Registry,Containers,Storage,global,Usage,167.1002,1 Hour,20.0943,USD
2026-06-15,00000000-0000-0000-0000-000000000001,sub-platform-prod,rg-monitoring-dev-002,/subscriptions/00000000-0000-0000-0000-000000000001/resourceGroups/rg-monitoring-dev-002/providers/Microsoft.Network/applicationGateways/res01799,res01799,Application Gateway,Networking,WAF v2 Fixed,westeurope,Usage,161.9519,100 Hours,30.4907,USD
2026-06-15,00000000-0000-0000-0000-000000000005,sub-data-dev,rg-data-test-003,/subscriptions/00000000-0000-0000-0000-000000000005/resourceGroups/rg-data-test-003/providers/Microsoft.DocumentDB/databaseAccounts/res00293,res00293,Azure Cosmos DB,Databases,Serverless,swedencentral,Usage,45.1148,1 Unit,47.8516,USD
2026-06-15,00000000-0000-0000-0000-000000000003,sub-platform-test,rg-network-test-003,/subscriptions/00000000-0000-0000-0000-000000000003/resourceGroups/rg-network-test-003/providers/Microsoft.Network/applicationGateways/res01770,res01770,Application Gateway,Networking,Capacity Unit,francecentral,Usage,129.1834,1M Operations,37.0556,USD
2026-06-15,00000000-0000-0000-0000-000000000007,sub-network-spoke,rg-network-corp-001,/subscriptions/00000000-0000-0000-0000-000000000007/resourceGroups/rg-network-corp-001/providers/Microsoft.ContainerRegistry/registries/res01362,res01362,Container Registry,Containers,Premium Registry,northeurope,Usage,141.5803,10 GB,13.4858,USD
2026-06-15,00000000-0000-0000-0000-000000000012,sub-sandbox,rg-identity-prod-004,/subscriptions/00000000-0000-0000-0000-000000000012/resourceGroups/rg-identity-prod-004/providers/Microsoft.KeyVault/vaults/res01593,res01593,Key Vault,Security,Operations,uksouth,Usage,98.7326,1M Operations,6.4555,USD
2026-06-15,00000000-0000-0000-0000-000000000004,sub-data-prod,rg-compute-test-001,/subscriptions/00000000-0000-0000-0000-000000000004/resourceGroups/rg-compute-test-001/providers/Microsoft.Security/pricings/res01874,res01874,Microsoft Defender for Cloud,Security,Defender for Storage,global,Usage,39.5305,1 Hour,30.518,USD
2026-06-15,00000000-0000-0000-0000-000000000009,sub-apps-corp,rg-data-test-002,/subscriptions/00000000-0000-0000-0000-000000000009/resourceGroups/rg-data-test-002/providers/Microsoft.KeyVault/vaults/res01804,res01804,Key Vault,Security,Operations,northeurope,Usage,192.7689,1 Unit,6.0672,USD
2026-06-15,00000000-0000-0000-0000-000000000008,sub-apps-online,rg-compute-prod-002,/subscriptions/00000000-0000-0000-0000-000000000008/resourceGroups/rg-compute-prod-002/providers/Microsoft.Network/virtualNetworks/res01497,res01497,Virtual Network,Networking,Data Transfer Out,global,Usage,0.933,1 GB/Month,14.0941,USD
2026-06-15,00000000-0000-0000-0000-000000000009,sub-apps-corp,rg-app-dev-003,/subscriptions/00000000-0000-0000-0000-000000000009/resourceGroups/rg-app-dev-003/providers/Microsoft.EventHub/namespaces/res01909,res01909,Event Hubs,Analytics,Capture,global,Usage,82.9441,1 Hour,10.3183,USD
2026-06-15,00000000-0000-0000-0000-000000000011,sub-management,rg-app-hub-003,/subscriptions/00000000-0000-0000-0000-000000000011/resourceGroups/rg-app-hub-003/providers/Microsoft.Databricks/workspaces/res00872,res00872,Azure Databricks,Analytics,Jobs Compute DBU,germanywestcentral,Usage,72.7188,1 Unit,14.8607,USD
2026-06-15,00000000-0000-0000-0000-000000000008,sub-apps-online,rg-monitoring-dev-004,/subscriptions/00000000-0000-0000-0000-000000000008/resourceGroups/rg-monitoring-dev-004/providers/Microsoft.Sql/servers/databases/res00206,res00206,Azure SQL Database,Databases,vCore Gen5,global,Usage,5.1777,1M Operations,53.8042,USD
2026-06-15,00000000-0000-0000-0000-000000000007,sub-network-spoke,rg-network-dev-002,/subscriptions/00000000-0000-0000-0000-000000000007/resourceGroups/rg-network-dev-002/providers/Microsoft.ContainerRegistry/registries/res01699,res01699,Container Registry,Containers,Premium Registry,global,Usage,78.8138,10 GB,14.887,USD
2026-06-15,00000000-0000-0000-0000-000000000002,sub-platform-dev,rg-app-prod-003,/subscriptions/00000000-0000-0000-0000-000000000002/resourceGroups/rg-app-prod-003/providers/Microsoft.Network/ddosProtectionPlans/res01406,res01406,Azure DDoS Protection,Networking,Data Processed,germanywestcentral,Usage,156.0723,10 GB,72.324,USD
2026-06-15,00000000-0000-0000-0000-000000000011,sub-management,rg-shared-prod-002,/subscriptions/00000000-0000-0000-0000-000000000011/resourceGroups/rg-shared-prod-002/providers/Microsoft.Network/azureFirewalls/res00028,res00028,Azure Firewall,Networking,Data Processed,francecentral,Usage,190.0535,10 GB,47.4863,USD
2026-06-15,00000000-0000-0000-0000-000000000012,sub-sandbox,rg-security-dev-003,/subscriptions/00000000-0000-0000-0000-000000000012/resourceGroups/rg-security-dev-003/providers/Microsoft.Network/loadBalancers/res01342,res01342,Load Balancer,Networking,Standard Rules,westeurope,Usage,68.3362,1 GB,15.9867,USD
2026-06-15,00000000-0000-0000-0000-000000000011,sub-management,rg-app-corp-004,/subscriptions/00000000-0000-0000-0000-000000000011/resourceGroups/rg-app-corp-004/providers/Microsoft.Web/sites/res01175,res01175,Azure App Service,Compute,P1v3,germanywestcentral,Usage,36.9354,1M Operations,15.6308,USD
2026-06-15,00000000-0000-0000-0000-000000000005,sub-data-dev,rg-network-hub-002,/subscriptions/00000000-0000-0000-0000-000000000005/resourceGroups/rg-network-hub-002/providers/Microsoft.RecoveryServices/vaults/res00305,res00305,Azure Backup,Storage,Backup Storage LRS,northeurope,Usage,149.862,1 Hour,29.9068,USD
2026-06-15,00000000-0000-0000-0000-000000000003,sub-platform-test,rg-app-prod-003,/subscriptions/00000000-0000-0000-0000-000000000003/resourceGroups/rg-app-prod-003/providers/Microsoft.Web/sites/res01558,res01558,Azure App Service,Compute,P2v3,westeurope,Usage,100.1899,1 GB/Month,17.7052,USD
2026-06-15,00000000-0000-0000-0000-000000000012,sub-sandbox,rg-compute-hub-001,/subscriptions/00000000-0000-0000-0000-000000000012/resourceGroups/rg-compute-hub-001/providers/Microsoft.ServiceBus/namespaces/res00873,res00873,Service Bus,Integration,Premium Messaging Unit,westeurope,Usage,48.477,1 Unit,23.4578,USD
2026-06-15,00000000-0000-0000-0000-000000000008,sub-apps-online,rg-monitoring-test-002,/subscriptions/00000000-0000-0000-0000-000000000008/resourceGroups/rg-monitoring-test-002/providers/Microsoft.DocumentDB/databaseAccounts/res00852,res00852,Azure Cosmos DB,Databases,Serverless,westeurope,Usage,113.7313,1 GB/Month,10.3408,USD
2026-06-15,00000000-0000-0000-0000-000000000007,sub-network-spoke,rg-compute-prod-002,/subscriptions/00000000-0000-0000-0000-000000000007/resourceGroups/rg-compute-prod-002/providers/Microsoft.EventHub/namespaces/res00215,res00215,Event Hubs,Analytics,Throughput Unit,westeurope,Usage,204.6899,1 Hour,25.8309,USD
2026-06-15,00000000-0000-0000-0000-000000000007,sub-network-spoke,rg-shared-prod-002,/subscriptions/00000000-0000-0000-0000-000000000007/resourceGroups/rg-shared-prod-002/providers/Microsoft.Databricks/workspaces/res01696,res01696,Azure Databricks,Analytics,Premium DBU,uksouth,Usage,172.1959,1 GB,15.8884,USD
2026-06-15,00000000-0000-0000-0000-000000000009,sub-apps-corp,rg-identity-dev-003,/subscriptions/00000000-0000-0000-0000-000000000009/resourceGroups/rg-identity-dev-003/providers/Microsoft.ContainerRegistry/registries/res00068,res00068,Container Registry,Containers,Storage,northeurope,Usage,115.1782,100 Hours,8.6276,USD
2026-06-15,00000000-0000-0000-0000-000000000007,sub-network-spoke,rg-app-test-004,/subscriptions/00000000-0000-0000-0000-000000000007/resourceGroups/rg-app-test-004/providers/Microsoft.ContainerService/managedClusters/res01807,res01807,Azure Kubernetes Service,Compute,Uptime SLA,uksouth,Usage,111.9724,1 Unit,34.975,USD
2026-06-15,00000000-0000-0000-0000-000000000011,sub-management,rg-backup-dev-001,/subscriptions/00000000-0000-0000-0000-000000000011/resourceGroups/rg-backup-dev-001/providers/Microsoft.Web/sites/res01032,res01032,Azure Functions,Compute,Execution Time,germanywestcentral,Usage,181.9817,1 GB,8.3599,USD
2026-06-15,00000000-0000-0000-0000-000000000011,sub-management,rg-shared-hub-002,/subscriptions/00000000-0000-0000-0000-000000000011/resourceGroups/rg-shared-hub-002/providers/Microsoft.EventHub/namespaces/res00813,res00813,Event Hubs,Analytics,Throughput Unit,germanywestcentral,Usage,192.083,1 Unit,10.2092,USD
2026-06-15,00000000-0000-0000-0000-000000000012,sub-sandbox,rg-shared-hub-003,/subscriptions/00000000-0000-0000-0000-000000000012/resourceGroups/rg-shared-hub-003/providers/Microsoft.Sql/managedInstances/res01786,res01786,Azure SQL Managed Instance,Databases,vCore GP,uksouth,Usage,167.4843,1 GB/Month,163.5116,USD
2026-06-15,00000000-0000-0000-0000-000000000003,sub-platform-test,rg-shared-test-002,/subscriptions/00000000-0000-0000-0000-000000000003/resourceGroups/rg-shared-test-002/providers/Microsoft.Security/pricings/res00740,res00740,Microsoft Defender for Cloud,Security,Defender for Storage,uksouth,Usage,219.7043,1 Unit,47.7323,USD
2026-06-15,00000000-0000-0000-0000-000000000009,sub-apps-corp,rg-shared-hub-004,/subscriptions/00000000-0000-0000-0000-000000000009/resourceGroups/rg-shared-hub-004/providers/Microsoft.ContainerRegistry/registries/res00166,res00166,Container Registry,Containers,Premium Registry,germanywestcentral,Usage,67.3073,1 Unit,17.7761,USD
2026-06-15,00000000-0000-0000-0000-000000000010,sub-identity,rg-app-test-001,/subscriptions/00000000-0000-0000-0000-000000000010/resourceGroups/rg-app-test-001/providers/Microsoft.Storage/storageAccounts/res00696,res00696,Storage,Storage,General Block Blob,westeurope,Usage,96.4054,10 GB,19.6534,USD
2026-06-15,00000000-0000-0000-0000-000000000008,sub-apps-online,rg-backup-dev-003,/subscriptions/00000000-0000-0000-0000-000000000008/resourceGroups/rg-backup-dev-003/providers/Microsoft.Compute/virtualMachines/res00728,res00728,Virtual Machines,Compute,Standard_D2s_v5,westeurope,Usage,45.408,10 GB,62.8837,USD
2026-06-15,00000000-0000-0000-0000-000000000011,sub-management,rg-security-corp-004,/subscriptions/00000000-0000-0000-0000-000000000011/resourceGroups/rg-security-corp-004/providers/Microsoft.Web/sites/res01290,res01290,Azure App Service,Compute,S1,uksouth,Usage,229.1962,100 Hours,41.6767,USD
2026-06-15,00000000-0000-0000-0000-000000000009,sub-apps-corp,rg-app-dev-001,/subscriptions/00000000-0000-0000-0000-000000000009/resourceGroups/rg-app-dev-001/providers/Microsoft.Sql/servers/databases/res00469,res00469,Azure SQL Database,Databases,DTU,germanywestcentral,Usage,15.6224,100 Hours,38.3504,USD
2026-06-15,00000000-0000-0000-0000-000000000007,sub-network-spoke,rg-identity-hub-003,/subscriptions/00000000-0000-0000-0000-000000000007/resourceGroups/rg-identity-hub-003/providers/Microsoft.Network/bandwidth/res01170,res01170,Bandwidth,Networking,Data Transfer Out - Zone 1,westeurope,Usage,167.1099,100 Hours,29.9935,USD
2026-06-15,00000000-0000-0000-0000-000000000004,sub-data-prod,rg-monitoring-prod-001,/subscriptions/00000000-0000-0000-0000-000000000004/resourceGroups/rg-monitoring-prod-001/providers/Microsoft.Network/bandwidth/res01508,res01508,Bandwidth,Networking,Data Transfer Out - Zone 1,swedencentral,Usage,145.9669,1 GB,7.0536,USD
2026-06-15,00000000-0000-0000-0000-000000000011,sub-management,rg-identity-prod-001,/subscriptions/00000000-0000-0000-0000-000000000011/resourceGroups/rg-credits-001/providers/Microsoft.Billing/adjustments/res02018,credit-02018,Refund,Refund,Service Credit,global,Refund,1,1 Unit,-57.8269,USD
2026-06-15,00000000-0000-0000-0000-000000000006,sub-network-hub,rg-security-prod-002,/subscriptions/00000000-0000-0000-0000-000000000006/resourceGroups/rg-security-prod-002/providers/Microsoft.Network/applicationGateways/res00253,res00253,Application Gateway,Networking,Capacity Unit,uksouth,Usage,124.5263,1 Hour,17.1628,USD
2026-06-15,00000000-0000-0000-0000-000000000011,sub-management,rg-network-dev-004,/subscriptions/00000000-0000-0000-0000-000000000011/resourceGroups/rg-network-dev-004/providers/Microsoft.Network/virtualNetworks/res01628,res01628,Virtual Network,Networking,VNet Peering,westeurope,Usage,193.5556,10 GB,0.8991,USD
2026-06-15,00000000-0000-0000-0000-000000000010,sub-identity,rg-security-corp-001,/subscriptions/00000000-0000-0000-0000-000000000010/resourceGroups/rg-security-corp-001/providers/Microsoft.Insights/components/res00565,res00565,Azure Monitor,Management and Governance,Alerts,germanywestcentral,Usage,49.4243,1 Unit,2.8464,USD
2026-06-15,00000000-0000-0000-0000-000000000006,sub-network-hub,rg-data-test-004,/subscriptions/00000000-0000-0000-0000-000000000006/resourceGroups/rg-data-test-004/providers/Microsoft.Security/pricings/res00635,res00635,Microsoft Defender for Cloud,Security,Defender for SQL,westeurope,Usage,161.4913,1 Unit,37.5022,USD
2026-06-15,00000000-0000-0000-0000-000000000012,sub-sandbox,rg-identity-dev-002,/subscriptions/00000000-0000-0000-0000-000000000012/resourceGroups/rg-identity-dev-002/providers/Microsoft.Network/virtualNetworks/res00971,res00971,Virtual Network,Networking,VNet Peering,germanywestcentral,Usage,29.2477,100 Hours,10.5414,USD
2026-06-15,00000000-0000-0000-0000-000000000002,sub-platform-dev,rg-shared-hub-002,/subscriptions/00000000-0000-0000-0000-000000000002/resourceGroups/rg-shared-hub-002/providers/Microsoft.Network/loadBalancers/res01027,res01027,Load Balancer,Networking,Standard Rules,uksouth,Usage,72.9147,1 Unit,14.4601,USD
2026-06-15,00000000-0000-0000-0000-000000000008,sub-apps-online,rg-network-prod-004,/subscriptions/00000000-0000-0000-0000-000000000008/resourceGroups/rg-network-prod-004/providers/Microsoft.Web/sites/res01264,res01264,Azure Functions,Compute,Execution Time,westeurope,Usage,197.1878,100 Hours,6.9052,USD
2026-06-15,00000000-0000-0000-0000-000000000001,sub-platform-prod,rg-compute-prod-002,/subscriptions/00000000-0000-0000-0000-000000000001/resourceGroups/rg-compute-prod-002/providers/Microsoft.DocumentDB/databaseAccounts/res00192,res00192,Azure Cosmos DB,Databases,RU/s Provisioned,westeurope,Usage,239.0013,1 Unit,53.9326,USD
2026-06-15,00000000-0000-0000-0000-000000000005,sub-data-dev,rg-security-test-003,/subscriptions/00000000-0000-0000-0000-000000000005/resourceGroups/rg-security-test-003/providers/Microsoft.Network/applicationGateways/res01645,res01645,Application Gateway,Networking,WAF v2 Fixed,westeurope,Usage,30.6032,1 Hour,34.0088,USD
2026-06-15,00000000-0000-0000-0000-000000000003,sub-platform-test,rg-identity-test-004,/subscriptions/00000000-0000-0000-0000-000000000003/resourceGroups/rg-identity-test-004/providers/Microsoft.EventHub/namespaces/res00249,res00249,Event Hubs,Analytics,Throughput Unit,uksouth,Usage,124.0969,100 Hours,15.1033,USD
2026-06-15,00000000-0000-0000-0000-000000000009,sub-apps-corp,rg-compute-prod-001,/subscriptions/00000000-0000-0000-0000-000000000009/resourceGroups/rg-credits-001/providers/Microsoft.Billing/adjustments/res02019,credit-02019,Refund,Refund,Service Credit,global,Refund,1,1 Unit,-105.7289,USD
2026-06-15,00000000-0000-0000-0000-000000000004,sub-data-prod,rg-monitoring-dev-004,/subscriptions/00000000-0000-0000-0000-000000000004/resourceGroups/rg-monitoring-dev-004/providers/Microsoft.Security/pricings/res01748,res01748,Microsoft Defender for Cloud,Security,Defender for Storage,westeurope,Usage,48.4792,1 Hour,40.8937,USD
2026-06-15,00000000-0000-0000-0000-000000000011,sub-management,rg-compute-dev-003,/subscriptions/00000000-0000-0000-0000-000000000011/resourceGroups/rg-compute-dev-003/providers/Microsoft.Databricks/workspaces/res00016,res00016,Azure Databricks,Analytics,Jobs Compute DBU,francecentral,Usage,222.2961,1 GB,73.1712,USD
2026-06-15,00000000-0000-0000-0000-000000000007,sub-network-spoke,rg-shared-hub-002,/subscriptions/00000000-0000-0000-0000-000000000007/resourceGroups/rg-shared-hub-002/providers/Microsoft.Web/sites/res00083,res00083,Azure Functions,Compute,Total Executions,global,Usage,224.4358,1M Operations,8.8871,USD
2026-06-15,00000000-0000-0000-0000-000000000003,sub-platform-test,rg-app-prod-001,/subscriptions/00000000-0000-0000-0000-000000000003/resourceGroups/rg-app-prod-001/providers/Microsoft.Web/sites/res00868,res00868,Azure Functions,Compute,Execution Time,germanywestcentral,Usage,197.6321,1 Unit,11.1424,USD
2026-06-15,00000000-0000-0000-0000-000000000001,sub-platform-prod,rg-compute-hub-001,/subscriptions/00000000-0000-0000-0000-000000000001/resourceGroups/rg-compute-hub-001/providers/Microsoft.Network/bandwidth/res01152,res01152,Bandwidth,Networking,Inter-Region,uksouth,Usage,216.7367,10 GB,24.6263,USD
2026-06-15,00000000-0000-0000-0000-000000000008,sub-apps-online,rg-app-hub-001,/subscriptions/00000000-0000-0000-0000-000000000008/resourceGroups/rg-app-hub-001/providers/Microsoft.ContainerRegistry/registries/res00962,res00962,Container Registry,Containers,Premium Registry,global,Usage,138.7638,1 Unit,12.6824,USD
2026-06-15,00000000-0000-0000-0000-000000000006,sub-network-hub,rg-backup-dev-001,/subscriptions/00000000-0000-0000-0000-000000000006/resourceGroups/rg-backup-dev-001/providers/Microsoft.Network/azureFirewalls/res01776,res01776,Azure Firewall,Networking,Deployment Hours,global,Usage,71.6522,100 Hours,37.9688,USD
2026-06-15,00000000-0000-0000-0000-000000000007,sub-network-spoke,rg-network-test-003,/subscriptions/00000000-0000-0000-0000-000000000007/resourceGroups/rg-network-test-003/providers/Microsoft.Sql/servers/databases/res01972,res01972,Azure SQL Database,Databases,General Purpose,uksouth,Usage,47.3111,1 Unit,50.2593,USD
2026-06-15,00000000-0000-0000-0000-000000000005,sub-data-dev,rg-network-corp-004,/subscriptions/00000000-0000-0000-0000-000000000005/resourceGroups/rg-network-corp-004/providers/Microsoft.ContainerService/managedClusters/res00457,res00457,Azure Kubernetes Service,Compute,Standard Tier,westeurope,Usage,53.8819,10 GB,50.1794,USD
2026-06-15,00000000-0000-0000-0000-000000000004,sub-data-prod,rg-security-hub-004,/subscriptions/00000000-0000-0000-0000-000000000004/resourceGroups/rg-security-hub-004/providers/Microsoft.Web/sites/res01053,res01053,Azure Functions,Compute,Execution Time,uksouth,Usage,50.0715,1M Operations,11.5759,USD
2026-06-15,00000000-0000-0000-0000-000000000008,sub-apps-online,rg-monitoring-dev-001,/subscriptions/00000000-0000-0000-0000-000000000008/resourceGroups/rg-monitoring-dev-001/providers/Microsoft.EventHub/namespaces/res01509,res01509,Event Hubs,Analytics,Capture,global,Usage,17.5774,1 GB/Month,19.5556,USD
2026-06-15,00000000-0000-0000-0000-000000000001,sub-platform-prod,rg-backup-dev-002,/subscriptions/00000000-0000-0000-0000-000000000001/resourceGroups/rg-backup-dev-002/providers/Microsoft.KeyVault/vaults/res01983,res01983,Key Vault,Security,Operations,uksouth,Usage,88.3194,1 Unit,6.5565,USD
2026-06-15,00000000-0000-0000-0000-000000000010,sub-identity,rg-monitoring-test-001,/subscriptions/00000000-0000-0000-0000-000000000010/resourceGroups/rg-monitoring-test-001/providers/Microsoft.ContainerService/managedClusters/res01924,res01924,Azure Kubernetes Service,Compute,Load Balancer,northeurope,Usage,99.1866,1 GB/Month,50.4754,USD
2026-06-15,00000000-0000-0000-0000-000000000006,sub-network-hub,rg-shared-prod-001,/subscriptions/00000000-0000-0000-0000-000000000006/resourceGroups/rg-shared-prod-001/providers/Microsoft.ServiceBus/namespaces/res01300,res01300,Service Bus,Integration,Operations,westeurope,Usage,220.7933,1 GB/Month,11.8315,USD
2026-06-15,00000000-0000-0000-0000-000000000011,sub-management,rg-compute-corp-004,/subscriptions/00000000-0000-0000-0000-000000000011/resourceGroups/rg-compute-corp-004/providers/Microsoft.EventHub/namespaces/res01952,res01952,Event Hubs,Analytics,Throughput Unit,francecentral,Usage,3.512,1 GB,8.8021,USD
2026-06-15,00000000-0000-0000-0000-000000000008,sub-apps-online,rg-backup-dev-002,/subscriptions/00000000-0000-0000-0000-000000000008/resourceGroups/rg-backup-dev-002/providers/Microsoft.Databricks/workspaces/res01653,res01653,Azure Databricks,Analytics,Jobs Compute DBU,francecentral,Usage,48.5628,1 Unit,95.789,USD
2026-06-15,00000000-0000-0000-0000-000000000012,sub-sandbox,rg-backup-dev-002,/subscriptions/00000000-0000-0000-0000-000000000012/resourceGroups/rg-backup-dev-002/providers/Microsoft.Web/sites/res01201,res01201,Azure App Service,Compute,S1,germanywestcentral,Usage,110.3946,10 GB,9.2473,USD
2026-06-15,00000000-0000-0000-0000-000000000004,sub-data-prod,rg-security-corp-003,/subscriptions/00000000-0000-0000-0000-000000000004/resourceGroups/rg-security-corp-003/providers/Microsoft.Network/bandwidth/res00121,res00121,Bandwidth,Networking,Data Transfer Out - Zone 1,germanywestcentral,Usage,42.0396,1M Operations,8.3408,USD
2026-06-15,00000000-0000-0000-0000-000000000005,sub-data-dev,rg-shared-dev-001,/subscriptions/00000000-0000-0000-0000-000000000005/resourceGroups/rg-shared-dev-001/providers/Microsoft.Network/loadBalancers/res00196,res00196,Load Balancer,Networking,Data Processed,northeurope,Usage,8.5813,1 GB,11.3009,USD
2026-06-15,00000000-0000-0000-0000-000000000003,sub-platform-test,rg-monitoring-corp-001,/subscriptions/00000000-0000-0000-0000-000000000003/resourceGroups/rg-monitoring-corp-001/providers/Microsoft.DocumentDB/databaseAccounts/res00496,res00496,Azure Cosmos DB,Databases,Storage,northeurope,Usage,185.1956,10 GB,26.2175,USD
2026-06-15,00000000-0000-0000-0000-000000000003,sub-platform-test,rg-compute-corp-004,/subscriptions/00000000-0000-0000-0000-000000000003/resourceGroups/rg-compute-corp-004/providers/Microsoft.DocumentDB/databaseAccounts/res01690,res01690,Azure Cosmos DB,Databases,Serverless,westeurope,Usage,60.1446,1M Operations,86.9386,USD
2026-06-15,00000000-0000-0000-0000-000000000009,sub-apps-corp,rg-security-test-003,/subscriptions/00000000-0000-0000-0000-000000000009/resourceGroups/rg-security-test-003/providers/Microsoft.KeyVault/vaults/res00969,res00969,Key Vault,Security,Operations,francecentral,Usage,85.8275,1M Operations,0.6817,USD
2026-06-15,00000000-0000-0000-0000-000000000012,sub-sandbox,rg-app-prod-003,/subscriptions/00000000-0000-0000-0000-000000000012/resourceGroups/rg-app-prod-003/providers/Microsoft.Databricks/workspaces/res00688,res00688,Azure Databricks,Analytics,Premium DBU,westeurope,Usage,89.1752,1M Operations,56.5843,USD
2026-06-15,00000000-0000-0000-0000-000000000010,sub-identity,rg-backup-dev-001,/subscriptions/00000000-0000-0000-0000-000000000010/resourceGroups/rg-backup-dev-001/providers/Microsoft.Network/azureFirewalls/res01068,res01068,Azure Firewall,Networking,Data Processed,westeurope,Usage,136.8612,10 GB,52.8219,USD
2026-06-15,00000000-0000-0000-0000-000000000011,sub-management,rg-app-dev-002,/subscriptions/00000000-0000-0000-0000-000000000011/resourceGroups/rg-app-dev-002/providers/Microsoft.Network/virtualNetworks/res00160,res00160,Virtual Network,Networking,VNet Peering,uksouth,Usage,101.4859,100 Hours,6.5189,USD
2026-06-15,00000000-0000-0000-0000-000000000012,sub-sandbox,rg-network-test-001,/subscriptions/00000000-0000-0000-0000-000000000012/resourceGroups/rg-network-test-001/providers/Microsoft.Web/sites/res00730,res00730,Azure App Service,Compute,P1v3,francecentral,Usage,151.7126,1 GB,17.0871,USD
2026-06-15,00000000-0000-0000-0000-000000000008,sub-apps-online,rg-shared-prod-002,/subscriptions/00000000-0000-0000-0000-000000000008/resourceGroups/rg-shared-prod-002/providers/Microsoft.EventHub/namespaces/res00552,res00552,Event Hubs,Analytics,Throughput Unit,westeurope,Usage,112.0447,1 GB/Month,19.7051,USD
2026-06-15,00000000-0000-0000-0000-000000000001,sub-platform-prod,rg-identity-corp-004,/subscriptions/00000000-0000-0000-0000-000000000001/resourceGroups/rg-identity-corp-004/providers/Microsoft.Network/loadBalancers/res01097,res01097,Load Balancer,Networking,Standard Rules,global,Usage,238.9777,1 Unit,0.6331,USD
2026-06-15,00000000-0000-0000-0000-000000000001,sub-platform-prod,rg-compute-test-003,/subscriptions/00000000-0000-0000-0000-000000000001/resourceGroups/rg-compute-test-003/providers/Microsoft.Network/applicationGateways/res00422,res00422,Application Gateway,Networking,Capacity Unit,global,Usage,141.2044,1 GB,15.8775,USD
2026-06-15,00000000-0000-0000-0000-000000000005,sub-data-dev,rg-monitoring-prod-004,/subscriptions/00000000-0000-0000-0000-000000000005/resourceGroups/rg-monitoring-prod-004/providers/Microsoft.Web/sites/res01228,res01228,Azure App Service,Compute,P1v3,northeurope,Usage,46.041,100 Hours,14.7097,USD
2026-06-15,00000000-0000-0000-0000-000000000004,sub-data-prod,rg-data-prod-002,/subscriptions/00000000-0000-0000-0000-000000000004/resourceGroups/rg-data-prod-002/providers/Microsoft.Insights/components/res00406,res00406,Azure Monitor,Management and Governance,Alerts,swedencentral,Usage,182.0921,1M Operations,25.3694,USD
2026-06-15,00000000-0000-0000-0000-000000000001,sub-platform-prod,rg-data-dev-003,/subscriptions/00000000-0000-0000-0000-000000000001/resourceGroups/rg-data-dev-003/providers/Microsoft.Databricks/workspaces/res01681,res01681,Azure Databricks,Analytics,Premium DBU,uksouth,Usage,176.9092,1 GB,119.9717,USD
2026-06-15,00000000-0000-0000-0000-000000000002,sub-platform-dev,rg-compute-corp-002,/subscriptions/00000000-0000-0000-0000-000000000002/resourceGroups/rg-compute-corp-002/providers/Microsoft.Network/loadBalancers/res01458,res01458,Load Balancer,Networking,Data Processed,uksouth,Usage,127.0597,10 GB,13.9381,USD
2026-06-15,00000000-0000-0000-0000-000000000005,sub-data-dev,rg-security-corp-003,/subscriptions/00000000-0000-0000-0000-000000000005/resourceGroups/rg-security-corp-003/providers/Microsoft.Network/ddosProtectionPlans/res00945,res00945,Azure DDoS Protection,Networking,Data Processed,global,Usage,106.0245,1 Hour,61.5056,USD
2026-06-15,00000000-0000-0000-0000-000000000009,sub-apps-corp,rg-compute-corp-001,/subscriptions/00000000-0000-0000-0000-000000000009/resourceGroups/rg-compute-corp-001/providers/Microsoft.OperationalInsights/workspaces/res01629,res01629,Log Analytics,Management and Governance,Data Ingestion,westeurope,Usage,182.6364,1 GB/Month,76.4122,USD
2026-06-15,00000000-0000-0000-0000-000000000004,sub-data-prod,rg-security-test-004,/subscriptions/00000000-0000-0000-0000-000000000004/resourceGroups/rg-security-test-004/providers/Microsoft.Insights/components/res01277,res01277,Azure Monitor,Management and Governance,Application Insights,northeurope,Usage,118.3682,100 Hours,29.3792,USD
2026-06-15,00000000-0000-0000-0000-000000000004,sub-data-prod,rg-compute-prod-001,/subscriptions/00000000-0000-0000-0000-000000000004/resourceGroups/rg-compute-prod-001/providers/Microsoft.Network/virtualNetworks/res01371,res01371,Virtual Network,Networking,Data Transfer Out,global,Usage,230.6275,1 GB,4.0731,USD
2026-06-15,00000000-0000-0000-0000-000000000006,sub-network-hub,rg-backup-prod-001,/subscriptions/00000000-0000-0000-0000-000000000006/resourceGroups/rg-backup-prod-001/providers/Microsoft.Network/bandwidth/res00805,res00805,Bandwidth,Networking,Data Transfer Out - Zone 1,global,Usage,117.2215,1 Hour,30.7961,USD
2026-06-15,00000000-0000-0000-0000-000000000002,sub-platform-dev,rg-shared-prod-003,/subscriptions/00000000-0000-0000-0000-000000000002/resourceGroups/rg-shared-prod-003/providers/Microsoft.Sql/managedInstances/res01792,res01792,Azure SQL Managed Instance,Databases,vCore GP,global,Usage,28.8984,100 Hours,102.6528,USD
2026-06-15,00000000-0000-0000-0000-000000000002,sub-platform-dev,rg-compute-corp-003,/subscriptions/00000000-0000-0000-0000-000000000002/resourceGroups/rg-compute-corp-003/providers/Microsoft.Network/azureFirewalls/res01413,res01413,Azure Firewall,Networking,Data Processed,global,Usage,8.7757,10 GB,46.759,USD
2026-06-15,00000000-0000-0000-0000-000000000001,sub-platform-prod,rg-shared-hub-004,/subscriptions/00000000-0000-0000-0000-000000000001/resourceGroups/rg-shared-hub-004/providers/Microsoft.Security/pricings/res00141,res00141,Microsoft Defender for Cloud,Security,Defender for Servers P2,germanywestcentral,Usage,35.9815,1 Unit,21.9034,USD
2026-06-15,00000000-0000-0000-0000-000000000004,sub-data-prod,rg-shared-test-001,/subscriptions/00000000-0000-0000-0000-000000000004/resourceGroups/rg-shared-test-001/providers/Microsoft.DocumentDB/databaseAccounts/res00891,res00891,Azure Cosmos DB,Databases,Serverless,northeurope,Usage,4.3742,1 Unit,68.1005,USD
2026-06-15,00000000-0000-0000-0000-000000000011,sub-management,rg-data-corp-002,/subscriptions/00000000-0000-0000-0000-000000000011/resourceGroups/rg-data-corp-002/providers/Microsoft.ContainerRegistry/registries/res01176,res01176,Container Registry,Containers,Premium Registry,germanywestcentral,Usage,206.8669,100 Hours,10.8877,USD
2026-06-15,00000000-0000-0000-0000-000000000007,sub-network-spoke,rg-app-prod-002,/subscriptions/00000000-0000-0000-0000-000000000007/resourceGroups/rg-app-prod-002/providers/Microsoft.Network/azureFirewalls/res01642,res01642,Azure Firewall,Networking,Data Processed,global,Usage,51.5901,1 Hour,30.5435,USD
2026-06-15,00000000-0000-0000-0000-000000000003,sub-platform-test,rg-identity-dev-002,/subscriptions/00000000-0000-0000-0000-000000000003/resourceGroups/rg-identity-dev-002/providers/Microsoft.Network/ddosProtectionPlans/res01117,res01117,Azure DDoS Protection,Networking,Data Processed,francecentral,Usage,118.3413,1 GB/Month,44.9335,USD
2026-06-15,00000000-0000-0000-0000-000000000003,sub-platform-test,rg-app-corp-002,/subscriptions/00000000-0000-0000-0000-000000000003/resourceGroups/rg-app-corp-002/providers/Microsoft.ContainerService/managedClusters/res00450,res00450,Azure Kubernetes Service,Compute,Uptime SLA,uksouth,Usage,75.3275,1M Operations,66.2737,USD
2026-06-15,00000000-0000-0000-0000-000000000004,sub-data-prod,rg-identity-hub-002,/subscriptions/00000000-0000-0000-0000-000000000004/resourceGroups/rg-identity-hub-002/providers/Microsoft.ContainerService/managedClusters/res00333,res00333,Azure Kubernetes Service,Compute,Standard Tier,germanywestcentral,Usage,131.8993,1 GB,75.6109,USD
2026-06-15,00000000-0000-0000-0000-000000000005,sub-data-dev,rg-identity-dev-002,/subscriptions/00000000-0000-0000-0000-000000000005/resourceGroups/rg-identity-dev-002/providers/Microsoft.Network/azureFirewalls/res00235,res00235,Azure Firewall,Networking,Deployment Hours,global,Usage,135.9471,100 Hours,35.2976,USD
2026-06-15,00000000-0000-0000-0000-000000000011,sub-management,rg-shared-corp-004,/subscriptions/00000000-0000-0000-0000-000000000011/resourceGroups/rg-shared-corp-004/providers/Microsoft.Compute/virtualMachines/res00559,res00559,Virtual Machines,Compute,Standard_D4s_v5,francecentral,Usage,157.9635,1 GB,75.6349,USD
2026-06-15,00000000-0000-0000-0000-000000000001,sub-platform-prod,rg-monitoring-dev-001,/subscriptions/00000000-0000-0000-0000-000000000001/resourceGroups/rg-monitoring-dev-001/providers/Microsoft.Network/azureFirewalls/res01815,res01815,Azure Firewall,Networking,Data Processed,germanywestcentral,Usage,171.4343,1M Operations,43.312,USD
2026-06-15,00000000-0000-0000-0000-000000000002,sub-platform-dev,rg-app-prod-002,/subscriptions/00000000-0000-0000-0000-000000000002/resourceGroups/rg-app-prod-002/providers/Microsoft.OperationalInsights/workspaces/res00848,res00848,Log Analytics,Management and Governance,Data Ingestion,francecentral,Usage,203.4095,1 GB,47.8776,USD
2026-06-15,00000000-0000-0000-0000-000000000002,sub-platform-dev,rg-data-hub-001,/subscriptions/00000000-0000-0000-0000-000000000002/resourceGroups/rg-data-hub-001/providers/Microsoft.DocumentDB/databaseAccounts/res01905,res01905,Azure Cosmos DB,Databases,Storage,northeurope,Usage,238.613,1 GB/Month,16.9603,USD
2026-06-15,00000000-0000-0000-0000-000000000011,sub-management,rg-backup-hub-003,/subscriptions/00000000-0000-0000-0000-000000000011/resourceGroups/rg-backup-hub-003/providers/Microsoft.Security/pricings/res01456,res01456,Microsoft Defender for Cloud,Security,Defender for Servers P2,germanywestcentral,Usage,152.5949,1 GB,30.4958,USD
2026-06-15,00000000-0000-0000-0000-000000000009,sub-apps-corp,rg-backup-dev-001,/subscriptions/00000000-0000-0000-0000-000000000009/resourceGroups/rg-backup-dev-001/providers/Microsoft.ContainerService/managedClusters/res01893,res01893,Azure Kubernetes Service,Compute,Uptime SLA,francecentral,Usage,87.8379,1M Operations,39.9645,USD
2026-06-15,00000000-0000-0000-0000-000000000003,sub-platform-test,rg-data-dev-002,/subscriptions/00000000-0000-0000-0000-000000000003/resourceGroups/rg-data-dev-002/providers/Microsoft.Network/ddosProtectionPlans/res01707,res01707,Azure DDoS Protection,Networking,Data Processed,uksouth,Usage,220.0625,100 Hours,65.3501,USD
2026-06-15,00000000-0000-0000-0000-000000000005,sub-data-dev,rg-reservations-001,/subscriptions/00000000-0000-0000-0000-000000000005/resourceGroups/rg-reservations-001/providers/Microsoft.Capacity/reservationOrders/res02002,reserved-02002,Reservations,Reservations,SQL vCore Reserved,global,Purchase,1,1 Unit,181.8924,USD
2026-06-15,00000000-0000-0000-0000-000000000007,sub-network-spoke,rg-reservations-001,/subscriptions/00000000-0000-0000-0000-000000000007/resourceGroups/rg-reservations-001/providers/Microsoft.Capacity/reservationOrders/res02003,reserved-02003,Reservations,Reservations,Standard_D4s_v5 Reserved,northeurope,Purchase,1,1 Unit,784.5781,USD
2026-06-15,00000000-0000-0000-0000-000000000009,sub-apps-corp,rg-security-prod-001,/subscriptions/00000000-0000-0000-0000-000000000009/resourceGroups/rg-security-prod-001/providers/Microsoft.ContainerRegistry/registries/res01189,res01189,Container Registry,Containers,Storage,global,Usage,109.2074,1 Hour,3.9012,USD
2026-06-15,00000000-0000-0000-0000-000000000008,sub-apps-online,rg-identity-corp-001,/subscriptions/00000000-0000-0000-0000-000000000008/resourceGroups/rg-identity-corp-001/providers/Microsoft.Network/bandwidth/res00472,res00472,Bandwidth,Networking,Data Transfer Out - Zone 1,francecentral,Usage,152.0371,1 GB/Month,11.0847,USD
2026-06-15,00000000-0000-0000-0000-000000000004,sub-data-prod,rg-data-prod-004,/subscriptions/00000000-0000-0000-0000-000000000004/resourceGroups/rg-data-prod-004/providers/Microsoft.Network/loadBalancers/res00027,res00027,Load Balancer,Networking,Data Processed,swedencentral,Usage,200.0697,1 GB,11.1287,USD
2026-06-15,00000000-0000-0000-0000-000000000001,sub-platform-prod,rg-security-test-003,/subscriptions/00000000-0000-0000-0000-000000000001/resourceGroups/rg-security-test-003/providers/Microsoft.Sql/servers/databases/res00327,res00327,Azure SQL Database,Databases,DTU,swedencentral,Usage,230.2257,100 Hours,13.636,USD
2026-06-15,00000000-0000-0000-0000-000000000004,sub-data-prod,rg-security-corp-004,/subscriptions/00000000-0000-0000-0000-000000000004/resourceGroups/rg-security-corp-004/providers/Microsoft.Network/azureFirewalls/res00923,res00923,Azure Firewall,Networking,Deployment Hours,francecentral,Usage,130.6775,1M Operations,54.2173,USD
2026-06-15,00000000-0000-0000-0000-000000000007,sub-network-spoke,rg-identity-prod-003,/subscriptions/00000000-0000-0000-0000-000000000007/resourceGroups/rg-identity-prod-003/providers/Microsoft.Web/sites/res00211,res00211,Azure App Service,Compute,I1v2,francecentral,Usage,91.6995,1 Hour,33.0051,USD
2026-06-15,00000000-0000-0000-0000-000000000005,sub-data-dev,rg-monitoring-prod-002,/subscriptions/00000000-0000-0000-0000-000000000005/resourceGroups/rg-monitoring-prod-002/providers/Microsoft.ContainerService/managedClusters/res00765,res00765,Azure Kubernetes Service,Compute,Load Balancer,francecentral,Usage,144.9049,1 Unit,29.555,USD
2026-06-15,00000000-0000-0000-0000-000000000011,sub-management,rg-shared-prod-003,/subscriptions/00000000-0000-0000-0000-000000000011/resourceGroups/rg-shared-prod-003/providers/Microsoft.OperationalInsights/workspaces/res01773,res01773,Log Analytics,Management and Governance,Data Ingestion,swedencentral,Usage,163.0327,1 GB/Month,1.793,USD
2026-06-15,00000000-0000-0000-0000-000000000002,sub-platform-dev,rg-monitoring-prod-004,/subscriptions/00000000-0000-0000-0000-000000000002/resourceGroups/rg-monitoring-prod-004/providers/Microsoft.Web/sites/res00824,res00824,Azure App Service,Compute,P1v3,westeurope,Usage,228.3788,100 Hours,45.8691,USD
2026-06-15,00000000-0000-0000-0000-000000000001,sub-platform-prod,rg-network-prod-001,/subscriptions/00000000-0000-0000-0000-000000000001/resourceGroups/rg-network-prod-001/providers/Microsoft.Storage/storageAccounts/res00301,res00301,Storage,Storage,Hot LRS,swedencentral,Usage,44.6358,1M Operations,35.3731,USD
2026-06-15,00000000-0000-0000-0000-000000000006,sub-network-hub,rg-data-dev-003,/subscriptions/00000000-0000-0000-0000-000000000006/resourceGroups/rg-data-dev-003/providers/Microsoft.Databricks/workspaces/res00817,res00817,Azure Databricks,Analytics,Jobs Compute DBU,francecentral,Usage,90.3377,1 Unit,18.7893,USD
2026-06-15,00000000-0000-0000-0000-000000000002,sub-platform-dev,rg-security-corp-002,/subscriptions/00000000-0000-0000-0000-000000000002/resourceGroups/rg-security-corp-002/providers/Microsoft.Sql/servers/databases/res01715,res01715,Azure SQL Database,Databases,vCore Gen5,swedencentral,Usage,192.1954,100 Hours,46.015,USD
2026-06-15,00000000-0000-0000-0000-000000000009,sub-apps-corp,rg-shared-hub-001,/subscriptions/00000000-0000-0000-0000-000000000009/resourceGroups/rg-shared-hub-001/providers/Microsoft.ContainerService/managedClusters/res01087,res01087,Azure Kubernetes Service,Compute,Load Balancer,global,Usage,166.9892,100 Hours,76.4527,USD
2026-06-15,00000000-0000-0000-0000-000000000006,sub-network-hub,rg-app-dev-004,/subscriptions/00000000-0000-0000-0000-000000000006/resourceGroups/rg-app-dev-004/providers/Microsoft.Insights/components/res01070,res01070,Azure Monitor,Management and Governance,Application Insights,westeurope,Usage,5.3317,10 GB,21.5071,USD
2026-06-15,00000000-0000-0000-0000-000000000009,sub-apps-corp,rg-shared-test-003,/subscriptions/00000000-0000-0000-0000-000000000009/resourceGroups/rg-shared-test-003/providers/Microsoft.Insights/components/res01297,res01297,Azure Monitor,Management and Governance,Application Insights,uksouth,Usage,45.0956,1M Operations,18.9698,USD
2026-06-15,00000000-0000-0000-0000-000000000009,sub-apps-corp,rg-network-dev-002,/subscriptions/00000000-0000-0000-0000-000000000009/resourceGroups/rg-network-dev-002/providers/Microsoft.Security/pricings/res00979,res00979,Microsoft Defender for Cloud,Security,Defender for Servers P2,westeurope,Usage,143.6181,1 GB/Month,32.5003,USD
2026-06-15,00000000-0000-0000-0000-000000000005,sub-data-dev,rg-monitoring-test-002,/subscriptions/00000000-0000-0000-0000-000000000005/resourceGroups/rg-monitoring-test-002/providers/Microsoft.EventHub/namespaces/res01193,res01193,Event Hubs,Analytics,Capture,westeurope,Usage,159.9734,10 GB,21.4803,USD
2026-06-15,00000000-0000-0000-0000-000000000004,sub-data-prod,rg-security-prod-001,/subscriptions/00000000-0000-0000-0000-000000000004/resourceGroups/rg-security-prod-001/providers/Microsoft.Network/applicationGateways/res00323,res00323,Application Gateway,Networking,WAF v2 Fixed,northeurope,Usage,74.9985,10 GB,36.1564,USD
2026-06-15,00000000-0000-0000-0000-000000000012,sub-sandbox,rg-backup-prod-003,/subscriptions/00000000-0000-0000-0000-000000000012/resourceGroups/rg-backup-prod-003/providers/Microsoft.Network/virtualNetworks/res00603,res00603,Virtual Network,Networking,Data Transfer Out,westeurope,Usage,54.6411,100 Hours,12.7616,USD
2026-06-15,00000000-0000-0000-0000-000000000009,sub-apps-corp,rg-compute-test-002,/subscriptions/00000000-0000-0000-0000-000000000009/resourceGroups/rg-compute-test-002/providers/Microsoft.EventHub/namespaces/res00304,res00304,Event Hubs,Analytics,Capture,francecentral,Usage,220.0374,100 Hours,21.0258,USD
2026-06-15,00000000-0000-0000-0000-000000000007,sub-network-spoke,rg-monitoring-dev-001,/subscriptions/00000000-0000-0000-0000-000000000007/resourceGroups/rg-monitoring-dev-001/providers/Microsoft.ContainerRegistry/registries/res01125,res01125,Container Registry,Containers,Build Minutes,swedencentral,Usage,46.4811,1M Operations,3.3362,USD
2026-06-15,00000000-0000-0000-0000-000000000009,sub-apps-corp,rg-backup-test-001,/subscriptions/00000000-0000-0000-0000-000000000009/resourceGroups/rg-backup-test-001/providers/Microsoft.EventHub/namespaces/res01573,res01573,Event Hubs,Analytics,Capture,germanywestcentral,Usage,226.8335,1 GB,4.462,USD
2026-06-15,00000000-0000-0000-0000-000000000005,sub-data-dev,rg-monitoring-test-001,/subscriptions/00000000-0000-0000-0000-000000000005/resourceGroups/rg-monitoring-test-001/providers/Microsoft.RecoveryServices/vaults/res00729,res00729,Azure Backup,Storage,Protected Instances,westeurope,Usage,232.9327,1 Unit,33.4673,USD
2026-06-15,00000000-0000-0000-0000-000000000006,sub-network-hub,rg-app-dev-003,/subscriptions/00000000-0000-0000-0000-000000000006/resourceGroups/rg-app-dev-003/providers/Microsoft.Network/virtualNetworks/res01575,res01575,Virtual Network,Networking,Private Endpoint,germanywestcentral,Usage,186.9741,1 GB/Month,14.1565,USD
2026-06-15,00000000-0000-0000-0000-000000000001,sub-platform-prod,rg-network-hub-001,/subscriptions/00000000-0000-0000-0000-000000000001/resourceGroups/rg-network-hub-001/providers/Microsoft.Web/sites/res01638,res01638,Azure Functions,Compute,Total Executions,francecentral,Usage,204.3341,1M Operations,5.493,USD
2026-06-15,00000000-0000-0000-0000-000000000003,sub-platform-test,rg-shared-corp-004,/subscriptions/00000000-0000-0000-0000-000000000003/resourceGroups/rg-shared-corp-004/providers/Microsoft.OperationalInsights/workspaces/res00866,res00866,Log Analytics,Management and Governance,Data Retention,swedencentral,Usage,216.3476,10 GB,66.4433,USD
2026-06-15,00000000-0000-0000-0000-000000000005,sub-data-dev,rg-compute-corp-004,/subscriptions/00000000-0000-0000-0000-000000000005/resourceGroups/rg-compute-corp-004/providers/Microsoft.Compute/virtualMachines/res01484,res01484,Virtual Machines,Compute,Standard_E4s_v5,global,Usage,34.8017,1 GB/Month,48.0307,USD
2026-06-15,00000000-0000-0000-0000-000000000007,sub-network-spoke,rg-data-hub-001,/subscriptions/00000000-0000-0000-0000-000000000007/resourceGroups/rg-data-hub-001/providers/Microsoft.Compute/virtualMachines/res00699,res00699,Virtual Machines,Compute,Standard_D4s_v5,northeurope,Usage,131.5282,1M Operations,33.1677,USD
2026-06-15,00000000-0000-0000-0000-000000000008,sub-apps-online,rg-identity-prod-002,/subscriptions/00000000-0000-0000-0000-000000000008/resourceGroups/rg-identity-prod-002/providers/Microsoft.Web/sites/res00575,res00575,Azure App Service,Compute,P1v3,global,Usage,150.6378,100 Hours,7.8268,USD
2026-06-15,00000000-0000-0000-0000-000000000012,sub-sandbox,rg-shared-prod-001,/subscriptions/00000000-0000-0000-0000-000000000012/resourceGroups/rg-shared-prod-001/providers/Microsoft.Databricks/workspaces/res00485,res00485,Azure Databricks,Analytics,Jobs Compute DBU,global,Usage,166.8975,100 Hours,85.1289,USD
2026-06-15,00000000-0000-0000-0000-000000000011,sub-management,rg-monitoring-dev-002,/subscriptions/00000000-0000-0000-0000-000000000011/resourceGroups/rg-monitoring-dev-002/providers/Microsoft.Storage/storageAccounts/res01115,res01115,Storage,Storage,Hot LRS,germanywestcentral,Usage,175.0655,100 Hours,58.3056,USD
2026-06-15,00000000-0000-0000-0000-000000000010,sub-identity,rg-security-prod-003,/subscriptions/00000000-0000-0000-0000-000000000010/resourceGroups/rg-security-prod-003/providers/Microsoft.ServiceBus/namespaces/res01122,res01122,Service Bus,Integration,Premium Messaging Unit,uksouth,Usage,94.9359,1 GB,4.3131,USD
2026-06-15,00000000-0000-0000-0000-000000000005,sub-data-dev,rg-network-dev-003,/subscriptions/00000000-0000-0000-0000-000000000005/resourceGroups/rg-network-dev-003/providers/Microsoft.DocumentDB/databaseAccounts/res00491,res00491,Azure Cosmos DB,Databases,Serverless,global,Usage,20.5647,100 Hours,46.4763,USD
2026-06-15,00000000-0000-0000-0000-000000000004,sub-data-prod,rg-security-hub-004,/subscriptions/00000000-0000-0000-0000-000000000004/resourceGroups/rg-security-hub-004/providers/Microsoft.Compute/virtualMachines/res01547,res01547,Virtual Machines,Compute,Standard_E4s_v5,germanywestcentral,Usage,96.4608,10 GB,100.7043,USD
2026-06-15,00000000-0000-0000-0000-000000000003,sub-platform-test,rg-security-test-004,/subscriptions/00000000-0000-0000-0000-000000000003/resourceGroups/rg-security-test-004/providers/Microsoft.Network/ddosProtectionPlans/res01862,res01862,Azure DDoS Protection,Networking,Protection Plan,northeurope,Usage,131.0165,10 GB,40.2417,USD
2026-06-15,00000000-0000-0000-0000-000000000002,sub-platform-dev,rg-security-hub-001,/subscriptions/00000000-0000-0000-0000-000000000002/resourceGroups/rg-security-hub-001/providers/Microsoft.Network/applicationGateways/res00145,res00145,Application Gateway,Networking,Capacity Unit,swedencentral,Usage,205.8048,1 Hour,43.6864,USD
2026-06-15,00000000-0000-0000-0000-000000000002,sub-platform-dev,rg-data-prod-004,/subscriptions/00000000-0000-0000-0000-000000000002/resourceGroups/rg-data-prod-004/providers/Microsoft.Databricks/workspaces/res01769,res01769,Azure Databricks,Analytics,Standard DBU,swedencentral,Usage,2.2417,100 Hours,28.3553,USD
2026-06-15,00000000-0000-0000-0000-000000000004,sub-data-prod,rg-backup-dev-004,/subscriptions/00000000-0000-0000-0000-000000000004/resourceGroups/rg-backup-dev-004/providers/Microsoft.Network/applicationGateways/res00725,res00725,Application Gateway,Networking,WAF v2 Fixed,northeurope,Usage,87.0946,1M Operations,6.468,USD
2026-06-15,00000000-0000-0000-0000-000000000009,sub-apps-corp,rg-network-prod-004,/subscriptions/00000000-0000-0000-0000-000000000009/resourceGroups/rg-network-prod-004/providers/Microsoft.Databricks/workspaces/res01434,res01434,Azure Databricks,Analytics,Premium DBU,global,Usage,129.2124,1 Hour,51.2168,USD
2026-06-15,00000000-0000-0000-0000-000000000011,sub-management,rg-data-test-003,/subscriptions/00000000-0000-0000-0000-000000000011/resourceGroups/rg-data-test-003/providers/Microsoft.Storage/storageAccounts/res01758,res01758,Storage,Storage,Hot LRS,northeurope,Usage,6.9469,10 GB,89.0438,USD
2026-06-15,00000000-0000-0000-0000-000000000004,sub-data-prod,rg-shared-dev-003,/subscriptions/00000000-0000-0000-0000-000000000004/resourceGroups/rg-shared-dev-003/providers/Microsoft.Network/loadBalancers/res01037,res01037,Load Balancer,Networking,Data Processed,westeurope,Usage,181.5205,100 Hours,11.0733,USD
2026-06-15,00000000-0000-0000-0000-000000000008,sub-apps-online,rg-shared-hub-001,/subscriptions/00000000-0000-0000-0000-000000000008/resourceGroups/rg-shared-hub-001/providers/Microsoft.Storage/storageAccounts/res01579,res01579,Storage,Storage,Cool LRS,swedencentral,Usage,36.0187,100 Hours,17.3044,USD
2026-06-15,00000000-0000-0000-0000-000000000004,sub-data-prod,rg-monitoring-hub-003,/subscriptions/00000000-0000-0000-0000-000000000004/resourceGroups/rg-monitoring-hub-003/providers/Microsoft.Network/ddosProtectionPlans/res00446,res00446,Azure DDoS Protection,Networking,Data Processed,francecentral,Usage,71.6608,1M Operations,39.2284,USD
2026-06-15,00000000-0000-0000-0000-000000000002,sub-platform-dev,rg-compute-corp-002,/subscriptions/00000000-0000-0000-0000-000000000002/resourceGroups/rg-compute-corp-002/providers/Microsoft.DocumentDB/databaseAccounts/res00373,res00373,Azure Cosmos DB,Databases,Serverless,swedencentral,Usage,220.6471,10 GB,82.1232,USD
2026-06-15,00000000-0000-0000-0000-000000000006,sub-network-hub,rg-compute-hub-003,/subscriptions/00000000-0000-0000-0000-000000000006/resourceGroups/rg-compute-hub-003/providers/Microsoft.RecoveryServices/vaults/res00708,res00708,Azure Backup,Storage,Backup Storage LRS,germanywestcentral,Usage,203.6077,1 Unit,28.6048,USD
2026-06-15,00000000-0000-0000-0000-000000000005,sub-data-dev,rg-shared-prod-002,/subscriptions/00000000-0000-0000-0000-000000000005/resourceGroups/rg-shared-prod-002/providers/Microsoft.ContainerService/managedClusters/res01664,res01664,Azure Kubernetes Service,Compute,Load Balancer,germanywestcentral,Usage,76.5006,1 GB,58.9823,USD
2026-06-15,00000000-0000-0000-0000-000000000008,sub-apps-online,rg-identity-test-002,/subscriptions/00000000-0000-0000-0000-000000000008/resourceGroups/rg-identity-test-002/providers/Microsoft.Web/sites/res00660,res00660,Azure Functions,Compute,Execution Time,germanywestcentral,Usage,36.0226,1 GB/Month,4.396,USD
2026-06-15,00000000-0000-0000-0000-000000000012,sub-sandbox,rg-shared-dev-001,/subscriptions/00000000-0000-0000-0000-000000000012/resourceGroups/rg-shared-dev-001/providers/Microsoft.Sql/servers/databases/res01236,res01236,Azure SQL Database,Databases,General Purpose,uksouth,Usage,30.7576,10 GB,65.7095,USD
2026-06-15,00000000-0000-0000-0000-000000000005,sub-data-dev,rg-shared-test-003,/subscriptions/00000000-0000-0000-0000-000000000005/resourceGroups/rg-shared-test-003/providers/Microsoft.ContainerService/managedClusters/res00733,res00733,Azure Kubernetes Service,Compute,Standard Tier,swedencentral,Usage,106.4351,1M Operations,18.9467,USD
2026-06-15,00000000-0000-0000-0000-000000000009,sub-apps-corp,rg-compute-hub-002,/subscriptions/00000000-0000-0000-0000-000000000009/resourceGroups/rg-compute-hub-002/providers/Microsoft.ServiceBus/namespaces/res00046,res00046,Service Bus,Integration,Premium Messaging Unit,northeurope,Usage,175.4689,10 GB,11.0654,USD
2026-06-15,00000000-0000-0000-0000-000000000001,sub-platform-prod,rg-identity-hub-002,/subscriptions/00000000-0000-0000-0000-000000000001/resourceGroups/rg-identity-hub-002/providers/Microsoft.KeyVault/vaults/res00358,res00358,Key Vault,Security,HSM Protected Keys,northeurope,Usage,86.4791,1 GB/Month,6.3858,USD
2026-06-15,00000000-0000-0000-0000-000000000002,sub-platform-dev,rg-security-prod-004,/subscriptions/00000000-0000-0000-0000-000000000002/resourceGroups/rg-security-prod-004/providers/Microsoft.Storage/storageAccounts/res00498,res00498,Storage,Storage,Hot LRS,global,Usage,201.0715,1 GB/Month,18.311,USD
2026-06-15,00000000-0000-0000-0000-000000000007,sub-network-spoke,rg-compute-hub-004,/subscriptions/00000000-0000-0000-0000-000000000007/resourceGroups/rg-compute-hub-004/providers/Microsoft.Databricks/workspaces/res00207,res00207,Azure Databricks,Analytics,Premium DBU,northeurope,Usage,167.0573,10 GB,56.9855,USD
2026-06-15,00000000-0000-0000-0000-000000000010,sub-identity,rg-data-dev-003,/subscriptions/00000000-0000-0000-0000-000000000010/resourceGroups/rg-data-dev-003/providers/Microsoft.Databricks/workspaces/res01186,res01186,Azure Databricks,Analytics,Premium DBU,francecentral,Usage,29.2512,10 GB,11.5737,USD
2026-06-15,00000000-0000-0000-0000-000000000002,sub-platform-dev,rg-network-test-004,/subscriptions/00000000-0000-0000-0000-000000000002/resourceGroups/rg-network-test-004/providers/Microsoft.Network/azureFirewalls/res00793,res00793,Azure Firewall,Networking,Deployment Hours,swedencentral,Usage,239.7116,1 Unit,34.7856,USD
2026-06-15,00000000-0000-0000-0000-000000000002,sub-platform-dev,rg-backup-prod-002,/subscriptions/00000000-0000-0000-0000-000000000002/resourceGroups/rg-backup-prod-002/providers/Microsoft.Web/sites/res01541,res01541,Azure Functions,Compute,Execution Time,global,Usage,54.5501,100 Hours,11.3661,USD
2026-06-15,00000000-0000-0000-0000-000000000009,sub-apps-corp,rg-network-hub-004,/subscriptions/00000000-0000-0000-0000-000000000009/resourceGroups/rg-network-hub-004/providers/Microsoft.OperationalInsights/workspaces/res00013,res00013,Log Analytics,Management and Governance,Basic Logs,swedencentral,Usage,155.6867,100 Hours,103.475,USD
2026-06-15,00000000-0000-0000-0000-000000000002,sub-platform-dev,rg-data-dev-003,/subscriptions/00000000-0000-0000-0000-000000000002/resourceGroups/rg-data-dev-003/providers/Microsoft.Web/sites/res00374,res00374,Azure Functions,Compute,Total Executions,global,Usage,56.3172,1 GB,5.0992,USD
2026-06-15,00000000-0000-0000-0000-000000000009,sub-apps-corp,rg-data-test-001,/subscriptions/00000000-0000-0000-0000-000000000009/resourceGroups/rg-data-test-001/providers/Microsoft.Network/applicationGateways/res00200,res00200,Application Gateway,Networking,WAF v2 Fixed,uksouth,Usage,122.2338,1 Unit,13.5659,USD
2026-06-15,00000000-0000-0000-0000-000000000008,sub-apps-online,rg-identity-test-002,/subscriptions/00000000-0000-0000-0000-000000000008/resourceGroups/rg-identity-test-002/providers/Microsoft.Sql/servers/databases/res00261,res00261,Azure SQL Database,Databases,General Purpose,westeurope,Usage,232.5121,1 GB/Month,17.3098,USD
2026-06-15,00000000-0000-0000-0000-000000000011,sub-management,rg-data-corp-001,/subscriptions/00000000-0000-0000-0000-000000000011/resourceGroups/rg-data-corp-001/providers/Microsoft.KeyVault/vaults/res01141,res01141,Key Vault,Security,Operations,swedencentral,Usage,121.9093,1 Unit,7.4091,USD
2026-06-15,00000000-0000-0000-0000-000000000011,sub-management,rg-compute-hub-002,/subscriptions/00000000-0000-0000-0000-000000000011/resourceGroups/rg-compute-hub-002/providers/Microsoft.Network/virtualNetworks/res01107,res01107,Virtual Network,Networking,Data Transfer Out,germanywestcentral,Usage,49.179,100 Hours,12.7324,USD
2026-06-15,00000000-0000-0000-0000-000000000001,sub-platform-prod,rg-network-prod-003,/subscriptions/00000000-0000-0000-0000-000000000001/resourceGroups/rg-network-prod-003/providers/Microsoft.Web/sites/res00907,res00907,Azure Functions,Compute,Total Executions,global,Usage,88.8879,1 GB,8.5588,USD
2026-06-15,00000000-0000-0000-0000-000000000002,sub-platform-dev,rg-security-prod-001,/subscriptions/00000000-0000-0000-0000-000000000002/resourceGroups/rg-security-prod-001/providers/Microsoft.Compute/virtualMachines/res01512,res01512,Virtual Machines,Compute,Standard_B2ms,global,Usage,140.4813,1 Unit,96.0534,USD
2026-06-15,00000000-0000-0000-0000-000000000011,sub-management,rg-backup-corp-001,/subscriptions/00000000-0000-0000-0000-000000000011/resourceGroups/rg-backup-corp-001/providers/Microsoft.Network/bandwidth/res01038,res01038,Bandwidth,Networking,Inter-Region,westeurope,Usage,50.0112,1M Operations,3.0759,USD
2026-06-15,00000000-0000-0000-0000-000000000011,sub-management,rg-compute-dev-004,/subscriptions/00000000-0000-0000-0000-000000000011/resourceGroups/rg-compute-dev-004/providers/Microsoft.ServiceBus/namespaces/res00734,res00734,Service Bus,Integration,Operations,westeurope,Usage,131.0367,10 GB,19.6152,USD
2026-06-15,00000000-0000-0000-0000-000000000010,sub-identity,rg-security-dev-003,/subscriptions/00000000-0000-0000-0000-000000000010/resourceGroups/rg-security-dev-003/providers/Microsoft.Insights/components/res00769,res00769,Azure Monitor,Management and Governance,Metrics,francecentral,Usage,9.5064,10 GB,24.2687,USD
2026-06-15,00000000-0000-0000-0000-000000000008,sub-apps-online,rg-app-dev-001,/subscriptions/00000000-0000-0000-0000-000000000008/resourceGroups/rg-app-dev-001/providers/Microsoft.Web/sites/res01578,res01578,Azure App Service,Compute,I1v2,westeurope,Usage,55.546,1 Unit,45.1195,USD
2026-06-15,00000000-0000-0000-0000-000000000003,sub-platform-test,rg-monitoring-prod-001,/subscriptions/00000000-0000-0000-0000-000000000003/resourceGroups/rg-monitoring-prod-001/providers/Microsoft.Compute/virtualMachines/res00434,res00434,Virtual Machines,Compute,Standard_B2ms,germanywestcentral,Usage,57.9115,1 Unit,17.5239,USD
2026-06-15,00000000-0000-0000-0000-000000000005,sub-data-dev,rg-network-prod-003,/subscriptions/00000000-0000-0000-0000-000000000005/resourceGroups/rg-network-prod-003/providers/Microsoft.Security/pricings/res00308,res00308,Microsoft Defender for Cloud,Security,Defender for Servers P2,germanywestcentral,Usage,11.325,100 Hours,29.3171,USD
2026-06-15,00000000-0000-0000-0000-000000000012,sub-sandbox,rg-identity-corp-004,/subscriptions/00000000-0000-0000-0000-000000000012/resourceGroups/rg-identity-corp-004/providers/Microsoft.Web/sites/res00436,res00436,Azure App Service,Compute,S1,uksouth,Usage,213.8747,1 Hour,30.217,USD
2026-06-15,00000000-0000-0000-0000-000000000010,sub-identity,rg-shared-hub-003,/subscriptions/00000000-0000-0000-0000-000000000010/resourceGroups/rg-shared-hub-003/providers/Microsoft.Network/bandwidth/res00396,res00396,Bandwidth,Networking,Inter-Region,germanywestcentral,Usage,119.9995,1 GB,19.7903,USD
2026-06-15,00000000-0000-0000-0000-000000000012,sub-sandbox,rg-network-prod-003,/subscriptions/00000000-0000-0000-0000-000000000012/resourceGroups/rg-network-prod-003/providers/Microsoft.Storage/storageAccounts/res00558,res00558,Storage,Storage,Hot LRS,northeurope,Usage,77.1306,1 Unit,49.7264,USD
2026-06-15,00000000-0000-0000-0000-000000000007,sub-network-spoke,rg-app-hub-003,/subscriptions/00000000-0000-0000-0000-000000000007/resourceGroups/rg-app-hub-003/providers/Microsoft.Sql/servers/databases/res01965,res01965,Azure SQL Database,Databases,Business Critical,northeurope,Usage,71.8293,1M Operations,128.0704,USD
2026-06-15,00000000-0000-0000-0000-000000000006,sub-network-hub,rg-network-hub-004,/subscriptions/00000000-0000-0000-0000-000000000006/resourceGroups/rg-network-hub-004/providers/Microsoft.Security/pricings/res00362,res00362,Microsoft Defender for Cloud,Security,Defender for Storage,northeurope,Usage,157.7466,100 Hours,37.0303,USD
2026-06-15,00000000-0000-0000-0000-000000000005,sub-data-dev,rg-data-corp-004,/subscriptions/00000000-0000-0000-0000-000000000005/resourceGroups/rg-data-corp-004/providers/Microsoft.Network/loadBalancers/res01242,res01242,Load Balancer,Networking,Standard Rules,northeurope,Usage,217.428,1 GB,3.9108,USD
2026-06-15,00000000-0000-0000-0000-000000000009,sub-apps-corp,rg-network-test-001,/subscriptions/00000000-0000-0000-0000-000000000009/resourceGroups/rg-network-test-001/providers/Microsoft.Sql/managedInstances/res01404,res01404,Azure SQL Managed Instance,Databases,vCore BC,swedencentral,Usage,5.0546,100 Hours,135.9079,USD
2026-06-15,00000000-0000-0000-0000-000000000011,sub-management,rg-data-hub-001,/subscriptions/00000000-0000-0000-0000-000000000011/resourceGroups/rg-data-hub-001/providers/Microsoft.Network/azureFirewalls/res00105,res00105,Azure Firewall,Networking,Data Processed,germanywestcentral,Usage,31.3569,1M Operations,49.9132,USD
2026-06-15,00000000-0000-0000-0000-000000000010,sub-identity,rg-compute-hub-002,/subscriptions/00000000-0000-0000-0000-000000000010/resourceGroups/rg-compute-hub-002/providers/Microsoft.Web/sites/res00292,res00292,Azure Functions,Compute,Total Executions,global,Usage,224.9803,1 GB/Month,6.6217,USD
2026-06-15,00000000-0000-0000-0000-000000000002,sub-platform-dev,rg-security-corp-002,/subscriptions/00000000-0000-0000-0000-000000000002/resourceGroups/rg-security-corp-002/providers/Microsoft.Storage/storageAccounts/res01895,res01895,Storage,Storage,Cool LRS,francecentral,Usage,41.5161,1 Unit,7.9977,USD
2026-06-15,00000000-0000-0000-0000-000000000005,sub-data-dev,rg-shared-prod-001,/subscriptions/00000000-0000-0000-0000-000000000005/resourceGroups/rg-shared-prod-001/providers/Microsoft.Network/ddosProtectionPlans/res00707,res00707,Azure DDoS Protection,Networking,Protection Plan,global,Usage,99.8042,10 GB,44.5908,USD
2026-06-15,00000000-0000-0000-0000-000000000001,sub-platform-prod,rg-backup-dev-002,/subscriptions/00000000-0000-0000-0000-000000000001/resourceGroups/rg-backup-dev-002/providers/Microsoft.Databricks/workspaces/res01447,res01447,Azure Databricks,Analytics,Premium DBU,swedencentral,Usage,119.9744,1 GB/Month,91.5492,USD
2026-06-15,00000000-0000-0000-0000-000000000003,sub-platform-test,rg-shared-prod-004,/subscriptions/00000000-0000-0000-0000-000000000003/resourceGroups/rg-shared-prod-004/providers/Microsoft.KeyVault/vaults/res00404,res00404,Key Vault,Security,HSM Protected Keys,northeurope,Usage,128.0262,1M Operations,2.2346,USD
2026-06-15,00000000-0000-0000-0000-000000000012,sub-sandbox,rg-app-corp-001,/subscriptions/00000000-0000-0000-0000-000000000012/resourceGroups/rg-app-corp-001/providers/Microsoft.Network/virtualNetworks/res01871,res01871,Virtual Network,Networking,Private Endpoint,germanywestcentral,Usage,120.0923,10 GB,9.3911,USD
2026-06-15,00000000-0000-0000-0000-000000000005,sub-data-dev,rg-shared-corp-003,/subscriptions/00000000-0000-0000-0000-000000000005/resourceGroups/rg-shared-corp-003/providers/Microsoft.Databricks/workspaces/res01522,res01522,Azure Databricks,Analytics,Standard DBU,germanywestcentral,Usage,75.8214,100 Hours,26.2513,USD
2026-06-15,00000000-0000-0000-0000-000000000006,sub-network-hub,rg-data-corp-004,/subscriptions/00000000-0000-0000-0000-000000000006/resourceGroups/rg-data-corp-004/providers/Microsoft.Databricks/workspaces/res01843,res01843,Azure Databricks,Analytics,Premium DBU,germanywestcentral,Usage,100.8309,1 Hour,116.1688,USD
2026-06-15,00000000-0000-0000-0000-000000000006,sub-network-hub,rg-security-corp-001,/subscriptions/00000000-0000-0000-0000-000000000006/resourceGroups/rg-security-corp-001/providers/Microsoft.Network/ddosProtectionPlans/res00231,res00231,Azure DDoS Protection,Networking,Protection Plan,germanywestcentral,Usage,138.1701,1 GB,33.1135,USD
2026-06-15,00000000-0000-0000-0000-000000000005,sub-data-dev,rg-monitoring-dev-002,/subscriptions/00000000-0000-0000-0000-000000000005/resourceGroups/rg-monitoring-dev-002/providers/Microsoft.KeyVault/vaults/res00762,res00762,Key Vault,Security,HSM Protected Keys,westeurope,Usage,232.0278,1M Operations,7.552,USD
2026-06-15,00000000-0000-0000-0000-000000000002,sub-platform-dev,rg-data-dev-001,/subscriptions/00000000-0000-0000-0000-000000000002/resourceGroups/rg-data-dev-001/providers/Microsoft.Databricks/workspaces/res01409,res01409,Azure Databricks,Analytics,Premium DBU,northeurope,Usage,13.8204,1 GB/Month,48.7049,USD
2026-06-15,00000000-0000-0000-0000-000000000007,sub-network-spoke,rg-security-hub-004,/subscriptions/00000000-0000-0000-0000-000000000007/resourceGroups/rg-security-hub-004/providers/Microsoft.Network/azureFirewalls/res01793,res01793,Azure Firewall,Networking,Data Processed,francecentral,Usage,104.095,1 GB/Month,51.1332,USD
2026-06-15,00000000-0000-0000-0000-000000000006,sub-network-hub,rg-monitoring-prod-003,/subscriptions/00000000-0000-0000-0000-000000000006/resourceGroups/rg-monitoring-prod-003/providers/Microsoft.Network/bandwidth/res00163,res00163,Bandwidth,Networking,Data Transfer Out - Zone 1,germanywestcentral,Usage,53.0249,1 GB,16.1533,USD
2026-06-15,00000000-0000-0000-0000-000000000006,sub-network-hub,rg-network-hub-001,/subscriptions/00000000-0000-0000-0000-000000000006/resourceGroups/rg-network-hub-001/providers/Microsoft.Network/ddosProtectionPlans/res00456,res00456,Azure DDoS Protection,Networking,Data Processed,westeurope,Usage,239.4164,100 Hours,72.3192,USD
2026-06-15,00000000-0000-0000-0000-000000000002,sub-platform-dev,rg-data-dev-001,/subscriptions/00000000-0000-0000-0000-000000000002/resourceGroups/rg-data-dev-001/providers/Microsoft.Sql/servers/databases/res01865,res01865,Azure SQL Database,Databases,vCore Gen5,westeurope,Usage,75.3871,1 GB,130.7463,USD
2026-06-15,00000000-0000-0000-0000-000000000012,sub-sandbox,rg-shared-prod-001,/subscriptions/00000000-0000-0000-0000-000000000012/resourceGroups/rg-shared-prod-001/providers/Microsoft.OperationalInsights/workspaces/res00844,res00844,Log Analytics,Management and Governance,Basic Logs,francecentral,Usage,33.6471,1M Operations,46.877,USD
2026-06-15,00000000-0000-0000-0000-000000000012,sub-sandbox,rg-network-prod-002,/subscriptions/00000000-0000-0000-0000-000000000012/resourceGroups/rg-network-prod-002/providers/Microsoft.ContainerService/managedClusters/res01384,res01384,Azure Kubernetes Service,Compute,Standard Tier,germanywestcentral,Usage,161.5556,1M Operations,64.1313,USD
2026-06-15,00000000-0000-0000-0000-000000000010,sub-identity,rg-monitoring-dev-002,/subscriptions/00000000-0000-0000-0000-000000000010/resourceGroups/rg-monitoring-dev-002/providers/Microsoft.Network/azureFirewalls/res00104,res00104,Azure Firewall,Networking,Deployment Hours,francecentral,Usage,96.0192,1 Unit,50.2529,USD
2026-06-15,00000000-0000-0000-0000-000000000006,sub-network-hub,rg-identity-hub-001,/subscriptions/00000000-0000-0000-0000-000000000006/resourceGroups/rg-identity-hub-001/providers/Microsoft.Security/pricings/res00906,res00906,Microsoft Defender for Cloud,Security,Defender for Servers P2,westeurope,Usage,186.4112,1 GB,37.7073,USD
2026-06-15,00000000-0000-0000-0000-000000000009,sub-apps-corp,rg-compute-prod-003,/subscriptions/00000000-0000-0000-0000-000000000009/resourceGroups/rg-compute-prod-003/providers/Microsoft.Network/applicationGateways/res01549,res01549,Application Gateway,Networking,Capacity Unit,global,Usage,66.1652,100 Hours,37.2545,USD
2026-06-15,00000000-0000-0000-0000-000000000007,sub-network-spoke,rg-network-test-003,/subscriptions/00000000-0000-0000-0000-000000000007/resourceGroups/rg-network-test-003/providers/Microsoft.Sql/managedInstances/res01863,res01863,Azure SQL Managed Instance,Databases,vCore GP,francecentral,Usage,19.3826,1 GB,45.0492,USD
2026-06-15,00000000-0000-0000-0000-000000000005,sub-data-dev,rg-network-test-003,/subscriptions/00000000-0000-0000-0000-000000000005/resourceGroups/rg-network-test-003/providers/Microsoft.Network/loadBalancers/res01459,res01459,Load Balancer,Networking,Data Processed,germanywestcentral,Usage,97.258,1 GB,4.9355,USD
2026-06-15,00000000-0000-0000-0000-000000000002,sub-platform-dev,rg-app-test-004,/subscriptions/00000000-0000-0000-0000-000000000002/resourceGroups/rg-app-test-004/providers/Microsoft.Security/pricings/res00227,res00227,Microsoft Defender for Cloud,Security,Defender for Servers P2,uksouth,Usage,103.2902,1 GB/Month,45.4052,USD
2026-06-15,00000000-0000-0000-0000-000000000006,sub-network-hub,rg-security-hub-002,/subscriptions/00000000-0000-0000-0000-000000000006/resourceGroups/rg-security-hub-002/providers/Microsoft.Compute/virtualMachines/res01328,res01328,Virtual Machines,Compute,Standard_E4s_v5,swedencentral,Usage,39.6282,10 GB,23.2783,USD
2026-06-15,00000000-0000-0000-0000-000000000008,sub-apps-online,rg-app-corp-003,/subscriptions/00000000-0000-0000-0000-000000000008/resourceGroups/rg-app-corp-003/providers/Microsoft.KeyVault/vaults/res00916,res00916,Key Vault,Security,HSM Protected Keys,uksouth,Usage,38.5126,100 Hours,5.7655,USD
2026-06-15,00000000-0000-0000-0000-000000000001,sub-platform-prod,rg-compute-corp-002,/subscriptions/00000000-0000-0000-0000-000000000001/resourceGroups/rg-compute-corp-002/providers/Microsoft.Network/loadBalancers/res01589,res01589,Load Balancer,Networking,Standard Rules,uksouth,Usage,196.7579,1M Operations,12.7869,USD
2026-06-15,00000000-0000-0000-0000-000000000004,sub-data-prod,rg-shared-hub-004,/subscriptions/00000000-0000-0000-0000-000000000004/resourceGroups/rg-shared-hub-004/providers/Microsoft.Databricks/workspaces/res01212,res01212,Azure Databricks,Analytics,Jobs Compute DBU,swedencentral,Usage,61.0761,1 Hour,117.3632,USD
2026-06-15,00000000-0000-0000-0000-000000000007,sub-network-spoke,rg-backup-corp-001,/subscriptions/00000000-0000-0000-0000-000000000007/resourceGroups/rg-backup-corp-001/providers/Microsoft.RecoveryServices/vaults/res00495,res00495,Azure Backup,Storage,Protected Instances,francecentral,Usage,238.5019,1 Unit,5.2029,USD
2026-06-15,00000000-0000-0000-0000-000000000005,sub-data-dev,rg-monitoring-test-004,/subscriptions/00000000-0000-0000-0000-000000000005/resourceGroups/rg-monitoring-test-004/providers/Microsoft.Insights/components/res01942,res01942,Azure Monitor,Management and Governance,Application Insights,swedencentral,Usage,39.2871,1 Hour,16.6239,USD
2026-06-15,00000000-0000-0000-0000-000000000002,sub-platform-dev,rg-identity-corp-002,/subscriptions/00000000-0000-0000-0000-000000000002/resourceGroups/rg-identity-corp-002/providers/Microsoft.Sql/servers/databases/res01519,res01519,Azure SQL Database,Databases,DTU,swedencentral,Usage,206.0251,1 Hour,124.6483,USD
2026-06-15,00000000-0000-0000-0000-000000000006,sub-network-hub,rg-backup-dev-003,/subscriptions/00000000-0000-0000-0000-000000000006/resourceGroups/rg-backup-dev-003/providers/Microsoft.Network/bandwidth/res00458,res00458,Bandwidth,Networking,Data Transfer Out - Zone 1,uksouth,Usage,60.491,1M Operations,11.3105,USD
2026-06-15,00000000-0000-0000-0000-000000000006,sub-network-hub,rg-shared-test-001,/subscriptions/00000000-0000-0000-0000-000000000006/resourceGroups/rg-shared-test-001/providers/Microsoft.KeyVault/vaults/res00356,res00356,Key Vault,Security,Operations,germanywestcentral,Usage,131.9681,1 Hour,6.6022,USD
2026-06-15,00000000-0000-0000-0000-000000000012,sub-sandbox,rg-network-prod-002,/subscriptions/00000000-0000-0000-0000-000000000012/resourceGroups/rg-network-prod-002/providers/Microsoft.Network/bandwidth/res00992,res00992,Bandwidth,Networking,Inter-Region,germanywestcentral,Usage,231.3401,1 GB,2.9803,USD
2026-06-15,00000000-0000-0000-0000-000000000004,sub-data-prod,rg-shared-dev-002,/subscriptions/00000000-0000-0000-0000-000000000004/resourceGroups/rg-shared-dev-002/providers/Microsoft.ContainerRegistry/registries/res01870,res01870,Container Registry,Containers,Build Minutes,global,Usage,140.2516,1 Hour,13.9015,USD
2026-06-15,00000000-0000-0000-0000-000000000008,sub-apps-online,rg-app-test-004,/subscriptions/00000000-0000-0000-0000-000000000008/resourceGroups/rg-app-test-004/providers/Microsoft.DocumentDB/databaseAccounts/res00113,res00113,Azure Cosmos DB,Databases,Storage,francecentral,Usage,71.2169,1 GB/Month,41.9397,USD
2026-06-15,00000000-0000-0000-0000-000000000007,sub-network-spoke,rg-network-hub-001,/subscriptions/00000000-0000-0000-0000-000000000007/resourceGroups/rg-network-hub-001/providers/Microsoft.Network/virtualNetworks/res01852,res01852,Virtual Network,Networking,Private Endpoint,northeurope,Usage,138.2175,1 GB/Month,12.7492,USD
2026-06-15,00000000-0000-0000-0000-000000000005,sub-data-dev,rg-security-hub-003,/subscriptions/00000000-0000-0000-0000-000000000005/resourceGroups/rg-security-hub-003/providers/Microsoft.Sql/servers/databases/res01089,res01089,Azure SQL Database,Databases,General Purpose,germanywestcentral,Usage,235.4636,1 Unit,58.8954,USD
2026-06-15,00000000-0000-0000-0000-000000000001,sub-platform-prod,rg-security-hub-004,/subscriptions/00000000-0000-0000-0000-000000000001/resourceGroups/rg-security-hub-004/providers/Microsoft.Sql/managedInstances/res00289,res00289,Azure SQL Managed Instance,Databases,vCore BC,northeurope,Usage,222.5009,1M Operations,183.8796,USD
2026-06-15,00000000-0000-0000-0000-000000000007,sub-network-spoke,rg-shared-hub-004,/subscriptions/00000000-0000-0000-0000-000000000007/resourceGroups/rg-shared-hub-004/providers/Microsoft.EventHub/namespaces/res00135,res00135,Event Hubs,Analytics,Capture,germanywestcentral,Usage,92.7842,1 GB/Month,23.0582,USD
2026-06-15,00000000-0000-0000-0000-000000000004,sub-data-prod,rg-app-dev-002,/subscriptions/00000000-0000-0000-0000-000000000004/resourceGroups/rg-app-dev-002/providers/Microsoft.Network/applicationGateways/res00442,res00442,Application Gateway,Networking,WAF v2 Fixed,westeurope,Usage,141.1311,1 GB/Month,7.0694,USD
2026-06-15,00000000-0000-0000-0000-000000000009,sub-apps-corp,rg-monitoring-prod-002,/subscriptions/00000000-0000-0000-0000-000000000009/resourceGroups/rg-monitoring-prod-002/providers/Microsoft.OperationalInsights/workspaces/res00986,res00986,Log Analytics,Management and Governance,Basic Logs,northeurope,Usage,30.6986,100 Hours,32.979,USD
2026-06-15,00000000-0000-0000-0000-000000000007,sub-network-spoke,rg-monitoring-dev-002,/subscriptions/00000000-0000-0000-0000-000000000007/resourceGroups/rg-monitoring-dev-002/providers/Microsoft.Network/applicationGateways/res00082,res00082,Application Gateway,Networking,Capacity Unit,westeurope,Usage,128.6532,1 GB,19.894,USD
2026-06-15,00000000-0000-0000-0000-000000000004,sub-data-prod,rg-network-test-004,/subscriptions/00000000-0000-0000-0000-000000000004/resourceGroups/rg-network-test-004/providers/Microsoft.Network/applicationGateways/res00814,res00814,Application Gateway,Networking,Capacity Unit,germanywestcentral,Usage,131.1934,1 Hour,39.1152,USD
2026-06-15,00000000-0000-0000-0000-000000000001,sub-platform-prod,rg-compute-prod-001,/subscriptions/00000000-0000-0000-0000-000000000001/resourceGroups/rg-compute-prod-001/providers/Microsoft.Web/sites/res01337,res01337,Azure Functions,Compute,Execution Time,global,Usage,80.4558,1 GB/Month,6.2659,USD
2026-06-15,00000000-0000-0000-0000-000000000012,sub-sandbox,rg-compute-corp-004,/subscriptions/00000000-0000-0000-0000-000000000012/resourceGroups/rg-compute-corp-004/providers/Microsoft.Web/sites/res01736,res01736,Azure App Service,Compute,S1,germanywestcentral,Usage,68.593,1M Operations,37.4569,USD
2026-06-15,00000000-0000-0000-0000-000000000011,sub-management,rg-data-hub-001,/subscriptions/00000000-0000-0000-0000-000000000011/resourceGroups/rg-data-hub-001/providers/Microsoft.Storage/storageAccounts/res00898,res00898,Storage,Storage,Standard Page Blob,swedencentral,Usage,213.6101,1 Hour,86.2372,USD
2026-06-15,00000000-0000-0000-0000-000000000001,sub-platform-prod,rg-backup-prod-001,/subscriptions/00000000-0000-0000-0000-000000000001/resourceGroups/rg-backup-prod-001/providers/Microsoft.DocumentDB/databaseAccounts/res00664,res00664,Azure Cosmos DB,Databases,Storage,germanywestcentral,Usage,8.7647,1 GB/Month,43.9249,USD
2026-06-15,00000000-0000-0000-0000-000000000002,sub-platform-dev,rg-backup-prod-003,/subscriptions/00000000-0000-0000-0000-000000000002/resourceGroups/rg-backup-prod-003/providers/Microsoft.Network/bandwidth/res01352,res01352,Bandwidth,Networking,Inter-Region,germanywestcentral,Usage,143.4167,100 Hours,19.4307,USD
2026-06-15,00000000-0000-0000-0000-000000000007,sub-network-spoke,rg-compute-hub-004,/subscriptions/00000000-0000-0000-0000-000000000007/resourceGroups/rg-compute-hub-004/providers/Microsoft.EventHub/namespaces/res01716,res01716,Event Hubs,Analytics,Capture,global,Usage,132.9143,10 GB,4.1143,USD
2026-06-15,00000000-0000-0000-0000-000000000011,sub-management,rg-data-corp-002,/subscriptions/00000000-0000-0000-0000-000000000011/resourceGroups/rg-data-corp-002/providers/Microsoft.RecoveryServices/vaults/res00636,res00636,Azure Backup,Storage,Backup Storage LRS,germanywestcentral,Usage,231.9724,10 GB,4.7678,USD
2026-06-15,00000000-0000-0000-0000-000000000001,sub-platform-prod,rg-monitoring-prod-001,/subscriptions/00000000-0000-0000-0000-000000000001/resourceGroups/rg-credits-001/providers/Microsoft.Billing/adjustments/res02013,credit-02013,Refund,Refund,Service Credit,global,Refund,1,1 Unit,-81.5814,USD
2026-06-15,00000000-0000-0000-0000-000000000012,sub-sandbox,rg-network-prod-003,/subscriptions/00000000-0000-0000-0000-000000000012/resourceGroups/rg-network-prod-003/providers/Microsoft.Storage/storageAccounts/res00710,res00710,Storage,Storage,Cool LRS,uksouth,Usage,53.7769,1 Unit,3.2911,USD
2026-06-15,00000000-0000-0000-0000-000000000001,sub-platform-prod,rg-compute-dev-004,/subscriptions/00000000-0000-0000-0000-000000000001/resourceGroups/rg-compute-dev-004/providers/Microsoft.Compute/virtualMachines/res01644,res01644,Virtual Machines,Compute,Standard_B2ms,francecentral,Usage,85.1057,1 GB/Month,92.1915,USD
2026-06-15,00000000-0000-0000-0000-000000000012,sub-sandbox,rg-backup-prod-003,/subscriptions/00000000-0000-0000-0000-000000000012/resourceGroups/rg-backup-prod-003/providers/Microsoft.ContainerRegistry/registries/res01074,res01074,Container Registry,Containers,Storage,uksouth,Usage,13.1647,1M Operations,11.3158,USD
2026-06-15,00000000-0000-0000-0000-000000000006,sub-network-hub,rg-network-dev-004,/subscriptions/00000000-0000-0000-0000-000000000006/resourceGroups/rg-network-dev-004/providers/Microsoft.Security/pricings/res01720,res01720,Microsoft Defender for Cloud,Security,Defender for Servers P2,global,Usage,91.0823,1 GB/Month,16.2784,USD
2026-06-15,00000000-0000-0000-0000-000000000006,sub-network-hub,rg-monitoring-test-002,/subscriptions/00000000-0000-0000-0000-000000000006/resourceGroups/rg-monitoring-test-002/providers/Microsoft.Network/bandwidth/res01759,res01759,Bandwidth,Networking,Data Transfer Out - Zone 1,francecentral,Usage,94.3773,1 GB/Month,19.3015,USD
2026-06-15,00000000-0000-0000-0000-000000000004,sub-data-prod,rg-network-prod-003,/subscriptions/00000000-0000-0000-0000-000000000004/resourceGroups/rg-network-prod-003/providers/Microsoft.Sql/servers/databases/res01134,res01134,Azure SQL Database,Databases,DTU,westeurope,Usage,48.4777,1M Operations,122.5993,USD
2026-06-15,00000000-0000-0000-0000-000000000008,sub-apps-online,rg-app-test-002,/subscriptions/00000000-0000-0000-0000-000000000008/resourceGroups/rg-app-test-002/providers/Microsoft.ContainerService/managedClusters/res00152,res00152,Azure Kubernetes Service,Compute,Uptime SLA,uksouth,Usage,16.3989,1 GB,6.6464,USD
2026-06-15,00000000-0000-0000-0000-000000000008,sub-apps-online,rg-compute-corp-003,/subscriptions/00000000-0000-0000-0000-000000000008/resourceGroups/rg-compute-corp-003/providers/Microsoft.DocumentDB/databaseAccounts/res00504,res00504,Azure Cosmos DB,Databases,Serverless,swedencentral,Usage,60.4268,1M Operations,70.757,USD
2026-06-15,00000000-0000-0000-0000-000000000001,sub-platform-prod,rg-backup-corp-004,/subscriptions/00000000-0000-0000-0000-000000000001/resourceGroups/rg-backup-corp-004/providers/Microsoft.Network/bandwidth/res01626,res01626,Bandwidth,Networking,Data Transfer Out - Zone 1,germanywestcentral,Usage,156.5118,100 Hours,9.2567,USD
2026-06-15,00000000-0000-0000-0000-000000000007,sub-network-spoke,rg-shared-hub-004,/subscriptions/00000000-0000-0000-0000-000000000007/resourceGroups/rg-shared-hub-004/providers/Microsoft.Sql/servers/databases/res01302,res01302,Azure SQL Database,Databases,General Purpose,francecentral,Usage,22.3197,1M Operations,96.5797,USD
2026-06-15,00000000-0000-0000-0000-000000000006,sub-network-hub,rg-shared-prod-004,/subscriptions/00000000-0000-0000-0000-000000000006/resourceGroups/rg-shared-prod-004/providers/Microsoft.ContainerRegistry/registries/res01355,res01355,Container Registry,Containers,Premium Registry,germanywestcentral,Usage,127.7644,10 GB,2.6169,USD
2026-06-15,00000000-0000-0000-0000-000000000010,sub-identity,rg-compute-prod-003,/subscriptions/00000000-0000-0000-0000-000000000010/resourceGroups/rg-compute-prod-003/providers/Microsoft.Sql/managedInstances/res00633,res00633,Azure SQL Managed Instance,Databases,vCore BC,swedencentral,Usage,95.4352,100 Hours,83.6873,USD
2026-06-15,00000000-0000-0000-0000-000000000012,sub-sandbox,rg-security-dev-003,/subscriptions/00000000-0000-0000-0000-000000000012/resourceGroups/rg-security-dev-003/providers/Microsoft.Network/bandwidth/res00481,res00481,Bandwidth,Networking,Data Transfer Out - Zone 1,francecentral,Usage,168.5339,1 Unit,11.3387,USD
2026-06-15,00000000-0000-0000-0000-000000000005,sub-data-dev,rg-network-dev-003,/subscriptions/00000000-0000-0000-0000-000000000005/resourceGroups/rg-network-dev-003/providers/Microsoft.OperationalInsights/workspaces/res00056,res00056,Log Analytics,Management and Governance,Data Retention,francecentral,Usage,77.5142,1 Unit,62.2118,USD
2026-06-15,00000000-0000-0000-0000-000000000005,sub-data-dev,rg-identity-test-004,/subscriptions/00000000-0000-0000-0000-000000000005/resourceGroups/rg-identity-test-004/providers/Microsoft.ServiceBus/namespaces/res01922,res01922,Service Bus,Integration,Operations,uksouth,Usage,128.8401,1M Operations,17.5231,USD
2026-06-15,00000000-0000-0000-0000-000000000011,sub-management,rg-data-test-001,/subscriptions/00000000-0000-0000-0000-000000000011/resourceGroups/rg-data-test-001/providers/Microsoft.ContainerService/managedClusters/res01383,res01383,Azure Kubernetes Service,Compute,Load Balancer,westeurope,Usage,4.2894,1 Unit,10.4643,USD
2026-06-15,00000000-0000-0000-0000-000000000005,sub-data-dev,rg-shared-dev-004,/subscriptions/00000000-0000-0000-0000-000000000005/resourceGroups/rg-shared-dev-004/providers/Microsoft.Compute/virtualMachines/res01382,res01382,Virtual Machines,Compute,Standard_E4s_v5,swedencentral,Usage,215.9371,1M Operations,88.3956,USD
2026-06-15,00000000-0000-0000-0000-000000000006,sub-network-hub,rg-identity-prod-004,/subscriptions/00000000-0000-0000-0000-000000000006/resourceGroups/rg-identity-prod-004/providers/Microsoft.Network/azureFirewalls/res00984,res00984,Azure Firewall,Networking,Data Processed,uksouth,Usage,151.3358,1M Operations,36.0343,USD
2026-06-15,00000000-0000-0000-0000-000000000005,sub-data-dev,rg-identity-test-004,/subscriptions/00000000-0000-0000-0000-000000000005/resourceGroups/rg-identity-test-004/providers/Microsoft.Network/bandwidth/res01183,res01183,Bandwidth,Networking,Data Transfer Out - Zone 1,westeurope,Usage,45.219,10 GB,30.5636,USD
2026-06-15,00000000-0000-0000-0000-000000000005,sub-data-dev,rg-security-dev-003,/subscriptions/00000000-0000-0000-0000-000000000005/resourceGroups/rg-security-dev-003/providers/Microsoft.Web/sites/res01908,res01908,Azure Functions,Compute,Execution Time,global,Usage,32.2445,10 GB,6.997,USD
2026-06-15,00000000-0000-0000-0000-000000000002,sub-platform-dev,rg-data-test-001,/subscriptions/00000000-0000-0000-0000-000000000002/resourceGroups/rg-data-test-001/providers/Microsoft.ContainerService/managedClusters/res00669,res00669,Azure Kubernetes Service,Compute,Load Balancer,northeurope,Usage,92.6796,1 GB,61.4558,USD
2026-06-15,00000000-0000-0000-0000-000000000010,sub-identity,rg-network-dev-001,/subscriptions/00000000-0000-0000-0000-000000000010/resourceGroups/rg-network-dev-001/providers/Microsoft.Web/sites/res00213,res00213,Azure Functions,Compute,Total Executions,swedencentral,Usage,59.6623,1 Unit,6.9264,USD
2026-06-15,00000000-0000-0000-0000-000000000011,sub-management,rg-security-hub-004,/subscriptions/00000000-0000-0000-0000-000000000011/resourceGroups/rg-security-hub-004/providers/Microsoft.Storage/storageAccounts/res01414,res01414,Storage,Storage,General Block Blob,uksouth,Usage,169.8043,10 GB,62.6297,USD
2026-06-15,00000000-0000-0000-0000-000000000008,sub-apps-online,rg-shared-hub-002,/subscriptions/00000000-0000-0000-0000-000000000008/resourceGroups/rg-shared-hub-002/providers/Microsoft.Compute/virtualMachines/res00003,res00003,Virtual Machines,Compute,Standard_E4s_v5,northeurope,Usage,239.7383,1 GB/Month,43.0236,USD
2026-06-15,00000000-0000-0000-0000-000000000002,sub-platform-dev,rg-shared-test-003,/subscriptions/00000000-0000-0000-0000-000000000002/resourceGroups/rg-shared-test-003/providers/Microsoft.Storage/storageAccounts/res01875,res01875,Storage,Storage,General Block Blob,swedencentral,Usage,66.2708,1 Hour,61.7589,USD
2026-06-15,00000000-0000-0000-0000-000000000008,sub-apps-online,rg-network-hub-003,/subscriptions/00000000-0000-0000-0000-000000000008/resourceGroups/rg-network-hub-003/providers/Microsoft.KeyVault/vaults/res00523,res00523,Key Vault,Security,Operations,germanywestcentral,Usage,9.3483,10 GB,3.1936,USD
2026-06-15,00000000-0000-0000-0000-000000000007,sub-network-spoke,rg-security-test-004,/subscriptions/00000000-0000-0000-0000-000000000007/resourceGroups/rg-security-test-004/providers/Microsoft.EventHub/namespaces/res00968,res00968,Event Hubs,Analytics,Throughput Unit,northeurope,Usage,161.827,1 Hour,20.3852,USD
2026-06-15,00000000-0000-0000-0000-000000000011,sub-management,rg-shared-corp-003,/subscriptions/00000000-0000-0000-0000-000000000011/resourceGroups/rg-shared-corp-003/providers/Microsoft.Sql/managedInstances/res00031,res00031,Azure SQL Managed Instance,Databases,vCore GP,northeurope,Usage,38.8177,1 GB/Month,188.409,USD
2026-06-15,00000000-0000-0000-0000-000000000003,sub-platform-test,rg-security-dev-003,/subscriptions/00000000-0000-0000-0000-000000000003/resourceGroups/rg-security-dev-003/providers/Microsoft.Network/azureFirewalls/res00024,res00024,Azure Firewall,Networking,Data Processed,francecentral,Usage,18.9702,1 GB/Month,36.5635,USD
2026-06-15,00000000-0000-0000-0000-000000000010,sub-identity,rg-security-prod-003,/subscriptions/00000000-0000-0000-0000-000000000010/resourceGroups/rg-security-prod-003/providers/Microsoft.ContainerService/managedClusters/res00236,res00236,Azure Kubernetes Service,Compute,Load Balancer,westeurope,Usage,72.9057,1 Unit,23.6856,USD
2026-06-15,00000000-0000-0000-0000-000000000010,sub-identity,rg-shared-prod-001,/subscriptions/00000000-0000-0000-0000-000000000010/resourceGroups/rg-shared-prod-001/providers/Microsoft.RecoveryServices/vaults/res01292,res01292,Azure Backup,Storage,Protected Instances,swedencentral,Usage,36.7798,10 GB,28.4056,USD
2026-06-15,00000000-0000-0000-0000-000000000012,sub-sandbox,rg-app-dev-003,/subscriptions/00000000-0000-0000-0000-000000000012/resourceGroups/rg-app-dev-003/providers/Microsoft.Databricks/workspaces/res01286,res01286,Azure Databricks,Analytics,Premium DBU,germanywestcentral,Usage,174.2149,10 GB,45.4163,USD
2026-06-15,00000000-0000-0000-0000-000000000003,sub-platform-test,rg-backup-dev-003,/subscriptions/00000000-0000-0000-0000-000000000003/resourceGroups/rg-backup-dev-003/providers/Microsoft.ServiceBus/namespaces/res01374,res01374,Service Bus,Integration,Operations,francecentral,Usage,72.8337,1 Unit,4.2665,USD
2026-06-15,00000000-0000-0000-0000-000000000005,sub-data-dev,rg-shared-dev-001,/subscriptions/00000000-0000-0000-0000-000000000005/resourceGroups/rg-shared-dev-001/providers/Microsoft.Network/ddosProtectionPlans/res00597,res00597,Azure DDoS Protection,Networking,Protection Plan,uksouth,Usage,136.6294,1M Operations,79.7871,USD
2026-06-15,00000000-0000-0000-0000-000000000002,sub-platform-dev,rg-security-hub-004,/subscriptions/00000000-0000-0000-0000-000000000002/resourceGroups/rg-security-hub-004/providers/Microsoft.KeyVault/vaults/res01476,res01476,Key Vault,Security,Operations,westeurope,Usage,46.6694,10 GB,4.9802,USD
2026-06-15,00000000-0000-0000-0000-000000000011,sub-management,rg-backup-prod-002,/subscriptions/00000000-0000-0000-0000-000000000011/resourceGroups/rg-backup-prod-002/providers/Microsoft.Storage/storageAccounts/res01438,res01438,Storage,Storage,General Block Blob,uksouth,Usage,178.3288,1 GB/Month,14.2434,USD
2026-06-15,00000000-0000-0000-0000-000000000001,sub-platform-prod,rg-identity-test-002,/subscriptions/00000000-0000-0000-0000-000000000001/resourceGroups/rg-identity-test-002/providers/Microsoft.RecoveryServices/vaults/res01630,res01630,Azure Backup,Storage,Backup Storage LRS,germanywestcentral,Usage,76.212,10 GB,37.9067,USD
2026-06-15,00000000-0000-0000-0000-000000000006,sub-network-hub,rg-shared-hub-003,/subscriptions/00000000-0000-0000-0000-000000000006/resourceGroups/rg-shared-hub-003/providers/Microsoft.Web/sites/res01046,res01046,Azure Functions,Compute,Execution Time,northeurope,Usage,26.5324,1 Unit,8.8973,USD
2026-06-15,00000000-0000-0000-0000-000000000008,sub-apps-online,rg-network-prod-003,/subscriptions/00000000-0000-0000-0000-000000000008/resourceGroups/rg-network-prod-003/providers/Microsoft.EventHub/namespaces/res01013,res01013,Event Hubs,Analytics,Capture,germanywestcentral,Usage,162.7765,10 GB,20.7236,USD
2026-06-15,00000000-0000-0000-0000-000000000006,sub-network-hub,rg-backup-hub-001,/subscriptions/00000000-0000-0000-0000-000000000006/resourceGroups/rg-backup-hub-001/providers/Microsoft.Network/virtualNetworks/res00777,res00777,Virtual Network,Networking,Data Transfer Out,germanywestcentral,Usage,14.816,1 Hour,14.1947,USD
2026-06-15,00000000-0000-0000-0000-000000000010,sub-identity,rg-backup-prod-004,/subscriptions/00000000-0000-0000-0000-000000000010/resourceGroups/rg-backup-prod-004/providers/Microsoft.Compute/virtualMachines/res01747,res01747,Virtual Machines,Compute,Standard_B2ms,global,Usage,16.4643,100 Hours,98.6394,USD
2026-06-15,00000000-0000-0000-0000-000000000006,sub-network-hub,rg-data-prod-002,/subscriptions/00000000-0000-0000-0000-000000000006/resourceGroups/rg-data-prod-002/providers/Microsoft.Sql/servers/databases/res01123,res01123,Azure SQL Database,Databases,vCore Gen5,swedencentral,Usage,27.7431,1 Unit,93.7956,USD
2026-06-15,00000000-0000-0000-0000-000000000001,sub-platform-prod,rg-monitoring-hub-003,/subscriptions/00000000-0000-0000-0000-000000000001/resourceGroups/rg-monitoring-hub-003/providers/Microsoft.Network/loadBalancers/res01190,res01190,Load Balancer,Networking,Standard Rules,swedencentral,Usage,212.5428,10 GB,2.1273,USD
2026-06-15,00000000-0000-0000-0000-000000000011,sub-management,rg-shared-dev-002,/subscriptions/00000000-0000-0000-0000-000000000011/resourceGroups/rg-shared-dev-002/providers/Microsoft.Sql/servers/databases/res00201,res00201,Azure SQL Database,Databases,vCore Gen5,global,Usage,42.0768,10 GB,22.6508,USD
2026-06-15,00000000-0000-0000-0000-000000000003,sub-platform-test,rg-monitoring-corp-001,/subscriptions/00000000-0000-0000-0000-000000000003/resourceGroups/rg-monitoring-corp-001/providers/Microsoft.Network/loadBalancers/res00950,res00950,Load Balancer,Networking,Standard Rules,swedencentral,Usage,22.0734,1 GB,5.3933,USD
2026-06-15,00000000-0000-0000-0000-000000000006,sub-network-hub,rg-app-corp-002,/subscriptions/00000000-0000-0000-0000-000000000006/resourceGroups/rg-app-corp-002/providers/Microsoft.Network/bandwidth/res01970,res01970,Bandwidth,Networking,Inter-Region,uksouth,Usage,62.1628,1M Operations,17.006,USD
2026-06-15,00000000-0000-0000-0000-000000000003,sub-platform-test,rg-monitoring-hub-001,/subscriptions/00000000-0000-0000-0000-000000000003/resourceGroups/rg-monitoring-hub-001/providers/Microsoft.Databricks/workspaces/res01842,res01842,Azure Databricks,Analytics,Premium DBU,uksouth,Usage,238.9614,10 GB,49.0636,USD
2026-06-15,00000000-0000-0000-0000-000000000012,sub-sandbox,rg-data-corp-002,/subscriptions/00000000-0000-0000-0000-000000000012/resourceGroups/rg-data-corp-002/providers/Microsoft.Network/applicationGateways/res01584,res01584,Application Gateway,Networking,Capacity Unit,francecentral,Usage,139.7085,1 Unit,37.0835,USD
2026-06-15,00000000-0000-0000-0000-000000000004,sub-data-prod,rg-data-test-004,/subscriptions/00000000-0000-0000-0000-000000000004/resourceGroups/rg-data-test-004/providers/Microsoft.Network/bandwidth/res00148,res00148,Bandwidth,Networking,Inter-Region,francecentral,Usage,87.2194,10 GB,22.6706,USD
2026-06-15,00000000-0000-0000-0000-000000000004,sub-data-prod,rg-monitoring-test-002,/subscriptions/00000000-0000-0000-0000-000000000004/resourceGroups/rg-monitoring-test-002/providers/Microsoft.Network/bandwidth/res01652,res01652,Bandwidth,Networking,Inter-Region,northeurope,Usage,68.7211,100 Hours,22.1678,USD
2026-06-15,00000000-0000-0000-0000-000000000005,sub-data-dev,rg-security-dev-002,/subscriptions/00000000-0000-0000-0000-000000000005/resourceGroups/rg-security-dev-002/providers/Microsoft.Network/applicationGateways/res00045,res00045,Application Gateway,Networking,Capacity Unit,germanywestcentral,Usage,195.3196,1 GB,43.0177,USD
2026-06-15,00000000-0000-0000-0000-000000000005,sub-data-dev,rg-backup-dev-003,/subscriptions/00000000-0000-0000-0000-000000000005/resourceGroups/rg-backup-dev-003/providers/Microsoft.Network/applicationGateways/res01075,res01075,Application Gateway,Networking,WAF v2 Fixed,swedencentral,Usage,232.445,10 GB,44.3709,USD
2026-06-15,00000000-0000-0000-0000-000000000009,sub-apps-corp,rg-monitoring-test-004,/subscriptions/00000000-0000-0000-0000-000000000009/resourceGroups/rg-monitoring-test-004/providers/Microsoft.Network/virtualNetworks/res01930,res01930,Virtual Network,Networking,Data Transfer Out,northeurope,Usage,18.9372,1 GB,2.6085,USD
2026-06-15,00000000-0000-0000-0000-000000000003,sub-platform-test,rg-network-corp-001,/subscriptions/00000000-0000-0000-0000-000000000003/resourceGroups/rg-network-corp-001/providers/Microsoft.Storage/storageAccounts/res01675,res01675,Storage,Storage,Cool LRS,germanywestcentral,Usage,215.6236,1 GB,36.9519,USD
2026-06-15,00000000-0000-0000-0000-000000000004,sub-data-prod,rg-backup-corp-003,/subscriptions/00000000-0000-0000-0000-000000000004/resourceGroups/rg-backup-corp-003/providers/Microsoft.Network/applicationGateways/res00723,res00723,Application Gateway,Networking,Capacity Unit,global,Usage,214.5963,1M Operations,19.095,USD
2026-06-15,00000000-0000-0000-0000-000000000004,sub-data-prod,rg-app-hub-003,/subscriptions/00000000-0000-0000-0000-000000000004/resourceGroups/rg-app-hub-003/providers/Microsoft.Storage/storageAccounts/res00718,res00718,Storage,Storage,Standard Page Blob,global,Usage,155.383,1 Unit,6.5359,USD
2026-06-15,00000000-0000-0000-0000-000000000011,sub-management,rg-identity-dev-001,/subscriptions/00000000-0000-0000-0000-000000000011/resourceGroups/rg-identity-dev-001/providers/Microsoft.Storage/storageAccounts/res00621,res00621,Storage,Storage,General Block Blob,northeurope,Usage,9.506,10 GB,76.9139,USD
2026-06-15,00000000-0000-0000-0000-000000000009,sub-apps-corp,rg-monitoring-prod-003,/subscriptions/00000000-0000-0000-0000-000000000009/resourceGroups/rg-monitoring-prod-003/providers/Microsoft.Web/sites/res00244,res00244,Azure Functions,Compute,Execution Time,uksouth,Usage,152.3376,100 Hours,5.1699,USD
2026-06-15,00000000-0000-0000-0000-000000000012,sub-sandbox,rg-network-prod-003,/subscriptions/00000000-0000-0000-0000-000000000012/resourceGroups/rg-network-prod-003/providers/Microsoft.Network/azureFirewalls/res01932,res01932,Azure Firewall,Networking,Data Processed,westeurope,Usage,43.6905,100 Hours,48.3648,USD
2026-06-15,00000000-0000-0000-0000-000000000006,sub-network-hub,rg-shared-hub-003,/subscriptions/00000000-0000-0000-0000-000000000006/resourceGroups/rg-shared-hub-003/providers/Microsoft.ContainerRegistry/registries/res01464,res01464,Container Registry,Containers,Build Minutes,westeurope,Usage,53.9854,1 GB/Month,17.0846,USD
2026-06-15,00000000-0000-0000-0000-000000000002,sub-platform-dev,rg-data-dev-001,/subscriptions/00000000-0000-0000-0000-000000000002/resourceGroups/rg-data-dev-001/providers/Microsoft.Network/azureFirewalls/res00851,res00851,Azure Firewall,Networking,Data Processed,northeurope,Usage,14.0445,1 Hour,27.0268,USD
2026-06-15,00000000-0000-0000-0000-000000000003,sub-platform-test,rg-network-prod-002,/subscriptions/00000000-0000-0000-0000-000000000003/resourceGroups/rg-network-prod-002/providers/Microsoft.Sql/servers/databases/res01739,res01739,Azure SQL Database,Databases,vCore Gen5,swedencentral,Usage,91.2909,100 Hours,81.7778,USD
2026-06-15,00000000-0000-0000-0000-000000000005,sub-data-dev,rg-reservations-001,/subscriptions/00000000-0000-0000-0000-000000000005/resourceGroups/rg-reservations-001/providers/Microsoft.Capacity/reservationOrders/res01998,reserved-01998,Reservations,Reservations,SQL vCore Reserved,uksouth,Purchase,1,1 Unit,250.9194,USD
2026-06-15,00000000-0000-0000-0000-000000000011,sub-management,rg-monitoring-hub-004,/subscriptions/00000000-0000-0000-0000-000000000011/resourceGroups/rg-monitoring-hub-004/providers/Microsoft.Insights/components/res00999,res00999,Azure Monitor,Management and Governance,Application Insights,westeurope,Usage,141.5785,1 GB,11.0303,USD
2026-06-15,00000000-0000-0000-0000-000000000001,sub-platform-prod,rg-backup-test-004,/subscriptions/00000000-0000-0000-0000-000000000001/resourceGroups/rg-backup-test-004/providers/Microsoft.EventHub/namespaces/res01278,res01278,Event Hubs,Analytics,Throughput Unit,westeurope,Usage,152.1731,1 Hour,4.9902,USD
2026-06-15,00000000-0000-0000-0000-000000000008,sub-apps-online,rg-security-hub-004,/subscriptions/00000000-0000-0000-0000-000000000008/resourceGroups/rg-security-hub-004/providers/Microsoft.Sql/managedInstances/res01824,res01824,Azure SQL Managed Instance,Databases,vCore GP,swedencentral,Usage,0.9596,1M Operations,34.8401,USD
2026-06-15,00000000-0000-0000-0000-000000000003,sub-platform-test,rg-shared-hub-001,/subscriptions/00000000-0000-0000-0000-000000000003/resourceGroups/rg-shared-hub-001/providers/Microsoft.Web/sites/res01481,res01481,Azure Functions,Compute,Execution Time,uksouth,Usage,34.7274,10 GB,7.0962,USD
2026-06-15,00000000-0000-0000-0000-000000000012,sub-sandbox,rg-shared-prod-001,/subscriptions/00000000-0000-0000-0000-000000000012/resourceGroups/rg-shared-prod-001/providers/Microsoft.Network/ddosProtectionPlans/res00845,res00845,Azure DDoS Protection,Networking,Data Processed,germanywestcentral,Usage,216.2886,10 GB,46.7113,USD
2026-06-15,00000000-0000-0000-0000-000000000005,sub-data-dev,rg-data-prod-002,/subscriptions/00000000-0000-0000-0000-000000000005/resourceGroups/rg-data-prod-002/providers/Microsoft.Compute/virtualMachines/res01114,res01114,Virtual Machines,Compute,Standard_E4s_v5,westeurope,Usage,67.8942,1 GB/Month,99.801,USD
2026-06-15,00000000-0000-0000-0000-000000000010,sub-identity,rg-data-prod-001,/subscriptions/00000000-0000-0000-0000-000000000010/resourceGroups/rg-data-prod-001/providers/Microsoft.KeyVault/vaults/res00214,res00214,Key Vault,Security,Operations,uksouth,Usage,143.6848,100 Hours,4.5714,USD
2026-06-15,00000000-0000-0000-0000-000000000011,sub-management,rg-data-prod-001,/subscriptions/00000000-0000-0000-0000-000000000011/resourceGroups/rg-data-prod-001/providers/Microsoft.Network/virtualNetworks/res00698,res00698,Virtual Network,Networking,Data Transfer Out,francecentral,Usage,41.5479,1 Hour,11.8501,USD
2026-06-15,00000000-0000-0000-0000-000000000012,sub-sandbox,rg-security-dev-004,/subscriptions/00000000-0000-0000-0000-000000000012/resourceGroups/rg-security-dev-004/providers/Microsoft.Network/ddosProtectionPlans/res01495,res01495,Azure DDoS Protection,Networking,Data Processed,uksouth,Usage,204.3183,1 Hour,32.7051,USD
2026-06-15,00000000-0000-0000-0000-000000000012,sub-sandbox,rg-shared-corp-002,/subscriptions/00000000-0000-0000-0000-000000000012/resourceGroups/rg-shared-corp-002/providers/Microsoft.Sql/managedInstances/res00757,res00757,Azure SQL Managed Instance,Databases,vCore BC,northeurope,Usage,105.2339,1M Operations,162.5209,USD
2026-06-15,00000000-0000-0000-0000-000000000009,sub-apps-corp,rg-shared-corp-003,/subscriptions/00000000-0000-0000-0000-000000000009/resourceGroups/rg-shared-corp-003/providers/Microsoft.Network/ddosProtectionPlans/res01621,res01621,Azure DDoS Protection,Networking,Data Processed,francecentral,Usage,96.0726,1 GB,46.7981,USD
2026-06-15,00000000-0000-0000-0000-000000000004,sub-data-prod,rg-network-dev-004,/subscriptions/00000000-0000-0000-0000-000000000004/resourceGroups/rg-network-dev-004/providers/Microsoft.ServiceBus/namespaces/res00372,res00372,Service Bus,Integration,Premium Messaging Unit,germanywestcentral,Usage,81.8057,1 Unit,2.4161,USD
2026-06-15,00000000-0000-0000-0000-000000000003,sub-platform-test,rg-network-prod-004,/subscriptions/00000000-0000-0000-0000-000000000003/resourceGroups/rg-network-prod-004/providers/Microsoft.KeyVault/vaults/res00402,res00402,Key Vault,Security,Operations,uksouth,Usage,56.1273,1 Unit,2.1259,USD
2026-06-15,00000000-0000-0000-0000-000000000009,sub-apps-corp,rg-network-prod-003,/subscriptions/00000000-0000-0000-0000-000000000009/resourceGroups/rg-network-prod-003/providers/Microsoft.RecoveryServices/vaults/res01411,res01411,Azure Backup,Storage,Backup Storage LRS,swedencentral,Usage,148.8177,1 Unit,36.442,USD
2026-06-15,00000000-0000-0000-0000-000000000004,sub-data-prod,rg-app-hub-001,/subscriptions/00000000-0000-0000-0000-000000000004/resourceGroups/rg-app-hub-001/providers/Microsoft.ContainerRegistry/registries/res00668,res00668,Container Registry,Containers,Premium Registry,global,Usage,229.9902,1M Operations,22.6705,USD
2026-06-15,00000000-0000-0000-0000-000000000011,sub-management,rg-app-hub-001,/subscriptions/00000000-0000-0000-0000-000000000011/resourceGroups/rg-app-hub-001/providers/Microsoft.Web/sites/res01361,res01361,Azure App Service,Compute,P2v3,germanywestcentral,Usage,64.9264,100 Hours,39.482,USD
2026-06-15,00000000-0000-0000-0000-000000000002,sub-platform-dev,rg-app-corp-004,/subscriptions/00000000-0000-0000-0000-000000000002/resourceGroups/rg-app-corp-004/providers/Microsoft.Network/azureFirewalls/res00223,res00223,Azure Firewall,Networking,Deployment Hours,northeurope,Usage,214.4808,1 Unit,46.5921,USD
2026-06-15,00000000-0000-0000-0000-000000000012,sub-sandbox,rg-monitoring-test-003,/subscriptions/00000000-0000-0000-0000-000000000012/resourceGroups/rg-monitoring-test-003/providers/Microsoft.RecoveryServices/vaults/res01829,res01829,Azure Backup,Storage,Protected Instances,northeurope,Usage,147.8711,1 GB,36.3081,USD
2026-06-15,00000000-0000-0000-0000-000000000003,sub-platform-test,rg-identity-hub-001,/subscriptions/00000000-0000-0000-0000-000000000003/resourceGroups/rg-identity-hub-001/providers/Microsoft.Compute/virtualMachines/res01034,res01034,Virtual Machines,Compute,Standard_B2ms,global,Usage,127.0966,100 Hours,34.2835,USD
2026-06-15,00000000-0000-0000-0000-000000000005,sub-data-dev,rg-compute-prod-002,/subscriptions/00000000-0000-0000-0000-000000000005/resourceGroups/rg-compute-prod-002/providers/Microsoft.Compute/virtualMachines/res01973,res01973,Virtual Machines,Compute,Standard_D4s_v5,francecentral,Usage,205.1591,100 Hours,118.3121,USD
2026-06-15,00000000-0000-0000-0000-000000000001,sub-platform-prod,rg-reservations-001,/subscriptions/00000000-0000-0000-0000-000000000001/resourceGroups/rg-reservations-001/providers/Microsoft.Capacity/reservationOrders/res02012,reserved-02012,Reservations,Reservations,SQL vCore Reserved,francecentral,Purchase,1,1 Unit,527.4864,USD
2026-06-15,00000000-0000-0000-0000-000000000008,sub-apps-online,rg-shared-corp-003,/subscriptions/00000000-0000-0000-0000-000000000008/resourceGroups/rg-shared-corp-003/providers/Microsoft.Network/virtualNetworks/res00075,res00075,Virtual Network,Networking,Private Endpoint,swedencentral,Usage,174.3038,10 GB,8.0373,USD
2026-06-15,00000000-0000-0000-0000-000000000006,sub-network-hub,rg-data-prod-001,/subscriptions/00000000-0000-0000-0000-000000000006/resourceGroups/rg-data-prod-001/providers/Microsoft.ContainerService/managedClusters/res01010,res01010,Azure Kubernetes Service,Compute,Standard Tier,uksouth,Usage,72.5397,10 GB,72.1226,USD
2026-06-15,00000000-0000-0000-0000-000000000010,sub-identity,rg-network-hub-002,/subscriptions/00000000-0000-0000-0000-000000000010/resourceGroups/rg-network-hub-002/providers/Microsoft.Compute/virtualMachines/res01102,res01102,Virtual Machines,Compute,Standard_D2s_v5,uksouth,Usage,190.8622,100 Hours,72.0114,USD
2026-06-15,00000000-0000-0000-0000-000000000010,sub-identity,rg-backup-hub-004,/subscriptions/00000000-0000-0000-0000-000000000010/resourceGroups/rg-backup-hub-004/providers/Microsoft.Network/loadBalancers/res00379,res00379,Load Balancer,Networking,Standard Rules,swedencentral,Usage,109.3905,1M Operations,15.0158,USD
2026-06-15,00000000-0000-0000-0000-000000000012,sub-sandbox,rg-identity-corp-002,/subscriptions/00000000-0000-0000-0000-000000000012/resourceGroups/rg-identity-corp-002/providers/Microsoft.Storage/storageAccounts/res00095,res00095,Storage,Storage,Cool LRS,westeurope,Usage,75.3989,1 GB,77.5222,USD
2026-06-15,00000000-0000-0000-0000-000000000002,sub-platform-dev,rg-security-corp-003,/subscriptions/00000000-0000-0000-0000-000000000002/resourceGroups/rg-security-corp-003/providers/Microsoft.DocumentDB/databaseAccounts/res01879,res01879,Azure Cosmos DB,Databases,Storage,northeurope,Usage,199.0033,100 Hours,51.5611,USD
2026-06-15,00000000-0000-0000-0000-000000000004,sub-data-prod,rg-network-test-003,/subscriptions/00000000-0000-0000-0000-000000000004/resourceGroups/rg-network-test-003/providers/Microsoft.Network/loadBalancers/res01864,res01864,Load Balancer,Networking,Data Processed,westeurope,Usage,72.6081,1 GB/Month,7.2031,USD
2026-06-15,00000000-0000-0000-0000-000000000012,sub-sandbox,rg-data-prod-003,/subscriptions/00000000-0000-0000-0000-000000000012/resourceGroups/rg-data-prod-003/providers/Microsoft.Web/sites/res00174,res00174,Azure App Service,Compute,I1v2,westeurope,Usage,19.3364,10 GB,20.1956,USD
2026-06-15,00000000-0000-0000-0000-000000000009,sub-apps-corp,rg-compute-test-003,/subscriptions/00000000-0000-0000-0000-000000000009/resourceGroups/rg-compute-test-003/providers/Microsoft.Compute/virtualMachines/res00385,res00385,Virtual Machines,Compute,Standard_E4s_v5,uksouth,Usage,68.2859,1 Unit,35.3864,USD
2026-06-15,00000000-0000-0000-0000-000000000004,sub-data-prod,rg-network-test-001,/subscriptions/00000000-0000-0000-0000-000000000004/resourceGroups/rg-network-test-001/providers/Microsoft.Databricks/workspaces/res01267,res01267,Azure Databricks,Analytics,Jobs Compute DBU,uksouth,Usage,155.9995,1 GB,63.046,USD
2026-06-15,00000000-0000-0000-0000-000000000008,sub-apps-online,rg-data-dev-003,/subscriptions/00000000-0000-0000-0000-000000000008/resourceGroups/rg-data-dev-003/providers/Microsoft.RecoveryServices/vaults/res00219,res00219,Azure Backup,Storage,Protected Instances,global,Usage,229.1138,1 GB,16.1494,USD
2026-06-15,00000000-0000-0000-0000-000000000002,sub-platform-dev,rg-app-corp-002,/subscriptions/00000000-0000-0000-0000-000000000002/resourceGroups/rg-app-corp-002/providers/Microsoft.EventHub/namespaces/res01054,res01054,Event Hubs,Analytics,Throughput Unit,francecentral,Usage,33.9265,1 Hour,22.8675,USD
2026-06-15,00000000-0000-0000-0000-000000000001,sub-platform-prod,rg-monitoring-dev-002,/subscriptions/00000000-0000-0000-0000-000000000001/resourceGroups/rg-monitoring-dev-002/providers/Microsoft.Sql/managedInstances/res00189,res00189,Azure SQL Managed Instance,Databases,vCore BC,uksouth,Usage,142.0021,1 Unit,60.2646,USD
2026-06-15,00000000-0000-0000-0000-000000000007,sub-network-spoke,rg-data-corp-003,/subscriptions/00000000-0000-0000-0000-000000000007/resourceGroups/rg-data-corp-003/providers/Microsoft.Databricks/workspaces/res00590,res00590,Azure Databricks,Analytics,Premium DBU,northeurope,Usage,25.5204,10 GB,52.4605,USD
2026-06-15,00000000-0000-0000-0000-000000000009,sub-apps-corp,rg-app-prod-001,/subscriptions/00000000-0000-0000-0000-000000000009/resourceGroups/rg-app-prod-001/providers/Microsoft.ContainerService/managedClusters/res01937,res01937,Azure Kubernetes Service,Compute,Uptime SLA,francecentral,Usage,204.588,1M Operations,21.5404,USD
2026-06-15,00000000-0000-0000-0000-000000000005,sub-data-dev,rg-data-prod-004,/subscriptions/00000000-0000-0000-0000-000000000005/resourceGroups/rg-data-prod-004/providers/Microsoft.KeyVault/vaults/res01022,res01022,Key Vault,Security,HSM Protected Keys,northeurope,Usage,121.7864,1M Operations,7.9362,USD
2026-06-15,00000000-0000-0000-0000-000000000002,sub-platform-dev,rg-monitoring-corp-001,/subscriptions/00000000-0000-0000-0000-000000000002/resourceGroups/rg-monitoring-corp-001/providers/Microsoft.KeyVault/vaults/res01878,res01878,Key Vault,Security,HSM Protected Keys,uksouth,Usage,8.2073,1M Operations,7.9256,USD
2026-06-15,00000000-0000-0000-0000-000000000010,sub-identity,rg-monitoring-hub-004,/subscriptions/00000000-0000-0000-0000-000000000010/resourceGroups/rg-monitoring-hub-004/providers/Microsoft.Network/azureFirewalls/res00709,res00709,Azure Firewall,Networking,Deployment Hours,global,Usage,104.495,1 Hour,39.4429,USD
2026-06-15,00000000-0000-0000-0000-000000000010,sub-identity,rg-compute-hub-004,/subscriptions/00000000-0000-0000-0000-000000000010/resourceGroups/rg-compute-hub-004/providers/Microsoft.RecoveryServices/vaults/res01603,res01603,Azure Backup,Storage,Protected Instances,global,Usage,222.2538,1 Hour,8.2322,USD
2026-06-15,00000000-0000-0000-0000-000000000004,sub-data-prod,rg-identity-corp-004,/subscriptions/00000000-0000-0000-0000-000000000004/resourceGroups/rg-identity-corp-004/providers/Microsoft.Sql/managedInstances/res00094,res00094,Azure SQL Managed Instance,Databases,vCore BC,francecentral,Usage,226.9106,100 Hours,32.7794,USD
2026-06-15,00000000-0000-0000-0000-000000000009,sub-apps-corp,rg-backup-test-004,/subscriptions/00000000-0000-0000-0000-000000000009/resourceGroups/rg-backup-test-004/providers/Microsoft.Sql/managedInstances/res01248,res01248,Azure SQL Managed Instance,Databases,vCore BC,francecentral,Usage,52.7026,1 Hour,152.3507,USD
2026-06-15,00000000-0000-0000-0000-000000000012,sub-sandbox,rg-monitoring-prod-002,/subscriptions/00000000-0000-0000-0000-000000000012/resourceGroups/rg-monitoring-prod-002/providers/Microsoft.DocumentDB/databaseAccounts/res00365,res00365,Azure Cosmos DB,Databases,Storage,global,Usage,159.2932,1 Unit,43.3644,USD
2026-06-15,00000000-0000-0000-0000-000000000004,sub-data-prod,rg-backup-dev-001,/subscriptions/00000000-0000-0000-0000-000000000004/resourceGroups/rg-backup-dev-001/providers/Microsoft.Sql/managedInstances/res01880,res01880,Azure SQL Managed Instance,Databases,vCore BC,uksouth,Usage,88.5168,1 GB/Month,82.6371,USD
2026-06-15,00000000-0000-0000-0000-000000000002,sub-platform-dev,rg-app-hub-002,/subscriptions/00000000-0000-0000-0000-000000000002/resourceGroups/rg-app-hub-002/providers/Microsoft.Security/pricings/res01708,res01708,Microsoft Defender for Cloud,Security,Defender for Storage,northeurope,Usage,71.3146,1 GB,22.7728,USD
2026-06-15,00000000-0000-0000-0000-000000000010,sub-identity,rg-app-dev-003,/subscriptions/00000000-0000-0000-0000-000000000010/resourceGroups/rg-app-dev-003/providers/Microsoft.DocumentDB/databaseAccounts/res01888,res01888,Azure Cosmos DB,Databases,RU/s Provisioned,swedencentral,Usage,221.2153,1M Operations,20.8254,USD
2026-06-15,00000000-0000-0000-0000-000000000012,sub-sandbox,rg-compute-corp-001,/subscriptions/00000000-0000-0000-0000-000000000012/resourceGroups/rg-compute-corp-001/providers/Microsoft.Web/sites/res01006,res01006,Azure App Service,Compute,S1,northeurope,Usage,50.7104,10 GB,19.1168,USD
2026-06-15,00000000-0000-0000-0000-000000000011,sub-management,rg-app-corp-004,/subscriptions/00000000-0000-0000-0000-000000000011/resourceGroups/rg-app-corp-004/providers/Microsoft.OperationalInsights/workspaces/res00763,res00763,Log Analytics,Management and Governance,Data Retention,germanywestcentral,Usage,33.1384,1 Unit,52.9555,USD
2026-06-15,00000000-0000-0000-0000-000000000008,sub-apps-online,rg-identity-test-002,/subscriptions/00000000-0000-0000-0000-000000000008/resourceGroups/rg-identity-test-002/providers/Microsoft.Network/loadBalancers/res00690,res00690,Load Balancer,Networking,Data Processed,westeurope,Usage,181.1707,1 Unit,9.9393,USD
2026-06-15,00000000-0000-0000-0000-000000000009,sub-apps-corp,rg-shared-hub-003,/subscriptions/00000000-0000-0000-0000-000000000009/resourceGroups/rg-shared-hub-003/providers/Microsoft.Network/azureFirewalls/res00307,res00307,Azure Firewall,Networking,Deployment Hours,northeurope,Usage,186.6755,100 Hours,28.6344,USD
2026-06-15,00000000-0000-0000-0000-000000000009,sub-apps-corp,rg-backup-hub-003,/subscriptions/00000000-0000-0000-0000-000000000009/resourceGroups/rg-backup-hub-003/providers/Microsoft.ServiceBus/namespaces/res00393,res00393,Service Bus,Integration,Premium Messaging Unit,global,Usage,124.4225,1 GB,12.4924,USD
2026-06-15,00000000-0000-0000-0000-000000000003,sub-platform-test,rg-data-hub-001,/subscriptions/00000000-0000-0000-0000-000000000003/resourceGroups/rg-data-hub-001/providers/Microsoft.Storage/storageAccounts/res01595,res01595,Storage,Storage,Hot LRS,swedencentral,Usage,26.6689,1 Unit,89.4163,USD
2026-06-15,00000000-0000-0000-0000-000000000002,sub-platform-dev,rg-monitoring-prod-001,/subscriptions/00000000-0000-0000-0000-000000000002/resourceGroups/rg-monitoring-prod-001/providers/Microsoft.Sql/managedInstances/res01276,res01276,Azure SQL Managed Instance,Databases,vCore GP,northeurope,Usage,90.7276,100 Hours,146.9385,USD
2026-06-15,00000000-0000-0000-0000-000000000005,sub-data-dev,rg-data-dev-001,/subscriptions/00000000-0000-0000-0000-000000000005/resourceGroups/rg-data-dev-001/providers/Microsoft.Web/sites/res01494,res01494,Azure App Service,Compute,I1v2,westeurope,Usage,22.9005,1M Operations,17.0862,USD
2026-06-15,00000000-0000-0000-0000-000000000010,sub-identity,rg-backup-test-002,/subscriptions/00000000-0000-0000-0000-000000000010/resourceGroups/rg-backup-test-002/providers/Microsoft.Network/loadBalancers/res01347,res01347,Load Balancer,Networking,Data Processed,swedencentral,Usage,219.2762,1 Hour,18.4353,USD
2026-06-15,00000000-0000-0000-0000-000000000001,sub-platform-prod,rg-security-corp-003,/subscriptions/00000000-0000-0000-0000-000000000001/resourceGroups/rg-security-corp-003/providers/Microsoft.EventHub/namespaces/res00928,res00928,Event Hubs,Analytics,Capture,global,Usage,164.4236,10 GB,1.9786,USD
2026-06-15,00000000-0000-0000-0000-000000000001,sub-platform-prod,rg-security-test-002,/subscriptions/00000000-0000-0000-0000-000000000001/resourceGroups/rg-security-test-002/providers/Microsoft.Sql/servers/databases/res01846,res01846,Azure SQL Database,Databases,DTU,germanywestcentral,Usage,163.1742,1 Hour,52.7008,USD
2026-06-15,00000000-0000-0000-0000-000000000007,sub-network-spoke,rg-data-prod-004,/subscriptions/00000000-0000-0000-0000-000000000007/resourceGroups/rg-data-prod-004/providers/Microsoft.Insights/components/res01737,res01737,Azure Monitor,Management and Governance,Application Insights,germanywestcentral,Usage,155.3794,1 Unit,24.6013,USD
2026-06-15,00000000-0000-0000-0000-000000000007,sub-network-spoke,rg-identity-prod-003,/subscriptions/00000000-0000-0000-0000-000000000007/resourceGroups/rg-identity-prod-003/providers/Microsoft.ContainerRegistry/registries/res00632,res00632,Container Registry,Containers,Storage,westeurope,Usage,76.0443,10 GB,5.3293,USD
2026-06-15,00000000-0000-0000-0000-000000000011,sub-management,rg-shared-test-001,/subscriptions/00000000-0000-0000-0000-000000000011/resourceGroups/rg-shared-test-001/providers/Microsoft.Network/bandwidth/res00228,res00228,Bandwidth,Networking,Data Transfer Out - Zone 1,swedencentral,Usage,170.9748,1 GB/Month,22.1379,USD
2026-06-15,00000000-0000-0000-0000-000000000001,sub-platform-prod,rg-security-hub-001,/subscriptions/00000000-0000-0000-0000-000000000001/resourceGroups/rg-security-hub-001/providers/Microsoft.EventHub/namespaces/res00931,res00931,Event Hubs,Analytics,Capture,swedencentral,Usage,205.5188,10 GB,13.9448,USD
2026-06-15,00000000-0000-0000-0000-000000000001,sub-platform-prod,rg-shared-dev-001,/subscriptions/00000000-0000-0000-0000-000000000001/resourceGroups/rg-shared-dev-001/providers/Microsoft.Security/pricings/res00964,res00964,Microsoft Defender for Cloud,Security,Defender for Storage,uksouth,Usage,168.0776,100 Hours,25.024,USD
2026-06-15,00000000-0000-0000-0000-000000000004,sub-data-prod,rg-compute-corp-004,/subscriptions/00000000-0000-0000-0000-000000000004/resourceGroups/rg-compute-corp-004/providers/Microsoft.DocumentDB/databaseAccounts/res00682,res00682,Azure Cosmos DB,Databases,Serverless,swedencentral,Usage,5.5115,1 Hour,75.0134,USD
2026-06-15,00000000-0000-0000-0000-000000000011,sub-management,rg-monitoring-prod-001,/subscriptions/00000000-0000-0000-0000-000000000011/resourceGroups/rg-monitoring-prod-001/providers/Microsoft.Web/sites/res01531,res01531,Azure Functions,Compute,Total Executions,francecentral,Usage,171.0171,1M Operations,11.994,USD
2026-06-15,00000000-0000-0000-0000-000000000010,sub-identity,rg-app-hub-002,/subscriptions/00000000-0000-0000-0000-000000000010/resourceGroups/rg-app-hub-002/providers/Microsoft.KeyVault/vaults/res01516,res01516,Key Vault,Security,HSM Protected Keys,francecentral,Usage,18.826,1 Unit,3.4851,USD
2026-06-15,00000000-0000-0000-0000-000000000004,sub-data-prod,rg-identity-hub-002,/subscriptions/00000000-0000-0000-0000-000000000004/resourceGroups/rg-identity-hub-002/providers/Microsoft.ContainerRegistry/registries/res01001,res01001,Container Registry,Containers,Build Minutes,global,Usage,156.1681,1M Operations,21.4586,USD
2026-06-15,00000000-0000-0000-0000-000000000002,sub-platform-dev,rg-network-corp-001,/subscriptions/00000000-0000-0000-0000-000000000002/resourceGroups/rg-network-corp-001/providers/Microsoft.KeyVault/vaults/res00296,res00296,Key Vault,Security,HSM Protected Keys,northeurope,Usage,178.5058,1 Unit,0.11,USD
2026-06-15,00000000-0000-0000-0000-000000000010,sub-identity,rg-network-hub-004,/subscriptions/00000000-0000-0000-0000-000000000010/resourceGroups/rg-network-hub-004/providers/Microsoft.Security/pricings/res01913,res01913,Microsoft Defender for Cloud,Security,Defender for Storage,northeurope,Usage,101.1374,1M Operations,45.0288,USD
2026-06-15,00000000-0000-0000-0000-000000000008,sub-apps-online,rg-identity-test-004,/subscriptions/00000000-0000-0000-0000-000000000008/resourceGroups/rg-identity-test-004/providers/Microsoft.Network/virtualNetworks/res00760,res00760,Virtual Network,Networking,Data Transfer Out,francecentral,Usage,83.9365,1 GB,0.3036,USD
2026-06-15,00000000-0000-0000-0000-000000000012,sub-sandbox,rg-security-test-002,/subscriptions/00000000-0000-0000-0000-000000000012/resourceGroups/rg-security-test-002/providers/Microsoft.Compute/virtualMachines/res00764,res00764,Virtual Machines,Compute,Standard_D2s_v5,swedencentral,Usage,125.8332,1 Unit,101.3427,USD
2026-06-15,00000000-0000-0000-0000-000000000001,sub-platform-prod,rg-network-corp-003,/subscriptions/00000000-0000-0000-0000-000000000001/resourceGroups/rg-network-corp-003/providers/Microsoft.Insights/components/res00842,res00842,Azure Monitor,Management and Governance,Alerts,northeurope,Usage,168.2022,10 GB,23.0019,USD
2026-06-15,00000000-0000-0000-0000-000000000003,sub-platform-test,rg-compute-prod-004,/subscriptions/00000000-0000-0000-0000-000000000003/resourceGroups/rg-compute-prod-004/providers/Microsoft.Insights/components/res01750,res01750,Azure Monitor,Management and Governance,Application Insights,northeurope,Usage,223.2576,100 Hours,9.4493,USD
2026-06-15,00000000-0000-0000-0000-000000000004,sub-data-prod,rg-shared-dev-003,/subscriptions/00000000-0000-0000-0000-000000000004/resourceGroups/rg-shared-dev-003/providers/Microsoft.Sql/managedInstances/res00489,res00489,Azure SQL Managed Instance,Databases,vCore GP,westeurope,Usage,31.084,100 Hours,159.5244,USD
2026-06-15,00000000-0000-0000-0000-000000000002,sub-platform-dev,rg-security-dev-004,/subscriptions/00000000-0000-0000-0000-000000000002/resourceGroups/rg-security-dev-004/providers/Microsoft.OperationalInsights/workspaces/res01941,res01941,Log Analytics,Management and Governance,Data Ingestion,westeurope,Usage,147.6363,1 GB/Month,19.372,USD
2026-06-15,00000000-0000-0000-0000-000000000006,sub-network-hub,rg-identity-hub-001,/subscriptions/00000000-0000-0000-0000-000000000006/resourceGroups/rg-identity-hub-001/providers/Microsoft.ContainerRegistry/registries/res00026,res00026,Container Registry,Containers,Build Minutes,uksouth,Usage,65.7925,1 Hour,13.5928,USD
2026-06-15,00000000-0000-0000-0000-000000000008,sub-apps-online,rg-app-corp-001,/subscriptions/00000000-0000-0000-0000-000000000008/resourceGroups/rg-app-corp-001/providers/Microsoft.ContainerRegistry/registries/res00761,res00761,Container Registry,Containers,Premium Registry,francecentral,Usage,3.5547,1 GB,12.225,USD
2026-06-15,00000000-0000-0000-0000-000000000004,sub-data-prod,rg-compute-test-004,/subscriptions/00000000-0000-0000-0000-000000000004/resourceGroups/rg-compute-test-004/providers/Microsoft.Compute/virtualMachines/res00101,res00101,Virtual Machines,Compute,Standard_B2ms,germanywestcentral,Usage,174.677,10 GB,106.5022,USD
2026-06-15,00000000-0000-0000-0000-000000000003,sub-platform-test,rg-backup-prod-003,/subscriptions/00000000-0000-0000-0000-000000000003/resourceGroups/rg-backup-prod-003/providers/Microsoft.Databricks/workspaces/res01507,res01507,Azure Databricks,Analytics,Standard DBU,northeurope,Usage,27.8422,100 Hours,118.7475,USD
2026-06-15,00000000-0000-0000-0000-000000000006,sub-network-hub,rg-shared-corp-003,/subscriptions/00000000-0000-0000-0000-000000000006/resourceGroups/rg-shared-corp-003/providers/Microsoft.Network/applicationGateways/res01661,res01661,Application Gateway,Networking,WAF v2 Fixed,northeurope,Usage,199.1679,100 Hours,14.7638,USD
2026-06-15,00000000-0000-0000-0000-000000000005,sub-data-dev,rg-security-corp-004,/subscriptions/00000000-0000-0000-0000-000000000005/resourceGroups/rg-security-corp-004/providers/Microsoft.Security/pricings/res01158,res01158,Microsoft Defender for Cloud,Security,Defender for Servers P2,francecentral,Usage,31.85,1 GB/Month,29.8266,USD
2026-06-15,00000000-0000-0000-0000-000000000011,sub-management,rg-identity-test-002,/subscriptions/00000000-0000-0000-0000-000000000011/resourceGroups/rg-identity-test-002/providers/Microsoft.EventHub/namespaces/res00887,res00887,Event Hubs,Analytics,Capture,germanywestcentral,Usage,82.0868,1M Operations,9.5914,USD
2026-06-15,00000000-0000-0000-0000-000000000011,sub-management,rg-security-corp-003,/subscriptions/00000000-0000-0000-0000-000000000011/resourceGroups/rg-security-corp-003/providers/Microsoft.Network/virtualNetworks/res00459,res00459,Virtual Network,Networking,Private Endpoint,swedencentral,Usage,224.0295,1 Unit,4.7066,USD
2026-06-15,00000000-0000-0000-0000-000000000001,sub-platform-prod,rg-security-test-003,/subscriptions/00000000-0000-0000-0000-000000000001/resourceGroups/rg-security-test-003/providers/Microsoft.Network/virtualNetworks/res00853,res00853,Virtual Network,Networking,Data Transfer Out,global,Usage,186.1248,10 GB,14.0948,USD
2026-06-15,00000000-0000-0000-0000-000000000010,sub-identity,rg-compute-hub-001,/subscriptions/00000000-0000-0000-0000-000000000010/resourceGroups/rg-compute-hub-001/providers/Microsoft.Compute/virtualMachines/res00341,res00341,Virtual Machines,Compute,Standard_B2ms,swedencentral,Usage,141.1463,1M Operations,66.3911,USD
2026-06-15,00000000-0000-0000-0000-000000000002,sub-platform-dev,rg-shared-corp-001,/subscriptions/00000000-0000-0000-0000-000000000002/resourceGroups/rg-shared-corp-001/providers/Microsoft.Network/virtualNetworks/res01538,res01538,Virtual Network,Networking,Data Transfer Out,germanywestcentral,Usage,55.001,1 GB/Month,3.0816,USD
2026-06-15,00000000-0000-0000-0000-000000000003,sub-platform-test,rg-security-test-004,/subscriptions/00000000-0000-0000-0000-000000000003/resourceGroups/rg-security-test-004/providers/Microsoft.OperationalInsights/workspaces/res01954,res01954,Log Analytics,Management and Governance,Data Ingestion,westeurope,Usage,108.3505,1 Unit,109.0324,USD
2026-06-15,00000000-0000-0000-0000-000000000006,sub-network-hub,rg-network-test-001,/subscriptions/00000000-0000-0000-0000-000000000006/resourceGroups/rg-network-test-001/providers/Microsoft.Network/virtualNetworks/res01398,res01398,Virtual Network,Networking,VNet Peering,swedencentral,Usage,53.5279,1 GB/Month,7.0453,USD
2026-06-15,00000000-0000-0000-0000-000000000011,sub-management,rg-identity-test-002,/subscriptions/00000000-0000-0000-0000-000000000011/resourceGroups/rg-identity-test-002/providers/Microsoft.KeyVault/vaults/res01511,res01511,Key Vault,Security,Operations,westeurope,Usage,202.7169,100 Hours,1.8463,USD
2026-06-15,00000000-0000-0000-0000-000000000005,sub-data-dev,rg-shared-hub-002,/subscriptions/00000000-0000-0000-0000-000000000005/resourceGroups/rg-shared-hub-002/providers/Microsoft.Network/loadBalancers/res01128,res01128,Load Balancer,Networking,Data Processed,francecentral,Usage,72.741,1M Operations,5.8632,USD
2026-06-15,00000000-0000-0000-0000-000000000003,sub-platform-test,rg-compute-test-004,/subscriptions/00000000-0000-0000-0000-000000000003/resourceGroups/rg-compute-test-004/providers/Microsoft.Web/sites/res00111,res00111,Azure Functions,Compute,Total Executions,westeurope,Usage,150.1218,100 Hours,4.6356,USD
2026-06-15,00000000-0000-0000-0000-000000000003,sub-platform-test,rg-identity-hub-001,/subscriptions/00000000-0000-0000-0000-000000000003/resourceGroups/rg-identity-hub-001/providers/Microsoft.DocumentDB/databaseAccounts/res00118,res00118,Azure Cosmos DB,Databases,Storage,northeurope,Usage,191.9301,1M Operations,71.4109,USD
2026-06-15,00000000-0000-0000-0000-000000000001,sub-platform-prod,rg-app-dev-004,/subscriptions/00000000-0000-0000-0000-000000000001/resourceGroups/rg-app-dev-004/providers/Microsoft.Storage/storageAccounts/res00935,res00935,Storage,Storage,Standard Page Blob,global,Usage,196.8559,1 Unit,63.3979,USD
2026-06-15,00000000-0000-0000-0000-000000000002,sub-platform-dev,rg-backup-hub-003,/subscriptions/00000000-0000-0000-0000-000000000002/resourceGroups/rg-backup-hub-003/providers/Microsoft.Insights/components/res01877,res01877,Azure Monitor,Management and Governance,Metrics,germanywestcentral,Usage,56.4373,1 GB/Month,5.7903,USD
2026-06-15,00000000-0000-0000-0000-000000000009,sub-apps-corp,rg-backup-dev-001,/subscriptions/00000000-0000-0000-0000-000000000009/resourceGroups/rg-backup-dev-001/providers/Microsoft.Network/ddosProtectionPlans/res00048,res00048,Azure DDoS Protection,Networking,Protection Plan,westeurope,Usage,80.133,1 GB/Month,66.6288,USD
2026-06-15,00000000-0000-0000-0000-000000000008,sub-apps-online,rg-data-hub-002,/subscriptions/00000000-0000-0000-0000-000000000008/resourceGroups/rg-data-hub-002/providers/Microsoft.Network/applicationGateways/res00619,res00619,Application Gateway,Networking,Capacity Unit,francecentral,Usage,166.9834,1M Operations,34.8484,USD
2026-06-15,00000000-0000-0000-0000-000000000006,sub-network-hub,rg-shared-test-004,/subscriptions/00000000-0000-0000-0000-000000000006/resourceGroups/rg-shared-test-004/providers/Microsoft.ServiceBus/namespaces/res00257,res00257,Service Bus,Integration,Premium Messaging Unit,germanywestcentral,Usage,225.5862,100 Hours,4.0004,USD
2026-06-15,00000000-0000-0000-0000-000000000007,sub-network-spoke,rg-monitoring-test-004,/subscriptions/00000000-0000-0000-0000-000000000007/resourceGroups/rg-monitoring-test-004/providers/Microsoft.Network/applicationGateways/res00666,res00666,Application Gateway,Networking,WAF v2 Fixed,swedencentral,Usage,154.2021,1 GB/Month,19.5644,USD
2026-06-15,00000000-0000-0000-0000-000000000009,sub-apps-corp,rg-data-prod-003,/subscriptions/00000000-0000-0000-0000-000000000009/resourceGroups/rg-data-prod-003/providers/Microsoft.Network/bandwidth/res00137,res00137,Bandwidth,Networking,Inter-Region,northeurope,Usage,219.4853,1 Unit,13.4992,USD
2026-06-15,00000000-0000-0000-0000-000000000002,sub-platform-dev,rg-shared-corp-003,/subscriptions/00000000-0000-0000-0000-000000000002/resourceGroups/rg-shared-corp-003/providers/Microsoft.EventHub/namespaces/res00033,res00033,Event Hubs,Analytics,Capture,francecentral,Usage,171.4405,1 Hour,19.1461,USD
2026-06-15,00000000-0000-0000-0000-000000000006,sub-network-hub,rg-network-prod-002,/subscriptions/00000000-0000-0000-0000-000000000006/resourceGroups/rg-network-prod-002/providers/Microsoft.Insights/components/res01258,res01258,Azure Monitor,Management and Governance,Alerts,germanywestcentral,Usage,160.229,1 Unit,17.7164,USD
2026-06-15,00000000-0000-0000-0000-000000000004,sub-data-prod,rg-shared-corp-004,/subscriptions/00000000-0000-0000-0000-000000000004/resourceGroups/rg-shared-corp-004/providers/Microsoft.KeyVault/vaults/res01359,res01359,Key Vault,Security,Operations,uksouth,Usage,192.167,1 GB/Month,3.201,USD
2026-06-15,00000000-0000-0000-0000-000000000002,sub-platform-dev,rg-shared-hub-002,/subscriptions/00000000-0000-0000-0000-000000000002/resourceGroups/rg-shared-hub-002/providers/Microsoft.Sql/servers/databases/res00568,res00568,Azure SQL Database,Databases,Business Critical,northeurope,Usage,149.0655,1 GB/Month,5.1179,USD
2026-06-15,00000000-0000-0000-0000-000000000001,sub-platform-prod,rg-compute-dev-003,/subscriptions/00000000-0000-0000-0000-000000000001/resourceGroups/rg-compute-dev-003/providers/Microsoft.Web/sites/res01560,res01560,Azure App Service,Compute,S1,northeurope,Usage,145.0694,1 Hour,6.7862,USD
2026-06-15,00000000-0000-0000-0000-000000000003,sub-platform-test,rg-network-test-002,/subscriptions/00000000-0000-0000-0000-000000000003/resourceGroups/rg-network-test-002/providers/Microsoft.Sql/managedInstances/res01461,res01461,Azure SQL Managed Instance,Databases,vCore BC,westeurope,Usage,146.2082,10 GB,114.1319,USD
2026-06-15,00000000-0000-0000-0000-000000000007,sub-network-spoke,rg-shared-hub-003,/subscriptions/00000000-0000-0000-0000-000000000007/resourceGroups/rg-shared-hub-003/providers/Microsoft.Network/azureFirewalls/res00738,res00738,Azure Firewall,Networking,Deployment Hours,northeurope,Usage,198.8519,1 Hour,21.2869,USD
2026-06-15,00000000-0000-0000-0000-000000000011,sub-management,rg-network-dev-004,/subscriptions/00000000-0000-0000-0000-000000000011/resourceGroups/rg-network-dev-004/providers/Microsoft.Network/azureFirewalls/res01137,res01137,Azure Firewall,Networking,Data Processed,germanywestcentral,Usage,207.655,10 GB,37.955,USD
2026-06-15,00000000-0000-0000-0000-000000000001,sub-platform-prod,rg-compute-dev-001,/subscriptions/00000000-0000-0000-0000-000000000001/resourceGroups/rg-compute-dev-001/providers/Microsoft.Network/azureFirewalls/res01041,res01041,Azure Firewall,Networking,Deployment Hours,global,Usage,166.3796,1 GB/Month,35.8257,USD
2026-06-15,00000000-0000-0000-0000-000000000009,sub-apps-corp,rg-shared-hub-003,/subscriptions/00000000-0000-0000-0000-000000000009/resourceGroups/rg-shared-hub-003/providers/Microsoft.Network/ddosProtectionPlans/res01524,res01524,Azure DDoS Protection,Networking,Data Processed,westeurope,Usage,50.8386,100 Hours,36.8092,USD
2026-06-15,00000000-0000-0000-0000-000000000010,sub-identity,rg-monitoring-hub-004,/subscriptions/00000000-0000-0000-0000-000000000010/resourceGroups/rg-monitoring-hub-004/providers/Microsoft.ContainerRegistry/registries/res00920,res00920,Container Registry,Containers,Storage,francecentral,Usage,42.7239,1 Unit,15.2101,USD
2026-06-15,00000000-0000-0000-0000-000000000001,sub-platform-prod,rg-data-dev-003,/subscriptions/00000000-0000-0000-0000-000000000001/resourceGroups/rg-data-dev-003/providers/Microsoft.Network/virtualNetworks/res01198,res01198,Virtual Network,Networking,Data Transfer Out,francecentral,Usage,33.8418,1 GB/Month,3.138,USD
2026-06-15,00000000-0000-0000-0000-000000000011,sub-management,rg-network-test-004,/subscriptions/00000000-0000-0000-0000-000000000011/resourceGroups/rg-network-test-004/providers/Microsoft.Network/ddosProtectionPlans/res01129,res01129,Azure DDoS Protection,Networking,Data Processed,global,Usage,83.7301,1 Hour,45.1284,USD
2026-06-15,00000000-0000-0000-0000-000000000005,sub-data-dev,rg-monitoring-corp-003,/subscriptions/00000000-0000-0000-0000-000000000005/resourceGroups/rg-monitoring-corp-003/providers/Microsoft.KeyVault/vaults/res01526,res01526,Key Vault,Security,Operations,francecentral,Usage,53.5101,100 Hours,6.0608,USD
2026-06-15,00000000-0000-0000-0000-000000000001,sub-platform-prod,rg-data-corp-001,/subscriptions/00000000-0000-0000-0000-000000000001/resourceGroups/rg-data-corp-001/providers/Microsoft.Databricks/workspaces/res01532,res01532,Azure Databricks,Analytics,Jobs Compute DBU,northeurope,Usage,219.5344,1 GB,23.5619,USD
2026-06-15,00000000-0000-0000-0000-000000000002,sub-platform-dev,rg-monitoring-test-004,/subscriptions/00000000-0000-0000-0000-000000000002/resourceGroups/rg-monitoring-test-004/providers/Microsoft.Insights/components/res01281,res01281,Azure Monitor,Management and Governance,Metrics,germanywestcentral,Usage,33.1576,1 GB/Month,13.1435,USD
2026-06-15,00000000-0000-0000-0000-000000000009,sub-apps-corp,rg-backup-prod-002,/subscriptions/00000000-0000-0000-0000-000000000009/resourceGroups/rg-backup-prod-002/providers/Microsoft.Network/bandwidth/res01390,res01390,Bandwidth,Networking,Inter-Region,northeurope,Usage,193.6427,1 Unit,5.8463,USD
2026-06-15,00000000-0000-0000-0000-000000000001,sub-platform-prod,rg-monitoring-prod-003,/subscriptions/00000000-0000-0000-0000-000000000001/resourceGroups/rg-monitoring-prod-003/providers/Microsoft.Network/loadBalancers/res01714,res01714,Load Balancer,Networking,Standard Rules,germanywestcentral,Usage,29.2412,1 GB,10.2247,USD
2026-06-15,00000000-0000-0000-0000-000000000002,sub-platform-dev,rg-shared-hub-002,/subscriptions/00000000-0000-0000-0000-000000000002/resourceGroups/rg-shared-hub-002/providers/Microsoft.Security/pricings/res00451,res00451,Microsoft Defender for Cloud,Security,Defender for SQL,francecentral,Usage,60.384,10 GB,11.6716,USD
2026-06-15,00000000-0000-0000-0000-000000000011,sub-management,rg-monitoring-dev-001,/subscriptions/00000000-0000-0000-0000-000000000011/resourceGroups/rg-monitoring-dev-001/providers/Microsoft.Insights/components/res00751,res00751,Azure Monitor,Management and Governance,Metrics,swedencentral,Usage,127.3402,1 Unit,15.9535,USD
2026-06-15,00000000-0000-0000-0000-000000000012,sub-sandbox,rg-network-test-001,/subscriptions/00000000-0000-0000-0000-000000000012/resourceGroups/rg-network-test-001/providers/Microsoft.Network/azureFirewalls/res00312,res00312,Azure Firewall,Networking,Data Processed,uksouth,Usage,108.5296,1M Operations,45.8082,USD
2026-06-15,00000000-0000-0000-0000-000000000008,sub-apps-online,rg-data-hub-002,/subscriptions/00000000-0000-0000-0000-000000000008/resourceGroups/rg-data-hub-002/providers/Microsoft.Web/sites/res01335,res01335,Azure Functions,Compute,Total Executions,westeurope,Usage,100.328,1 Unit,10.5902,USD
2026-06-15,00000000-0000-0000-0000-000000000010,sub-identity,rg-monitoring-dev-002,/subscriptions/00000000-0000-0000-0000-000000000010/resourceGroups/rg-monitoring-dev-002/providers/Microsoft.Insights/components/res00258,res00258,Azure Monitor,Management and Governance,Alerts,swedencentral,Usage,115.732,1 GB/Month,3.1242,USD
2026-06-15,00000000-0000-0000-0000-000000000012,sub-sandbox,rg-security-prod-003,/subscriptions/00000000-0000-0000-0000-000000000012/resourceGroups/rg-security-prod-003/providers/Microsoft.Network/applicationGateways/res00321,res00321,Application Gateway,Networking,Capacity Unit,swedencentral,Usage,119.8891,10 GB,39.9943,USD
2026-06-15,00000000-0000-0000-0000-000000000006,sub-network-hub,rg-security-corp-002,/subscriptions/00000000-0000-0000-0000-000000000006/resourceGroups/rg-security-corp-002/providers/Microsoft.Web/sites/res00058,res00058,Azure Functions,Compute,Execution Time,swedencentral,Usage,157.6762,10 GB,8.942,USD
2026-06-15,00000000-0000-0000-0000-000000000001,sub-platform-prod,rg-security-hub-001,/subscriptions/00000000-0000-0000-0000-000000000001/resourceGroups/rg-security-hub-001/providers/Microsoft.RecoveryServices/vaults/res01733,res01733,Azure Backup,Storage,Protected Instances,swedencentral,Usage,44.2165,100 Hours,7.8224,USD
2026-06-15,00000000-0000-0000-0000-000000000005,sub-data-dev,rg-identity-dev-003,/subscriptions/00000000-0000-0000-0000-000000000005/resourceGroups/rg-identity-dev-003/providers/Microsoft.Network/ddosProtectionPlans/res01550,res01550,Azure DDoS Protection,Networking,Data Processed,northeurope,Usage,55.036,1 Hour,39.5644,USD
2026-06-15,00000000-0000-0000-0000-000000000008,sub-apps-online,rg-monitoring-test-002,/subscriptions/00000000-0000-0000-0000-000000000008/resourceGroups/rg-monitoring-test-002/providers/Microsoft.Network/bandwidth/res01594,res01594,Bandwidth,Networking,Inter-Region,germanywestcentral,Usage,56.3828,10 GB,30.0582,USD
2026-06-15,00000000-0000-0000-0000-000000000008,sub-apps-online,rg-security-hub-002,/subscriptions/00000000-0000-0000-0000-000000000008/resourceGroups/rg-security-hub-002/providers/Microsoft.OperationalInsights/workspaces/res01168,res01168,Log Analytics,Management and Governance,Data Ingestion,uksouth,Usage,29.0314,1 GB,71.029,USD
2026-06-15,00000000-0000-0000-0000-000000000004,sub-data-prod,rg-data-hub-003,/subscriptions/00000000-0000-0000-0000-000000000004/resourceGroups/rg-data-hub-003/providers/Microsoft.Network/azureFirewalls/res01244,res01244,Azure Firewall,Networking,Data Processed,uksouth,Usage,4.236,10 GB,34.5857,USD
2026-06-15,00000000-0000-0000-0000-000000000004,sub-data-prod,rg-app-hub-003,/subscriptions/00000000-0000-0000-0000-000000000004/resourceGroups/rg-app-hub-003/providers/Microsoft.Sql/managedInstances/res00881,res00881,Azure SQL Managed Instance,Databases,vCore GP,westeurope,Usage,164.0388,1 GB,141.3636,USD
2026-06-15,00000000-0000-0000-0000-000000000010,sub-identity,rg-app-dev-002,/subscriptions/00000000-0000-0000-0000-000000000010/resourceGroups/rg-app-dev-002/providers/Microsoft.Network/bandwidth/res00340,res00340,Bandwidth,Networking,Inter-Region,francecentral,Usage,151.8065,1 Hour,2.3397,USD
2026-06-15,00000000-0000-0000-0000-000000000009,sub-apps-corp,rg-app-prod-004,/subscriptions/00000000-0000-0000-0000-000000000009/resourceGroups/rg-app-prod-004/providers/Microsoft.Network/virtualNetworks/res01907,res01907,Virtual Network,Networking,Private Endpoint,swedencentral,Usage,195.1515,1M Operations,5.5565,USD
2026-06-15,00000000-0000-0000-0000-000000000011,sub-management,rg-monitoring-test-002,/subscriptions/00000000-0000-0000-0000-000000000011/resourceGroups/rg-monitoring-test-002/providers/Microsoft.OperationalInsights/workspaces/res01127,res01127,Log Analytics,Management and Governance,Data Ingestion,swedencentral,Usage,209.7459,1 Unit,55.842,USD
2026-06-15,00000000-0000-0000-0000-000000000003,sub-platform-test,rg-compute-corp-002,/subscriptions/00000000-0000-0000-0000-000000000003/resourceGroups/rg-compute-corp-002/providers/Microsoft.Sql/servers/databases/res01119,res01119,Azure SQL Database,Databases,General Purpose,germanywestcentral,Usage,199.7146,1 GB/Month,85.0196,USD
2026-06-15,00000000-0000-0000-0000-000000000007,sub-network-spoke,rg-app-dev-001,/subscriptions/00000000-0000-0000-0000-000000000007/resourceGroups/rg-app-dev-001/providers/Microsoft.ServiceBus/namespaces/res00239,res00239,Service Bus,Integration,Operations,swedencentral,Usage,89.1571,1 GB,3.1974,USD
2026-06-15,00000000-0000-0000-0000-000000000002,sub-platform-dev,rg-compute-test-003,/subscriptions/00000000-0000-0000-0000-000000000002/resourceGroups/rg-compute-test-003/providers/Microsoft.KeyVault/vaults/res00389,res00389,Key Vault,Security,HSM Protected Keys,northeurope,Usage,139.2585,1 GB,2.7199,USD
2026-06-15,00000000-0000-0000-0000-000000000007,sub-network-spoke,rg-monitoring-test-004,/subscriptions/00000000-0000-0000-0000-000000000007/resourceGroups/rg-monitoring-test-004/providers/Microsoft.Network/ddosProtectionPlans/res01146,res01146,Azure DDoS Protection,Networking,Data Processed,swedencentral,Usage,159.0796,100 Hours,39.4694,USD
2026-06-15,00000000-0000-0000-0000-000000000011,sub-management,rg-identity-prod-004,/subscriptions/00000000-0000-0000-0000-000000000011/resourceGroups/rg-identity-prod-004/providers/Microsoft.RecoveryServices/vaults/res01052,res01052,Azure Backup,Storage,Backup Storage LRS,global,Usage,143.5334,1M Operations,28.1366,USD
2026-06-15,00000000-0000-0000-0000-000000000005,sub-data-dev,rg-data-prod-004,/subscriptions/00000000-0000-0000-0000-000000000005/resourceGroups/rg-data-prod-004/providers/Microsoft.Databricks/workspaces/res00883,res00883,Azure Databricks,Analytics,Standard DBU,northeurope,Usage,216.4708,1 GB/Month,54.3662,USD
2026-06-15,00000000-0000-0000-0000-000000000011,sub-management,rg-monitoring-dev-003,/subscriptions/00000000-0000-0000-0000-000000000011/resourceGroups/rg-monitoring-dev-003/providers/Microsoft.Network/azureFirewalls/res01534,res01534,Azure Firewall,Networking,Deployment Hours,northeurope,Usage,215.5086,10 GB,53.4235,USD
2026-06-15,00000000-0000-0000-0000-000000000008,sub-apps-online,rg-identity-test-003,/subscriptions/00000000-0000-0000-0000-000000000008/resourceGroups/rg-identity-test-003/providers/Microsoft.Storage/storageAccounts/res01918,res01918,Storage,Storage,Standard Page Blob,germanywestcentral,Usage,8.758,1 GB/Month,10.1443,USD
2026-06-15,00000000-0000-0000-0000-000000000004,sub-data-prod,rg-shared-prod-002,/subscriptions/00000000-0000-0000-0000-000000000004/resourceGroups/rg-shared-prod-002/providers/Microsoft.Compute/virtualMachines/res01091,res01091,Virtual Machines,Compute,Standard_E4s_v5,global,Usage,174.9665,100 Hours,88.1416,USD
2026-06-15,00000000-0000-0000-0000-000000000009,sub-apps-corp,rg-compute-prod-001,/subscriptions/00000000-0000-0000-0000-000000000009/resourceGroups/rg-compute-prod-001/providers/Microsoft.RecoveryServices/vaults/res00973,res00973,Azure Backup,Storage,Backup Storage LRS,global,Usage,69.7969,1M Operations,12.9336,USD
2026-06-15,00000000-0000-0000-0000-000000000006,sub-network-hub,rg-identity-corp-004,/subscriptions/00000000-0000-0000-0000-000000000006/resourceGroups/rg-identity-corp-004/providers/Microsoft.Network/virtualNetworks/res00262,res00262,Virtual Network,Networking,Data Transfer Out,westeurope,Usage,107.4965,1 GB/Month,2.6868,USD
2026-06-15,00000000-0000-0000-0000-000000000005,sub-data-dev,rg-identity-dev-002,/subscriptions/00000000-0000-0000-0000-000000000005/resourceGroups/rg-identity-dev-002/providers/Microsoft.Insights/components/res01061,res01061,Azure Monitor,Management and Governance,Metrics,westeurope,Usage,133.8988,1 Unit,25.2107,USD
2026-06-15,00000000-0000-0000-0000-000000000010,sub-identity,rg-identity-hub-004,/subscriptions/00000000-0000-0000-0000-000000000010/resourceGroups/rg-identity-hub-004/providers/Microsoft.Sql/managedInstances/res00090,res00090,Azure SQL Managed Instance,Databases,vCore GP,westeurope,Usage,32.3235,1 Hour,182.6897,USD
2026-06-15,00000000-0000-0000-0000-000000000003,sub-platform-test,rg-app-dev-001,/subscriptions/00000000-0000-0000-0000-000000000003/resourceGroups/rg-app-dev-001/providers/Microsoft.Databricks/workspaces/res00467,res00467,Azure Databricks,Analytics,Standard DBU,global,Usage,56.9482,1 Hour,69.2991,USD
2026-06-15,00000000-0000-0000-0000-000000000004,sub-data-prod,rg-app-prod-003,/subscriptions/00000000-0000-0000-0000-000000000004/resourceGroups/rg-app-prod-003/providers/Microsoft.ContainerRegistry/registries/res00265,res00265,Container Registry,Containers,Storage,northeurope,Usage,217.8532,1 Hour,21.9271,USD
2026-06-15,00000000-0000-0000-0000-000000000010,sub-identity,rg-monitoring-hub-001,/subscriptions/00000000-0000-0000-0000-000000000010/resourceGroups/rg-monitoring-hub-001/providers/Microsoft.EventHub/namespaces/res00303,res00303,Event Hubs,Analytics,Capture,northeurope,Usage,189.4045,1M Operations,16.8362,USD
2026-06-15,00000000-0000-0000-0000-000000000005,sub-data-dev,rg-security-corp-001,/subscriptions/00000000-0000-0000-0000-000000000005/resourceGroups/rg-security-corp-001/providers/Microsoft.OperationalInsights/workspaces/res01855,res01855,Log Analytics,Management and Governance,Basic Logs,global,Usage,22.8089,1 Hour,31.7387,USD
2026-06-15,00000000-0000-0000-0000-000000000005,sub-data-dev,rg-backup-corp-002,/subscriptions/00000000-0000-0000-0000-000000000005/resourceGroups/rg-backup-corp-002/providers/Microsoft.Storage/storageAccounts/res01883,res01883,Storage,Storage,Hot LRS,francecentral,Usage,69.7846,10 GB,77.0677,USD
2026-06-15,00000000-0000-0000-0000-000000000012,sub-sandbox,rg-backup-prod-002,/subscriptions/00000000-0000-0000-0000-000000000012/resourceGroups/rg-backup-prod-002/providers/Microsoft.Sql/managedInstances/res00047,res00047,Azure SQL Managed Instance,Databases,vCore BC,francecentral,Usage,94.4469,1M Operations,37.5893,USD
2026-06-15,00000000-0000-0000-0000-000000000011,sub-management,rg-shared-test-002,/subscriptions/00000000-0000-0000-0000-000000000011/resourceGroups/rg-shared-test-002/providers/Microsoft.Network/applicationGateways/res01188,res01188,Application Gateway,Networking,Capacity Unit,francecentral,Usage,189.9378,1M Operations,34.2609,USD
2026-06-15,00000000-0000-0000-0000-000000000009,sub-apps-corp,rg-monitoring-corp-003,/subscriptions/00000000-0000-0000-0000-000000000009/resourceGroups/rg-monitoring-corp-003/providers/Microsoft.Compute/virtualMachines/res01581,res01581,Virtual Machines,Compute,Standard_E4s_v5,francecentral,Usage,15.191,1 Hour,79.2209,USD
2026-06-15,00000000-0000-0000-0000-000000000011,sub-management,rg-backup-prod-002,/subscriptions/00000000-0000-0000-0000-000000000011/resourceGroups/rg-backup-prod-002/providers/Microsoft.Databricks/workspaces/res01523,res01523,Azure Databricks,Analytics,Premium DBU,francecentral,Usage,4.5461,1 GB,54.9938,USD
2026-06-15,00000000-0000-0000-0000-000000000005,sub-data-dev,rg-monitoring-prod-003,/subscriptions/00000000-0000-0000-0000-000000000005/resourceGroups/rg-monitoring-prod-003/providers/Microsoft.Databricks/workspaces/res00711,res00711,Azure Databricks,Analytics,Standard DBU,swedencentral,Usage,180.845,100 Hours,36.6064,USD
2026-06-15,00000000-0000-0000-0000-000000000002,sub-platform-dev,rg-network-hub-001,/subscriptions/00000000-0000-0000-0000-000000000002/resourceGroups/rg-network-hub-001/providers/Microsoft.DocumentDB/databaseAccounts/res00787,res00787,Azure Cosmos DB,Databases,Serverless,westeurope,Usage,4.8365,1 Unit,5.0353,USD
2026-06-15,00000000-0000-0000-0000-000000000002,sub-platform-dev,rg-reservations-001,/subscriptions/00000000-0000-0000-0000-000000000002/resourceGroups/rg-reservations-001/providers/Microsoft.Capacity/reservationOrders/res02011,reserved-02011,Reservations,Reservations,Standard_D4s_v5 Reserved,uksouth,Purchase,1,1 Unit,661.5875,USD
2026-06-15,00000000-0000-0000-0000-000000000010,sub-identity,rg-backup-test-003,/subscriptions/00000000-0000-0000-0000-000000000010/resourceGroups/rg-backup-test-003/providers/Microsoft.KeyVault/vaults/res01407,res01407,Key Vault,Security,Operations,westeurope,Usage,31.9459,100 Hours,7.442,USD
2026-06-15,00000000-0000-0000-0000-000000000006,sub-network-hub,rg-app-dev-001,/subscriptions/00000000-0000-0000-0000-000000000006/resourceGroups/rg-app-dev-001/providers/Microsoft.ServiceBus/namespaces/res00328,res00328,Service Bus,Integration,Premium Messaging Unit,global,Usage,24.0455,1 GB/Month,18.5951,USD
2026-06-15,00000000-0000-0000-0000-000000000002,sub-platform-dev,rg-security-corp-001,/subscriptions/00000000-0000-0000-0000-000000000002/resourceGroups/rg-security-corp-001/providers/Microsoft.ServiceBus/namespaces/res00191,res00191,Service Bus,Integration,Premium Messaging Unit,germanywestcentral,Usage,230.6215,100 Hours,6.1405,USD
2026-06-15,00000000-0000-0000-0000-000000000005,sub-data-dev,rg-backup-corp-004,/subscriptions/00000000-0000-0000-0000-000000000005/resourceGroups/rg-backup-corp-004/providers/Microsoft.ContainerService/managedClusters/res01451,res01451,Azure Kubernetes Service,Compute,Load Balancer,francecentral,Usage,180.3353,100 Hours,23.3192,USD
2026-06-15,00000000-0000-0000-0000-000000000002,sub-platform-dev,rg-network-dev-003,/subscriptions/00000000-0000-0000-0000-000000000002/resourceGroups/rg-network-dev-003/providers/Microsoft.Network/ddosProtectionPlans/res01682,res01682,Azure DDoS Protection,Networking,Protection Plan,global,Usage,130.7193,1 GB,59.9384,USD
2026-06-15,00000000-0000-0000-0000-000000000002,sub-platform-dev,rg-monitoring-prod-004,/subscriptions/00000000-0000-0000-0000-000000000002/resourceGroups/rg-monitoring-prod-004/providers/Microsoft.Network/bandwidth/res00147,res00147,Bandwidth,Networking,Inter-Region,uksouth,Usage,33.1301,10 GB,27.4607,USD
2026-06-15,00000000-0000-0000-0000-000000000007,sub-network-spoke,rg-data-prod-001,/subscriptions/00000000-0000-0000-0000-000000000007/resourceGroups/rg-data-prod-001/providers/Microsoft.Security/pricings/res00713,res00713,Microsoft Defender for Cloud,Security,Defender for Storage,northeurope,Usage,212.1088,1 Hour,18.8446,USD
2026-06-15,00000000-0000-0000-0000-000000000003,sub-platform-test,rg-shared-prod-001,/subscriptions/00000000-0000-0000-0000-000000000003/resourceGroups/rg-shared-prod-001/providers/Microsoft.Network/loadBalancers/res01226,res01226,Load Balancer,Networking,Standard Rules,swedencentral,Usage,175.8257,1 Hour,17.4421,USD
2026-06-15,00000000-0000-0000-0000-000000000012,sub-sandbox,rg-backup-corp-004,/subscriptions/00000000-0000-0000-0000-000000000012/resourceGroups/rg-backup-corp-004/providers/Microsoft.RecoveryServices/vaults/res00530,res00530,Azure Backup,Storage,Backup Storage LRS,swedencentral,Usage,69.351,100 Hours,18.3526,USD
2026-06-15,00000000-0000-0000-0000-000000000011,sub-management,rg-data-hub-004,/subscriptions/00000000-0000-0000-0000-000000000011/resourceGroups/rg-data-hub-004/providers/Microsoft.Network/bandwidth/res00377,res00377,Bandwidth,Networking,Data Transfer Out - Zone 1,northeurope,Usage,91.2567,100 Hours,18.372,USD
2026-06-15,00000000-0000-0000-0000-000000000007,sub-network-spoke,rg-compute-prod-002,/subscriptions/00000000-0000-0000-0000-000000000007/resourceGroups/rg-compute-prod-002/providers/Microsoft.OperationalInsights/workspaces/res01730,res01730,Log Analytics,Management and Governance,Data Retention,swedencentral,Usage,103.54,100 Hours,41.1,USD
2026-06-15,00000000-0000-0000-0000-000000000008,sub-apps-online,rg-shared-prod-004,/subscriptions/00000000-0000-0000-0000-000000000008/resourceGroups/rg-shared-prod-004/providers/Microsoft.Network/azureFirewalls/res00810,res00810,Azure Firewall,Networking,Data Processed,uksouth,Usage,161.567,10 GB,40.1144,USD
2026-06-15,00000000-0000-0000-0000-000000000012,sub-sandbox,rg-app-corp-002,/subscriptions/00000000-0000-0000-0000-000000000012/resourceGroups/rg-app-corp-002/providers/Microsoft.Network/applicationGateways/res01357,res01357,Application Gateway,Networking,WAF v2 Fixed,germanywestcentral,Usage,76.2979,1 Hour,23.8292,USD
2026-06-15,00000000-0000-0000-0000-000000000012,sub-sandbox,rg-identity-corp-003,/subscriptions/00000000-0000-0000-0000-000000000012/resourceGroups/rg-identity-corp-003/providers/Microsoft.RecoveryServices/vaults/res00162,res00162,Azure Backup,Storage,Backup Storage LRS,global,Usage,212.9459,1 Unit,11.0735,USD
2026-06-15,00000000-0000-0000-0000-000000000008,sub-apps-online,rg-data-hub-001,/subscriptions/00000000-0000-0000-0000-000000000008/resourceGroups/rg-data-hub-001/providers/Microsoft.Insights/components/res00858,res00858,Azure Monitor,Management and Governance,Application Insights,westeurope,Usage,175.337,100 Hours,16.5203,USD
2026-06-15,00000000-0000-0000-0000-000000000007,sub-network-spoke,rg-network-prod-001,/subscriptions/00000000-0000-0000-0000-000000000007/resourceGroups/rg-network-prod-001/providers/Microsoft.Web/sites/res01005,res01005,Azure Functions,Compute,Total Executions,uksouth,Usage,49.9354,100 Hours,6.6664,USD
2026-06-15,00000000-0000-0000-0000-000000000002,sub-platform-dev,rg-identity-dev-004,/subscriptions/00000000-0000-0000-0000-000000000002/resourceGroups/rg-identity-dev-004/providers/Microsoft.EventHub/namespaces/res01457,res01457,Event Hubs,Analytics,Throughput Unit,global,Usage,225.7165,1 Unit,17.8243,USD
2026-06-15,00000000-0000-0000-0000-000000000011,sub-management,rg-network-dev-002,/subscriptions/00000000-0000-0000-0000-000000000011/resourceGroups/rg-network-dev-002/providers/Microsoft.Network/virtualNetworks/res00415,res00415,Virtual Network,Networking,Data Transfer Out,global,Usage,211.4314,1 GB/Month,4.1284,USD
2026-06-15,00000000-0000-0000-0000-000000000007,sub-network-spoke,rg-backup-corp-001,/subscriptions/00000000-0000-0000-0000-000000000007/resourceGroups/rg-backup-corp-001/providers/Microsoft.Network/loadBalancers/res01293,res01293,Load Balancer,Networking,Data Processed,swedencentral,Usage,19.8542,100 Hours,17.4307,USD
2026-06-15,00000000-0000-0000-0000-000000000006,sub-network-hub,rg-shared-dev-004,/subscriptions/00000000-0000-0000-0000-000000000006/resourceGroups/rg-shared-dev-004/providers/Microsoft.RecoveryServices/vaults/res00532,res00532,Azure Backup,Storage,Backup Storage LRS,swedencentral,Usage,88.6254,1M Operations,2.5978,USD
2026-06-15,00000000-0000-0000-0000-000000000004,sub-data-prod,rg-identity-corp-004,/subscriptions/00000000-0000-0000-0000-000000000004/resourceGroups/rg-identity-corp-004/providers/Microsoft.Network/bandwidth/res01819,res01819,Bandwidth,Networking,Data Transfer Out - Zone 1,francecentral,Usage,19.4298,1 GB,22.006,USD
2026-06-15,00000000-0000-0000-0000-000000000004,sub-data-prod,rg-identity-corp-003,/subscriptions/00000000-0000-0000-0000-000000000004/resourceGroups/rg-identity-corp-003/providers/Microsoft.Network/ddosProtectionPlans/res01023,res01023,Azure DDoS Protection,Networking,Data Processed,uksouth,Usage,80.122,1 Hour,52.2172,USD
2026-06-15,00000000-0000-0000-0000-000000000003,sub-platform-test,rg-network-prod-003,/subscriptions/00000000-0000-0000-0000-000000000003/resourceGroups/rg-network-prod-003/providers/Microsoft.ContainerRegistry/registries/res00051,res00051,Container Registry,Containers,Build Minutes,westeurope,Usage,212.9375,1M Operations,4.9345,USD
2026-06-15,00000000-0000-0000-0000-000000000007,sub-network-spoke,rg-compute-corp-004,/subscriptions/00000000-0000-0000-0000-000000000007/resourceGroups/rg-compute-corp-004/providers/Microsoft.Security/pricings/res00212,res00212,Microsoft Defender for Cloud,Security,Defender for Storage,francecentral,Usage,158.7735,10 GB,10.3972,USD
2026-06-15,00000000-0000-0000-0000-000000000001,sub-platform-prod,rg-backup-prod-004,/subscriptions/00000000-0000-0000-0000-000000000001/resourceGroups/rg-backup-prod-004/providers/Microsoft.Security/pricings/res01224,res01224,Microsoft Defender for Cloud,Security,Defender for SQL,westeurope,Usage,124.9853,1M Operations,3.833,USD
2026-06-15,00000000-0000-0000-0000-000000000012,sub-sandbox,rg-compute-prod-001,/subscriptions/00000000-0000-0000-0000-000000000012/resourceGroups/rg-compute-prod-001/providers/Microsoft.DocumentDB/databaseAccounts/res01394,res01394,Azure Cosmos DB,Databases,RU/s Provisioned,swedencentral,Usage,152.6237,10 GB,57.8902,USD
2026-06-15,00000000-0000-0000-0000-000000000008,sub-apps-online,rg-app-test-001,/subscriptions/00000000-0000-0000-0000-000000000008/resourceGroups/rg-app-test-001/providers/Microsoft.RecoveryServices/vaults/res01553,res01553,Azure Backup,Storage,Protected Instances,northeurope,Usage,224.323,100 Hours,39.0908,USD
2026-06-15,00000000-0000-0000-0000-000000000010,sub-identity,rg-backup-test-003,/subscriptions/00000000-0000-0000-0000-000000000010/resourceGroups/rg-backup-test-003/providers/Microsoft.DocumentDB/databaseAccounts/res01234,res01234,Azure Cosmos DB,Databases,Serverless,westeurope,Usage,139.0715,100 Hours,29.012,USD
2026-06-15,00000000-0000-0000-0000-000000000007,sub-network-spoke,rg-compute-dev-002,/subscriptions/00000000-0000-0000-0000-000000000007/resourceGroups/rg-compute-dev-002/providers/Microsoft.ContainerRegistry/registries/res01257,res01257,Container Registry,Containers,Build Minutes,global,Usage,133.0905,1M Operations,4.556,USD
2026-06-15,00000000-0000-0000-0000-000000000001,sub-platform-prod,rg-data-prod-003,/subscriptions/00000000-0000-0000-0000-000000000001/resourceGroups/rg-data-prod-003/providers/Microsoft.Databricks/workspaces/res00199,res00199,Azure Databricks,Analytics,Jobs Compute DBU,westeurope,Usage,60.2254,1 Hour,76.1284,USD
2026-06-15,00000000-0000-0000-0000-000000000005,sub-data-dev,rg-monitoring-dev-003,/subscriptions/00000000-0000-0000-0000-000000000005/resourceGroups/rg-monitoring-dev-003/providers/Microsoft.Storage/storageAccounts/res00996,res00996,Storage,Storage,General Block Blob,germanywestcentral,Usage,203.42,1 Hour,85.1393,USD
2026-06-15,00000000-0000-0000-0000-000000000003,sub-platform-test,rg-monitoring-hub-004,/subscriptions/00000000-0000-0000-0000-000000000003/resourceGroups/rg-monitoring-hub-004/providers/Microsoft.Sql/managedInstances/res01174,res01174,Azure SQL Managed Instance,Databases,vCore BC,uksouth,Usage,173.183,1 Unit,108.4205,USD
2026-06-15,00000000-0000-0000-0000-000000000004,sub-data-prod,rg-monitoring-hub-002,/subscriptions/00000000-0000-0000-0000-000000000004/resourceGroups/rg-monitoring-hub-002/providers/Microsoft.ContainerRegistry/registries/res00488,res00488,Container Registry,Containers,Build Minutes,uksouth,Usage,212.3994,1 GB/Month,9.8555,USD
2026-06-15,00000000-0000-0000-0000-000000000009,sub-apps-corp,rg-compute-dev-004,/subscriptions/00000000-0000-0000-0000-000000000009/resourceGroups/rg-compute-dev-004/providers/Microsoft.Insights/components/res01981,res01981,Azure Monitor,Management and Governance,Application Insights,germanywestcentral,Usage,125.3829,100 Hours,15.0116,USD
2026-06-15,00000000-0000-0000-0000-000000000009,sub-apps-corp,rg-compute-test-002,/subscriptions/00000000-0000-0000-0000-000000000009/resourceGroups/rg-compute-test-002/providers/Microsoft.ContainerService/managedClusters/res01429,res01429,Azure Kubernetes Service,Compute,Uptime SLA,northeurope,Usage,20.4102,1 Hour,71.5243,USD
2026-06-15,00000000-0000-0000-0000-000000000002,sub-platform-dev,rg-identity-corp-004,/subscriptions/00000000-0000-0000-0000-000000000002/resourceGroups/rg-identity-corp-004/providers/Microsoft.Network/virtualNetworks/res00178,res00178,Virtual Network,Networking,Data Transfer Out,uksouth,Usage,119.7818,1 Unit,5.1538,USD
2026-06-15,00000000-0000-0000-0000-000000000006,sub-network-hub,rg-data-dev-004,/subscriptions/00000000-0000-0000-0000-000000000006/resourceGroups/rg-data-dev-004/providers/Microsoft.Security/pricings/res01392,res01392,Microsoft Defender for Cloud,Security,Defender for Servers P2,northeurope,Usage,92.8303,1 Unit,38.0011,USD
2026-06-15,00000000-0000-0000-0000-000000000011,sub-management,rg-network-hub-001,/subscriptions/00000000-0000-0000-0000-000000000011/resourceGroups/rg-network-hub-001/providers/Microsoft.Web/sites/res00799,res00799,Azure Functions,Compute,Total Executions,northeurope,Usage,127.9469,100 Hours,10.9874,USD
2026-06-15,00000000-0000-0000-0000-000000000001,sub-platform-prod,rg-app-hub-001,/subscriptions/00000000-0000-0000-0000-000000000001/resourceGroups/rg-app-hub-001/providers/Microsoft.Network/loadBalancers/res01968,res01968,Load Balancer,Networking,Standard Rules,uksouth,Usage,42.1073,100 Hours,5.8114,USD
2026-06-15,00000000-0000-0000-0000-000000000001,sub-platform-prod,rg-network-test-002,/subscriptions/00000000-0000-0000-0000-000000000001/resourceGroups/rg-network-test-002/providers/Microsoft.Network/ddosProtectionPlans/res01377,res01377,Azure DDoS Protection,Networking,Protection Plan,francecentral,Usage,237.9956,1 Hour,39.4635,USD
2026-06-15,00000000-0000-0000-0000-000000000012,sub-sandbox,rg-monitoring-hub-004,/subscriptions/00000000-0000-0000-0000-000000000012/resourceGroups/rg-monitoring-hub-004/providers/Microsoft.ContainerRegistry/registries/res00202,res00202,Container Registry,Containers,Build Minutes,swedencentral,Usage,11.158,1 Unit,12.6526,USD
2026-06-15,00000000-0000-0000-0000-000000000008,sub-apps-online,rg-data-test-001,/subscriptions/00000000-0000-0000-0000-000000000008/resourceGroups/rg-data-test-001/providers/Microsoft.ContainerRegistry/registries/res01113,res01113,Container Registry,Containers,Build Minutes,northeurope,Usage,223.491,1 GB,10.5495,USD
2026-06-15,00000000-0000-0000-0000-000000000009,sub-apps-corp,rg-data-dev-002,/subscriptions/00000000-0000-0000-0000-000000000009/resourceGroups/rg-data-dev-002/providers/Microsoft.Network/loadBalancers/res00867,res00867,Load Balancer,Networking,Standard Rules,northeurope,Usage,11.4903,1 Unit,6.0599,USD
2026-06-15,00000000-0000-0000-0000-000000000010,sub-identity,rg-monitoring-prod-003,/subscriptions/00000000-0000-0000-0000-000000000010/resourceGroups/rg-monitoring-prod-003/providers/Microsoft.OperationalInsights/workspaces/res01798,res01798,Log Analytics,Management and Governance,Data Ingestion,francecentral,Usage,123.0425,100 Hours,107.8873,USD
2026-06-15,00000000-0000-0000-0000-000000000001,sub-platform-prod,rg-network-dev-002,/subscriptions/00000000-0000-0000-0000-000000000001/resourceGroups/rg-network-dev-002/providers/Microsoft.Sql/servers/databases/res00420,res00420,Azure SQL Database,Databases,General Purpose,westeurope,Usage,68.7813,1M Operations,121.6677,USD
2026-06-15,00000000-0000-0000-0000-000000000004,sub-data-prod,rg-compute-corp-001,/subscriptions/00000000-0000-0000-0000-000000000004/resourceGroups/rg-compute-corp-001/providers/Microsoft.Web/sites/res01153,res01153,Azure Functions,Compute,Execution Time,germanywestcentral,Usage,76.9946,10 GB,2.1448,USD
2026-06-15,00000000-0000-0000-0000-000000000010,sub-identity,rg-compute-prod-003,/subscriptions/00000000-0000-0000-0000-000000000010/resourceGroups/rg-compute-prod-003/providers/Microsoft.Insights/components/res01627,res01627,Azure Monitor,Management and Governance,Application Insights,swedencentral,Usage,166.9062,1M Operations,25.9694,USD
2026-06-15,00000000-0000-0000-0000-000000000012,sub-sandbox,rg-monitoring-test-002,/subscriptions/00000000-0000-0000-0000-000000000012/resourceGroups/rg-monitoring-test-002/providers/Microsoft.Network/applicationGateways/res01016,res01016,Application Gateway,Networking,WAF v2 Fixed,swedencentral,Usage,101.5825,10 GB,9.0863,USD
2026-06-15,00000000-0000-0000-0000-000000000006,sub-network-hub,rg-security-corp-004,/subscriptions/00000000-0000-0000-0000-000000000006/resourceGroups/rg-security-corp-004/providers/Microsoft.Web/sites/res00683,res00683,Azure App Service,Compute,S1,westeurope,Usage,160.7913,1 GB,40.6308,USD
2026-06-15,00000000-0000-0000-0000-000000000010,sub-identity,rg-monitoring-corp-003,/subscriptions/00000000-0000-0000-0000-000000000010/resourceGroups/rg-monitoring-corp-003/providers/Microsoft.RecoveryServices/vaults/res01602,res01602,Azure Backup,Storage,Backup Storage LRS,germanywestcentral,Usage,1.981,1 GB/Month,37.7027,USD
2026-06-15,00000000-0000-0000-0000-000000000004,sub-data-prod,rg-shared-dev-003,/subscriptions/00000000-0000-0000-0000-000000000004/resourceGroups/rg-shared-dev-003/providers/Microsoft.Security/pricings/res00948,res00948,Microsoft Defender for Cloud,Security,Defender for SQL,northeurope,Usage,117.1944,10 GB,22.4428,USD
2026-06-15,00000000-0000-0000-0000-000000000011,sub-management,rg-compute-prod-001,/subscriptions/00000000-0000-0000-0000-000000000011/resourceGroups/rg-compute-prod-001/providers/Microsoft.RecoveryServices/vaults/res01177,res01177,Azure Backup,Storage,Backup Storage LRS,francecentral,Usage,121.487,1 Unit,5.2282,USD
2026-06-15,00000000-0000-0000-0000-000000000007,sub-network-spoke,rg-shared-dev-003,/subscriptions/00000000-0000-0000-0000-000000000007/resourceGroups/rg-shared-dev-003/providers/Microsoft.ContainerService/managedClusters/res01215,res01215,Azure Kubernetes Service,Compute,Load Balancer,francecentral,Usage,149.8242,100 Hours,26.632,USD
2026-06-15,00000000-0000-0000-0000-000000000011,sub-management,rg-app-prod-003,/subscriptions/00000000-0000-0000-0000-000000000011/resourceGroups/rg-app-prod-003/providers/Microsoft.Network/azureFirewalls/res00786,res00786,Azure Firewall,Networking,Data Processed,germanywestcentral,Usage,213.5244,1 GB,47.421,USD
2026-06-15,00000000-0000-0000-0000-000000000008,sub-apps-online,rg-monitoring-hub-004,/subscriptions/00000000-0000-0000-0000-000000000008/resourceGroups/rg-monitoring-hub-004/providers/Microsoft.Sql/managedInstances/res00704,res00704,Azure SQL Managed Instance,Databases,vCore BC,uksouth,Usage,80.2938,1 GB,178.3105,USD
2026-06-15,00000000-0000-0000-0000-000000000005,sub-data-dev,rg-monitoring-prod-002,/subscriptions/00000000-0000-0000-0000-000000000005/resourceGroups/rg-monitoring-prod-002/providers/Microsoft.ContainerRegistry/registries/res00397,res00397,Container Registry,Containers,Storage,francecentral,Usage,47.9243,1 Hour,24.8363,USD
2026-06-15,00000000-0000-0000-0000-000000000002,sub-platform-dev,rg-app-dev-001,/subscriptions/00000000-0000-0000-0000-000000000002/resourceGroups/rg-app-dev-001/providers/Microsoft.Network/bandwidth/res00959,res00959,Bandwidth,Networking,Inter-Region,northeurope,Usage,150.3326,1 Unit,8.7489,USD
2026-06-15,00000000-0000-0000-0000-000000000003,sub-platform-test,rg-backup-dev-001,/subscriptions/00000000-0000-0000-0000-000000000003/resourceGroups/rg-backup-dev-001/providers/Microsoft.Storage/storageAccounts/res00099,res00099,Storage,Storage,Standard Page Blob,francecentral,Usage,85.425,1 Unit,60.1978,USD
2026-06-15,00000000-0000-0000-0000-000000000009,sub-apps-corp,rg-data-dev-004,/subscriptions/00000000-0000-0000-0000-000000000009/resourceGroups/rg-data-dev-004/providers/Microsoft.Web/sites/res00161,res00161,Azure Functions,Compute,Total Executions,uksouth,Usage,51.7103,1M Operations,4.4794,USD
2026-06-15,00000000-0000-0000-0000-000000000008,sub-apps-online,rg-app-hub-002,/subscriptions/00000000-0000-0000-0000-000000000008/resourceGroups/rg-app-hub-002/providers/Microsoft.Network/loadBalancers/res00518,res00518,Load Balancer,Networking,Standard Rules,swedencentral,Usage,100.9662,100 Hours,2.3486,USD
2026-06-15,00000000-0000-0000-0000-000000000011,sub-management,rg-network-dev-003,/subscriptions/00000000-0000-0000-0000-000000000011/resourceGroups/rg-network-dev-003/providers/Microsoft.Sql/servers/databases/res01219,res01219,Azure SQL Database,Databases,vCore Gen5,global,Usage,233.4938,1 Hour,18.9767,USD
2026-06-15,00000000-0000-0000-0000-000000000004,sub-data-prod,rg-network-corp-001,/subscriptions/00000000-0000-0000-0000-000000000004/resourceGroups/rg-network-corp-001/providers/Microsoft.Network/virtualNetworks/res01020,res01020,Virtual Network,Networking,Data Transfer Out,northeurope,Usage,55.9946,1M Operations,2.4066,USD
2026-06-15,00000000-0000-0000-0000-000000000002,sub-platform-dev,rg-app-corp-003,/subscriptions/00000000-0000-0000-0000-000000000002/resourceGroups/rg-app-corp-003/providers/Microsoft.Network/applicationGateways/res01325,res01325,Application Gateway,Networking,Capacity Unit,germanywestcentral,Usage,45.0931,1 GB/Month,26.9591,USD
2026-06-15,00000000-0000-0000-0000-000000000009,sub-apps-corp,rg-monitoring-corp-001,/subscriptions/00000000-0000-0000-0000-000000000009/resourceGroups/rg-monitoring-corp-001/providers/Microsoft.Network/loadBalancers/res01917,res01917,Load Balancer,Networking,Data Processed,northeurope,Usage,117.3126,1 GB/Month,3.9679,USD
2026-06-15,00000000-0000-0000-0000-000000000002,sub-platform-dev,rg-app-prod-003,/subscriptions/00000000-0000-0000-0000-000000000002/resourceGroups/rg-app-prod-003/providers/Microsoft.Web/sites/res00130,res00130,Azure Functions,Compute,Total Executions,uksouth,Usage,138.8554,10 GB,7.4178,USD
2026-06-15,00000000-0000-0000-0000-000000000006,sub-network-hub,rg-app-dev-003,/subscriptions/00000000-0000-0000-0000-000000000006/resourceGroups/rg-app-dev-003/providers/Microsoft.Insights/components/res01659,res01659,Azure Monitor,Management and Governance,Alerts,northeurope,Usage,126.1194,1M Operations,8.0218,USD
2026-06-15,00000000-0000-0000-0000-000000000011,sub-management,rg-app-prod-003,/subscriptions/00000000-0000-0000-0000-000000000011/resourceGroups/rg-app-prod-003/providers/Microsoft.Web/sites/res00756,res00756,Azure App Service,Compute,P1v3,northeurope,Usage,64.8047,1M Operations,19.8431,USD
2026-06-15,00000000-0000-0000-0000-000000000009,sub-apps-corp,rg-security-hub-004,/subscriptions/00000000-0000-0000-0000-000000000009/resourceGroups/rg-security-hub-004/providers/Microsoft.Network/bandwidth/res01071,res01071,Bandwidth,Networking,Data Transfer Out - Zone 1,global,Usage,183.7529,1 GB,11.7026,USD
